player_id,player_name,player_team,position,handedness,height_weight,dob,debut,contract,jersey_numbers,photo_link
abramcj01,"CJ Abrams","Team: Washington Nationals (majors)","Positions: Shortstop and Second Baseman",Bats: Left  •  Throws: Right,"6-0, 191lb (183cm, 86kg)","Born: October 3, 2000 (Age: 26-003d) in Alpharetta, GA us","Debut:
    
    April 8, 2022
    
    (Age 21-187d,
    22,496th in major league history)
       vs. ARI 4 AB, 0 H, 0 HR, 0 RBI, 0 SB
    
  ","undefined",77-5,"https://www.baseball-reference.com/req/2025011210/images/headshots/6/659f674e_mlbam.jpg"
abreuwi02,"Wilyer Abreu","Team: Boston Red Sox (majors)","Position: Rightfielder",Bats: Left  •  Throws: Left,"5-10, 215lb (178cm, 97kg)","Born: June 24, 1999 (Age: 27-104d) in Maracaibo, Venezuela ve","Debut: August 22, 2023 (Age 24-059d, 22,996th in major league history)
   vs. HOU 3 AB, 2 H, 0 HR, 0 RBI, 0 SB","2026 Contract Status: Pre-Arb Eligible",52,"https://www.baseball-reference.com/req/2025011210/images/headshots/8/832a7134_mlbam.jpg"
acunajo01,"Luisangel Acuña","Team: Chicago White Sox (majors)","Positions: Shortstop, Second Baseman and Centerfielder",Bats: Right  •  Throws: Right,"5-7, 181lb (170cm, 82kg)","Born: March 12, 2002 (Age: 24-208d) in Caracas, Venezuela ve","Debut: September 14, 2024 (Age 22-186d, 23,295th in major league history)
   vs. PHI 4 AB, 2 H, 0 HR, 0 RBI, 0 SB","2026 Contract Status: Pre-Arb Eligible",2-0,"https://www.baseball-reference.com/req/2025011210/images/headshots/a/a36b116c_mlbam.jpg"
acunaro01,"Ronald Acuña Jr.","Team: Atlanta Braves (majors)","Position: Rightfielder",Bats: Right  •  Throws: Right,"6-0, 205lb (183cm, 92kg)","Born: December 18, 1997 (Age: 28-292d) in La Guaira, Venezuela ve","Debut: April 25, 2018 (Age 20-128d, 21,553rd in major league history)
   vs. CIN 5 AB, 1 H, 0 HR, 0 RBI, 0 SB","2026 Contract Status: Signed thru 2026, 8 yrs/$100M (19-26) & 27-28 team option",13,"https://www.baseball-reference.com/req/2025011210/images/headshots/c/cc15ccfa_mlbam.jpg"
adamewi01,"Willy Adames","Team: San Francisco Giants (majors, 10-day IL)","Position: Shortstop",Bats: Right  •  Throws: Right,"6-0, 216lb (183cm, 97kg)","Born: September 2, 1995 (Age: 31-034d) in Santiago, Dominican Republic do","Debut: May 22, 2018 (Age 22-262d, 21,583rd in major league history)
   vs. BOS 4 AB, 1 H, 1 HR, 1 RBI, 0 SB","2026 Contract Status: Signed thru 2031, 7 yrs/$182M (25-31)",1-27-2,"https://www.baseball-reference.com/req/2025011210/images/headshots/c/c774cc57_mlbam.jpg"
adelljo01,"Jo Adell","Team: Cleveland Guardians (majors)","Position: Outfielder",Bats: Right  •  Throws: Right,"6-2, 215lb (188cm, 97kg)","Born: April 8, 1999 (Age: 27-181d) in Shelby, NC us","Debut: August 4, 2020 (Age 21-118d, 22,081st in major league history)
   vs. SEA 4 AB, 1 H, 0 HR, 0 RBI, 0 SB","2026 Contract Status: Signed thru 2026, 1 yr/$5.2M (26)",59-7-7,"https://www.baseball-reference.com/req/2025011210/images/headshots/9/98252b93_mlbam.jpg"
albieoz01,"Ozzie Albies","Team: Atlanta Braves (majors)","Position: Second Baseman",Bats: Both  •  Throws: Right,"5-7, 165lb (170cm, 74kg)","Born: January 7, 1997 (Age: 29-272d) in Willemstad, Curacao cw","Debut: August 1, 2017 (Age 20-206d, 21,413th in major league history)
   vs. LAD 2 AB, 0 H, 0 HR, 0 RBI, 0 SB","2026 Contract Status: Free Agent",1-1,"https://www.baseball-reference.com/req/2025011210/images/headshots/1/1f8df31a_mlbam.jpg"
alcanke01,"Kevin Alcántara","Team: Chicago Cubs (minors, 40-man)","Positions: Outfielder and Designated Hitter",Bats: Right  •  Throws: Right,"6-6, 188lb (198cm, 85kg)","Born: July 12, 2002 (Age: 24-086d) in Santo Domingo, Dominican Republic do","Debut: September 25, 2024 (Age 22-075d, 23,301st in major league history)
   vs. PHI 4 AB, 1 H, 0 HR, 0 RBI, 0 SB","2026 Contract Status: Pre-Arb Eligible",13,"https://www.baseball-reference.com/req/2025011210/images/headshots/4/44e79a46_mlbam.jpg"
alexabl01,"Blaze Alexander","Team: Baltimore Orioles (majors, 10-day IL)","Positions: Third Baseman, Second Baseman and Shortstop",Bats: Right  •  Throws: Right,"5-11, 200lb (180cm, 90kg)","Born: June 11, 1999 (Age: 27-117d) in Cape Coral, FL us","Debut: March 28, 2024 (Age 24-291d, 23,057th in major league history)
   vs. COL 5 AB, 2 H, 0 HR, 1 RBI, 0 SB","2026 Contract Status: Pre-Arb Eligible",9-23,"https://www.baseball-reference.com/req/2025011210/images/headshots/1/1cb9035e_mlbam.jpg"
alfonel02,"Eliezer Alfonzo","Team: Los Angeles Dodgers (minors, 40-man)","Position: Catcher",Bats: Both  •  Throws: Right,"5-10, 155lb (178cm, 70kg)","Born: September 23, 1999 (Age: 27-013d) in Barcelona, Venezuela ve","Debut: July 5, 2026 (Age 26-285d, 23,705th in major league history)","2026 Contract Status: Not Updated",64,"https://www.baseball-reference.com/req/2025011210/images/headshots/3/3284acff_mlbam.jpg"
allenni02,"Nick Allen","Team: Houston Astros (majors)","Positions: Shortstop, Second Baseman and Third Baseman",Bats: Right  •  Throws: Right,"5-7, 166lb (170cm, 75kg)","Born: October 8, 1998 (Age: 27-363d) in San Diego, CA us","Debut: April 19, 2022 (Age 23-193d, 22,538th in major league history)
   vs. BAL 3 AB, 0 H, 0 HR, 0 RBI, 0 SB","2026 Contract Status: Signed thru 2026, 1 yr/$1.4M (26)",2-10-2-20,"https://www.baseball-reference.com/req/2025011210/images/headshots/f/f530d51c_mlbam.jpg"
alonspe01,"Pete Alonso","Team: Baltimore Orioles (majors)","Position: First Baseman",Bats: Right  •  Throws: Right,"6-3, 245lb (190cm, 111kg)","Born: December 7, 1994 (Age: 31-303d) in Tampa, FL us","Debut: March 28, 2019 (Age 24-111d, 21,754th in major league history)
   vs. WSN 4 AB, 1 H, 0 HR, 0 RBI, 0 SB","2026 Contract Status: Signed thru 2030, 5 yrs/$155M (26-30)",20-25,"https://www.baseball-reference.com/req/2025011210/images/headshots/e/e4bd060e_mlbam.jpg"
altuvjo01,"Jose Altuve","Team: Houston Astros (majors)","Position: Second Baseman",Bats: Right  •  Throws: Right,"5-6, 167lb (168cm, 75kg)","Born: May 6, 1990 (Age: 36-153d) in Puerto Cabello, Venezuela ve","Debut: July 20, 2011 (Age 21-075d, 19,947th in major league history)
   vs. WSN 5 AB, 1 H, 0 HR, 0 RBI, 0 SB","2026 Contract Status: Signed thru 2029, 5 yrs/$125M (25-29)",27-27,"https://www.baseball-reference.com/req/2025011210/images/headshots/f/f0e8fd62_mlbam.jpg"
alvarfr01,"Francisco Alvarez","Team: New York Mets (majors)","Position: Catcher",Bats: Right  •  Throws: Right,"5-10, 233lb (178cm, 105kg)","Born: November 19, 2001 (Age: 24-321d) in Guatire, Venezuela ve","Debut: September 30, 2022 (Age 20-315d, 22,781st in major league history)
   vs. ATL 4 AB, 0 H, 0 HR, 0 RBI, 0 SB","2026 Contract Status: Signed thru 2026, 1 yr/$2.4M (26)",50-4,"https://www.baseball-reference.com/req/2025011210/images/headshots/7/7322c14f_mlbam.jpg"
alvaryo01,"Yordan Alvarez","Team: Houston Astros (majors)","Positions: Designated Hitter and Leftfielder",Bats: Left  •  Throws: Right,"6-4, 237lb (193cm, 107kg)","Born: June 27, 1997 (Age: 29-101d) in Las Tunas, Cuba cu","Debut: June 9, 2019 (Age 21-347d, 21,870th in major league history)
   vs. BAL 3 AB, 1 H, 1 HR, 2 RBI, 0 SB","2026 Contract Status: Signed thru 2028, 6 yrs/$115M (23-28)",44,"https://www.baseball-reference.com/req/2025011210/images/headshots/6/6abe077d_mlbam.jpg"
amadoad01,"Adael Amador","Team: Colorado Rockies (majors)","Position: Second Baseman",Bats: Both  •  Throws: Right,"5-11, 209lb (180cm, 94kg)","Born: April 11, 2003 (Age: 23-178d) in Santo Domingo, Dominican Republic do","Debut: June 9, 2024 (Age 21-059d, 23,164th in major league history)
   vs. STL 3 AB, 1 H, 0 HR, 0 RBI, 1 SB","2026 Contract Status: Pre-Arb Eligible",1,"https://www.baseball-reference.com/req/2025011210/images/headshots/9/96b67868_mlbam.jpg"
amayami01,"Miguel Amaya","Team: Chicago Cubs (majors)","Position: Catcher",Bats: Right  •  Throws: Right,"6-1, 230lb (185cm, 104kg)","Born: March 9, 1999 (Age: 27-211d) in Chitre, Panama pa","Debut: May 4, 2023 (Age 24-056d, 22,854th in major league history)
   vs. WSN 2 AB, 0 H, 0 HR, 1 RBI, 0 SB","2026 Contract Status: Pre-Arb Eligible",6-9,"https://www.baseball-reference.com/req/2025011210/images/headshots/2/2dd2ecf2_mlbam.jpg"
andujmi01,"Miguel Andujar","Team: San Diego Padres (majors, 10-day IL)","Positions: Third Baseman, Leftfielder and Designated Hitter",Bats: Right  •  Throws: Right,"6-0, 211lb (183cm, 95kg)","Born: March 2, 1995 (Age: 31-218d) in San Cristobal, Dominican Republic do","Debut: June 28, 2017 (Age 22-118d, 21,372nd in major league history)
   vs. CHW 4 AB, 3 H, 0 HR, 4 RBI, 1 SB","2026 Contract Status: Signed thru 2026, 1 yr/$4M (26) & 27 mutual option",67-41-26-22-38-41,"https://www.baseball-reference.com/req/2025011210/images/headshots/1/199bb60b_mlbam.jpg"
anthoro01,"Roman Anthony","Team: Boston Red Sox (majors)","Positions: Outfielder and Designated Hitter",Bats: Left  •  Throws: Right,"6-3, 200lb (190cm, 90kg)","Born: May 13, 2004 (Age: 22-146d) in West Palm Beach, FL us","Debut: June 9, 2025 (Age 21-027d, 23,436th in major league history)
   vs. TBR 4 AB, 0 H, 0 HR, 1 RBI, 0 SB","2026 Contract Status: Signed thru 2033, 9 yrs/$130.46M (25-33) & 34 team option",48-19,"https://www.baseball-reference.com/req/2025011210/images/headshots/1/19ca305a_mlbam.jpg"
antonsa01,"Sam Antonacci","Team: Chicago White Sox (majors)","Positions: Leftfielder and Second Baseman",Bats: Left  •  Throws: Right,"5-11, 193lb (180cm, 87kg)","Born: February 6, 2003 (Age: 23-242d) in Springfield, IL us","Debut: April 15, 2026 (Age 23-068d, 23,587th in major league history)","2026 Contract Status: Not Updated",17,"https://www.baseball-reference.com/req/2025011210/images/headshots/4/41fa00af_mlbam.jpg"
arandjo01,"Jonathan Aranda","Team: Tampa Bay Rays (majors)","Positions: First Baseman and Second Baseman",Bats: Left  •  Throws: Right,"6-0, 215lb (183cm, 97kg)","Born: May 23, 1998 (Age: 28-136d) in Tijuana, Mexico mx","Debut: June 24, 2022 (Age 24-032d, 22,651st in major league history)
   vs. PIT 2 AB, 1 H, 0 HR, 1 RBI, 0 SB","2026 Contract Status: Pre-Arb Eligible",62-8,"https://www.baseball-reference.com/req/2025011210/images/headshots/c/c24d328e_mlbam.jpg"
arciaor01,"Orlando Arcia","Team: Cincinnati Reds (minors)","Positions: Shortstop and Second Baseman",Bats: Right  •  Throws: Right,"5-11, 187lb (180cm, 84kg)","Born: August 4, 1994 (Age: 32-063d) in Anaco, Venezuela ve","Debut: August 2, 2016 (Age 21-364d, 21,145th in major league history)
   vs. SDP 4 AB, 0 H, 0 HR, 0 RBI, 0 SB","2026 Contract Status: Free Agent",3-3-9-11-11-8-11,"https://www.baseball-reference.com/req/2025011210/images/headshots/2/2928af2b_mlbam.jpg"
arenano01,"Nolan Arenado","Team: Arizona Diamondbacks (majors)","Position: Third Baseman",Bats: Right  •  Throws: Right,"6-2, 215lb (188cm, 97kg)","Born: April 16, 1991 (Age: 35-173d) in Newport Beach, CA us","Debut: April 28, 2013 (Age 22-012d, 20,310th in major league history)
   vs. ARI 3 AB, 0 H, 0 HR, 0 RBI, 0 SB","2026 Contract Status: Signed thru 2027, 9 yrs/$275M (19-27)",28-28-28-28,"https://www.baseball-reference.com/req/2025011210/images/headshots/4/4009314f_mlbam.jpg"
ariasga01,"Gabriel Arias","Team: Chicago Cubs (majors)","Positions: Shortstop, Third Baseman and First Baseman",Bats: Right  •  Throws: Right,"6-1, 217lb (185cm, 98kg)","Born: February 27, 2000 (Age: 26-221d) in La Victoria, Venezuela ve","Debut: April 20, 2022 (Age 22-052d, 22,540th in major league history)
   vs. CHW 4 AB, 0 H, 0 HR, 1 RBI, 0 SB","2026 Contract Status: Pre-Arb Eligible",8-13-25-43,"https://www.baseball-reference.com/req/2025011210/images/headshots/8/8a8f1711_mlbam.jpg"
arozara01,"Randy Arozarena","Team: Seattle Mariners (majors)","Position: Leftfielder",Bats: Right  •  Throws: Right,"5-10, 185lb (178cm, 83kg)","Born: February 28, 1995 (Age: 31-220d) in Mantua, Cuba cu","Debut: August 14, 2019 (Age 24-167d, 21,955th in major league history)
   vs. KCR 4 AB, 2 H, 0 HR, 1 RBI, 0 SB","2026 Contract Status: Signed thru 2026, 1 yr/$15.65M (26)",66-56-56,"https://www.baseball-reference.com/req/2025011210/images/headshots/d/d3eebd0c_mlbam.jpg"
arraelu01,"Luis Arraez","Team: Philadelphia Phillies (majors)","Positions: Second Baseman, First Baseman and Third Baseman",Bats: Left  •  Throws: Right,"5-10, 186lb (178cm, 84kg)","Born: April 9, 1997 (Age: 29-180d) in San Felipe, Venezuela ve","Debut: May 18, 2019 (Age 22-039d, 21,836th in major league history)
   vs. SEA 2 AB, 1 H, 0 HR, 0 RBI, 0 SB","2026 Contract Status: Signed thru 2026, 1 yr/$12M (26)",2-3-4-1-4,"https://www.baseball-reference.com/req/2025011210/images/headshots/1/136fd76e_mlbam.jpg"
arroyed01,"Edwin Arroyo","Team: Cincinnati Reds (minors, 40-man)","Positions: Second Baseman, Third Baseman and Shortstop",Bats: Both  •  Throws: Right,"5-11, 173lb (180cm, 78kg)","Born: August 25, 2003 (Age: 23-042d) in Arecibo, Puerto Rico pr","Debut: June 1, 2026 (Age 22-280d, 23,660th in major league history)","2026 Contract Status: Not Updated",2,"https://www.baseball-reference.com/req/2025011210/images/headshots/5/5e9e3630_mlbam.jpg"
arroymi01,"Michael Arroyo","Team: Seattle Mariners (majors)","Positions: Second Baseman, Pinch Hitter and Leftfielder",Bats: Right  •  Throws: Right,"5-10, 160lb (178cm, 72kg)","Born: November 3, 2004 (Age: 21-337d) in Cartagena, Colombia co","Debut: September 6, 2026 (Age 21-307d, 23,791st in major league history)","2026 Contract Status: Not Updated",96,"https://www.baseball-reference.com/req/2025011210/images/headshots/e/e4ab67ba_mlbam.jpg"
azocajo01,"José Azócar","Team: Atlanta Braves (minors)","Position: Outfielder",Bats: Right  •  Throws: Right,"5-11, 181lb (180cm, 82kg)","Born: May 11, 1996 (Age: 30-148d) in Guiria, Venezuela ve","Debut: April 7, 2022 (Age 25-331d, 22,488th in major league history)
   vs. ARI 0 AB, 0 H, 0 HR, 0 RBI, 0 SB","2026 Contract Status: Not Updated",28-28-18-38,"https://www.baseball-reference.com/req/2025011210/images/headshots/9/94ed96a5_mlbam.jpg"
baderha01,"Harrison Bader","Team: San Francisco Giants (majors, 60-day IL)","Position: Centerfielder",Bats: Right  •  Throws: Right,"5-11, 219lb (180cm, 99kg)","Born: June 3, 1994 (Age: 32-125d) in Bronxville, NY us","Debut: July 25, 2017 (Age 23-052d, 21,401st in major league history)
   vs. COL 4 AB, 1 H, 0 HR, 0 RBI, 0 SB","2026 Contract Status: Signed thru 2027, 2 yrs/$20.5M (26-27)",48-22-4-44-12-2-9,"https://www.baseball-reference.com/req/2025011210/images/headshots/9/99392937_mlbam.jpg"
baeji01,"Jihwan Bae","Team: Milwaukee Brewers (minors, 60-day IL)","Positions: Centerfielder and Second Baseman",Bats: Left  •  Throws: Right,"5-11, 185lb (180cm, 83kg)","Born: July 26, 1999 (Age: 27-072d) in Daegu, South Korea kr","Debut: September 23, 2022 (Age 23-059d, 22,777th in major league history)
   vs. CHC 3 AB, 1 H, 0 HR, 0 RBI, 2 SB","2026 Contract Status: Pre-Arb Eligible",71-3-0,"https://www.baseball-reference.com/req/2025011210/images/headshots/b/bfb49cfd_mlbam.jpg"
baezja01,"Javier Báez","Team: Detroit Tigers (majors)","Positions: Shortstop, Second Baseman and Third Baseman",Bats: Right  •  Throws: Right,"5-11, 190lb (180cm, 86kg)","Born: December 1, 1992 (Age: 33-309d) in Bayamon, Puerto Rico pr","Debut: August 5, 2014 (Age 21-247d, 20,651st in major league history)
   vs. COL 6 AB, 1 H, 1 HR, 1 RBI, 0 SB","2026 Contract Status: Signed thru 2027, 6 yrs/$140M (22-27)",9-23-28,"https://www.baseball-reference.com/req/2025011210/images/headshots/c/c8fba9da_mlbam.jpg"
baezjo02,"Joshua Báez","Team: St. Louis Cardinals (majors, 10-day IL)","Position: Leftfielder",Bats: Right  •  Throws: Right,"6-3, 220lb (190cm, 99kg)","Born: June 28, 2003 (Age: 23-100d) in Boston, MA us","Debut: August 15, 2026 (Age 23-048d, 23,754th in major league history)","2026 Contract Status: Not Updated",22,"https://www.baseball-reference.com/req/2025011210/images/headshots/f/f4cfa016_mlbam.jpg"
bailepa01,"Patrick Bailey","Team: Cleveland Guardians (majors)","Position: Catcher",Bats: Both  •  Throws: Right,"6-0, 223lb (183cm, 101kg)","Born: May 29, 1999 (Age: 27-130d) in Greensboro, NC us","Debut: May 19, 2023 (Age 23-355d, 22,871st in major league history)
   vs. MIA 0 AB, 0 H, 0 HR, 0 RBI, 0 SB","2026 Contract Status: Pre-Arb Eligible",14-16,"https://www.baseball-reference.com/req/2025011210/images/headshots/5/53331867_mlbam.jpg"
bakerlu01,"Luken Baker","undefined","Positions: Designated Hitter, Pinch Hitter and First Baseman",Bats: Right  •  Throws: Right,"6-4, 285lb (193cm, 129kg)","Born: March 10, 1997 (Age: 29-210d) in Houston, TX us","Debut: June 4, 2023 (Age 26-086d, 22,888th in major league history)
   vs. PIT 4 AB, 2 H, 0 HR, 0 RBI, 0 SB","2026 Contract Status: Not Updated",26-21,"https://www.baseball-reference.com/req/2025011210/images/headshots/d/df27aef1_mlbam.jpg"
baldwdr01,"Drake Baldwin","Team: Atlanta Braves (majors)","Positions: Catcher and Designated Hitter",Bats: Left  •  Throws: Right,"6-0, 225lb (183cm, 102kg)","Born: March 28, 2001 (Age: 25-192d) in Madison, WI us","Debut: March 27, 2025 (Age 23-364d, 23,310th in major league history)
   vs. SDP 3 AB, 0 H, 0 HR, 0 RBI, 0 SB","2026 Contract Status: Pre-Arb Eligible",30,"https://www.baseball-reference.com/req/2025011210/images/headshots/5/58b158bc_mlbam.jpg"
ballemo01,"Moisés Ballesteros","Team: Los Angeles Angels (majors)","Positions: Designated Hitter, Catcher and First Baseman",Bats: Left  •  Throws: Right,"5-8, 195lb (173cm, 88kg)","Born: November 8, 2003 (Age: 22-332d) in Los Teques, Venezuela ve","Debut: May 13, 2025 (Age 21-186d, 23,397th in major league history)
   vs. MIA 4 AB, 0 H, 0 HR, 0 RBI, 0 SB","2026 Contract Status: Pre-Arb Eligible",25-13,"https://www.baseball-reference.com/req/2025011210/images/headshots/a/add8e013_mlbam.jpg"
bandusc01,"Scott Bandura","Team: San Francisco Giants (majors)","Position: Outfielder",Bats: Left  •  Throws: Right,"6-3, 190lb (190cm, 86kg)","Born: August 2, 2001 (Age: 25-065d) in Philadelphia, PA us","Debut: September 13, 2026 (Age 25-042d, 23,797th in major league history)","2026 Contract Status: Not Updated",91,"https://www.baseball-reference.com/req/2025011210/images/headshots/d/d2bbd029_milb.jpg"
banfiwi01,"Will Banfield","Team: Cincinnati Reds (majors)","Position: Catcher",Bats: Right  •  Throws: Right,"6-0, 215lb (183cm, 97kg)","Born: November 18, 1999 (Age: 26-322d) in Lawrenceville, GA us","Debut: August 23, 2025 (Age 25-278d, 23,509th in major league history)
   vs. ARI 0 AB, 0 H, 0 HR, 0 RBI, 0 SB","2026 Contract Status: Pre-Arb Eligible",49-60,"https://www.baseball-reference.com/req/2025011210/images/headshots/9/99641884_mlbam.jpg"
bargead01,"Addison Barger","Team: Toronto Blue Jays (majors, 60-day IL)","Positions: Third Baseman and Rightfielder",Bats: Left  •  Throws: Right,"5-11, 210lb (180cm, 95kg)","Born: November 12, 1999 (Age: 26-328d) in Bellevue, WA us","Debut: April 24, 2024 (Age 24-164d, 23,114th in major league history)
   vs. KCR 4 AB, 0 H, 0 HR, 0 RBI, 0 SB","2026 Contract Status: Pre-Arb Eligible",47,"https://www.baseball-reference.com/req/2025011210/images/headshots/1/1e5969a9_mlbam.jpg"
barrojo01,"Jorge Barrosa","Team: Houston Astros (majors)","Position: Outfielder",Bats: Both  •  Throws: Left,"5-6, 175lb (168cm, 79kg)","Born: February 17, 2001 (Age: 25-231d) in Puerto Cabello, Venezuela ve","Debut: April 1, 2024 (Age 23-044d, 23,082nd in major league history)
   vs. NYY 1 AB, 1 H, 0 HR, 0 RBI, 0 SB","2026 Contract Status: Pre-Arb Eligible",1-14,"https://www.baseball-reference.com/req/2025011210/images/headshots/4/45947072_mlbam.jpg"
bartjo01,"Joey Bart","Team: Chicago White Sox (majors, 10-day IL)","Position: Catcher",Bats: Right  •  Throws: Right,"6-2, 242lb (188cm, 109kg)","Born: December 15, 1996 (Age: 29-295d) in Buford, GA us","Debut: August 20, 2020 (Age 23-249d, 22,134th in major league history)
   vs. LAA 4 AB, 1 H, 0 HR, 0 RBI, 0 SB","2026 Contract Status: Signed thru 2026, 1 yr/$2.53M (26)",21-60-14-16-25,"https://www.baseball-reference.com/req/2025011210/images/headshots/c/c9f82b44_mlbam.jpg"
basabos01,"Osleivis Basabe","Team: San Francisco Giants (majors)","Positions: Second Baseman, Shortstop and Third Baseman",Bats: Right  •  Throws: Right,"5-11, 197lb (180cm, 89kg)","Born: September 13, 2000 (Age: 26-023d) in Bobures, Venezuela ve","Debut: August 13, 2023 (Age 22-334d, 22,986th in major league history)
   vs. CLE 3 AB, 1 H, 0 HR, 0 RBI, 0 SB","2026 Contract Status: Not Updated",37-39,"https://www.baseball-reference.com/req/2025011210/images/headshots/7/7c97331e_mlbam.jpg"
basalsa01,"Samuel Basallo","Team: Baltimore Orioles (majors, 7-day IL)","Positions: Catcher, Designated Hitter and First Baseman",Bats: Left  •  Throws: Right,"6-4, 250lb (193cm, 113kg)","Born: August 13, 2004 (Age: 22-054d) in Santo Domingo, Dominican Republic do","Debut: August 17, 2025 (Age 21-004d, 23,499th in major league history)
   vs. HOU 4 AB, 1 H, 0 HR, 2 RBI, 0 SB","2026 Contract Status: Signed thru 2033, 8 yrs/$67M (26-33) & 34 team option",29,"https://www.baseball-reference.com/req/2025011210/images/headshots/d/d87d9daf_mlbam.jpg"
batembr01,"Brett Bateman","Team: Toronto Blue Jays (majors)","Position: Centerfielder",Bats: Left  •  Throws: Left,"5-10, 170lb (178cm, 77kg)","Born: March 19, 2002 (Age: 24-201d) in St. Paul, MN us","Debut: August 7, 2026 (Age 24-141d, 23,744th in major league history)","2026 Contract Status: Not Updated",21,"https://www.baseball-reference.com/req/2025011210/images/headshots/2/266cfaba_mlbam.jpg"
batybr01,"Brett Baty","Team: New York Mets (majors)","Positions: Third Baseman, Second Baseman and Rightfielder",Bats: Left  •  Throws: Right,"6-3, 210lb (190cm, 95kg)","Born: November 13, 1999 (Age: 26-327d) in Austin, TX us","Debut: August 17, 2022 (Age 22-277d, 22,710th in major league history)
   vs. ATL 4 AB, 1 H, 1 HR, 2 RBI, 0 SB","2026 Contract Status: Pre-Arb Eligible",22-7,"https://www.baseball-reference.com/req/2025011210/images/headshots/d/de5e1284_mlbam.jpg"
bauerja01,"Jake Bauers","Team: Milwaukee Brewers (majors)","Positions: First Baseman and Outfielder",Bats: Left  •  Throws: Left,"6-0, 216lb (183cm, 97kg)","Born: October 6, 1995 (Age: 31-000d) in Newport Beach, CA us","Debut: June 7, 2018 (Age 22-244d, 21,608th in major league history)
   vs. SEA 4 AB, 0 H, 0 HR, 0 RBI, 0 SB","2026 Contract Status: Signed thru 2026, 1 yr/$2.7M (26)",9-10-5-61-9,"https://www.baseball-reference.com/req/2025011210/images/headshots/9/9ad51ee7_mlbam.jpg"
bazzatr01,"Travis Bazzana","Team: Cleveland Guardians (majors)","Position: Second Baseman",Bats: Left  •  Throws: Right,"5-11, 199lb (180cm, 90kg)","Born: August 28, 2002 (Age: 24-039d) in Hornsby, Australia au","Debut: April 28, 2026 (Age 23-243d, 23,606th in major league history)","2026 Contract Status: Not Updated",37,"https://www.baseball-reference.com/req/2025011210/images/headshots/8/8435ac1d_mlbam.jpg"
beavedy01,"Dylan Beavers","Team: Baltimore Orioles (majors)","Position: Outfielder",Bats: Left  •  Throws: Right,"6-5, 220lb (196cm, 99kg)","Born: August 11, 2001 (Age: 25-056d) in San Luis Obispo, CA us","Debut: August 16, 2025 (Age 24-005d, 23,497th in major league history)
   vs. HOU 5 AB, 1 H, 0 HR, 0 RBI, 0 SB","2026 Contract Status: Pre-Arb Eligible",12,"https://www.baseball-reference.com/req/2025011210/images/headshots/f/f0192a4b_mlbam.jpg"
beckjo01,"Jordan Beck","Team: Colorado Rockies (majors)","Position: Leftfielder",Bats: Right  •  Throws: Right,"6-2, 227lb (188cm, 102kg)","Born: April 19, 2001 (Age: 25-170d) in Hazel Green, AL us","Debut: April 30, 2024 (Age 23-011d, 23,120th in major league history)
   vs. MIA 4 AB, 2 H, 0 HR, 0 RBI, 0 SB","2026 Contract Status: Pre-Arb Eligible",27,"https://www.baseball-reference.com/req/2025011210/images/headshots/f/f76957f5_mlbam.jpg"
bellico01,"Cody Bellinger","Team: New York Yankees (majors)","Positions: Outfielder and First Baseman",Bats: Left  •  Throws: Left,"6-3, 204lb (190cm, 92kg)","Born: July 13, 1995 (Age: 31-085d) in Scottsdale, AZ us","Debut: April 25, 2017 (Age 21-286d, 21,283rd in major league history)
   vs. SFG 3 AB, 1 H, 0 HR, 0 RBI, 0 SB","2026 Contract Status: Signed thru 2030, 5 yrs/$162.5M (26-30)",35-24-35,"https://www.baseball-reference.com/req/2025011210/images/headshots/3/32775691_mlbam.jpg"
belljo02,"Josh Bell","Team: Minnesota Twins (majors)","Positions: First Baseman and Designated Hitter",Bats: Both  •  Throws: Right,"6-3, 261lb (190cm, 118kg)","Born: August 14, 1992 (Age: 34-053d) in Irving, TX us","Debut: July 8, 2016 (Age 23-329d, 21,120th in major league history)
   vs. CHC 1 AB, 1 H, 0 HR, 0 RBI, 0 SB","2026 Contract Status: Signed thru 2026, 1 yr/$7M (26) & 27 mutual option",55-19-24-55-9-36-56,"https://www.baseball-reference.com/req/2025011210/images/headshots/e/e36fd0ee_mlbam.jpg"
bengeca01,"Carson Benge","Team: New York Mets (majors)","Position: Rightfielder",Bats: Left  •  Throws: Right,"6-1, 184lb (185cm, 83kg)","Born: January 20, 2003 (Age: 23-259d) in Oklahoma City, OK us","Debut: March 26, 2026 (Age 23-065d, 23,550th in major league history)","2026 Contract Status: Not Updated",3,"https://www.baseball-reference.com/req/2025011210/images/headshots/9/9aa2645d_mlbam.jpg"
beninan01,"Andrew Benintendi","Team: Chicago White Sox (majors)","Position: Leftfielder",Bats: Left  •  Throws: Left,"5-9, 185lb (175cm, 83kg)","Born: July 6, 1994 (Age: 32-092d) in Cincinnati, OH us","Debut: August 2, 2016 (Age 22-027d, 21,145th in major league history)
   vs. SEA 2 AB, 0 H, 0 HR, 0 RBI, 0 SB","2026 Contract Status: Signed thru 2027, 5 yrs/$75M (23-27)",40-16-16-18-23,"https://www.baseball-reference.com/req/2025011210/images/headshots/2/2dda886c_mlbam.jpg"
bensowi01,"Will Benson","Team: Cincinnati Reds (minors)","Position: Outfielder",Bats: Left  •  Throws: Left,"6-4, 230lb (193cm, 104kg)","Born: June 16, 1998 (Age: 28-112d) in Atlanta, GA us","Debut: August 1, 2022 (Age 24-046d, 22,689th in major league history)
   vs. ARI 1 AB, 0 H, 0 HR, 0 RBI, 0 SB","2026 Contract Status: Signed thru 2026, 1 yr/$1.73M (26)",29-30,"https://www.baseball-reference.com/req/2025011210/images/headshots/b/b8999127_mlbam.jpg"
bericvi01,"Víctor Bericoto","Team: San Francisco Giants (majors)","Positions: Outfielder and First Baseman",Bats: Right  •  Throws: Right,"6-1, 210lb (185cm, 95kg)","Born: December 3, 2001 (Age: 24-307d) in Maracay, Venezuela ve","Debut: May 22, 2026 (Age 24-170d, 23,639th in major league history)","2026 Contract Status: Not Updated",78,"https://www.baseball-reference.com/req/2025011210/images/headshots/d/dc057518_mlbam.jpg"
bernale01,"Leo Bernal","Team: St. Louis Cardinals (majors)","Positions: Catcher and First Baseman",Bats: Both  •  Throws: Right,"6-0, 245lb (183cm, 111kg)","Born: February 13, 2004 (Age: 22-235d) in Panama, Panama pa","Debut: September 1, 2026 (Age 22-200d, 23,775th in major league history)","2026 Contract Status: Not Updated",13,"https://www.baseball-reference.com/req/2025011210/images/headshots/6/66fa20f6_mlbam.jpg"
berrost01,"Steward Berroa","Team: Philadelphia Phillies (minors)","Position: Outfielder",Bats: Both  •  Throws: Right,"5-9, 193lb (175cm, 87kg)","Born: June 5, 1999 (Age: 27-123d) in Santo Domingo, Dominican Republic do","Debut: June 23, 2024 (Age 25-018d, 23,181st in major league history)
   vs. CLE 0 AB, 0 H, 0 HR, 0 RBI, 0 SB","2026 Contract Status: Pre-Arb Eligible",37-35-39,"https://www.baseball-reference.com/req/2025011210/images/headshots/8/8728c5a5_mlbam.jpg"
bettsmo01,"Mookie Betts","Team: Los Angeles Dodgers (majors)","Positions: Rightfielder, Shortstop and Second Baseman",Bats: Right  •  Throws: Right,"5-9, 180lb (175cm, 81kg)","Born: October 7, 1992 (Age: 33-364d) in Nashville, TN us","Debut: June 29, 2014 (Age 21-265d, 20,614th in major league history)
   vs. NYY 3 AB, 1 H, 0 HR, 0 RBI, 0 SB","2026 Contract Status: Signed thru 2032, 12 yrs/$365M (21-32)",50-50,"https://www.baseball-reference.com/req/2025011210/images/headshots/f/f3a0cc68_mlbam.jpg"
bichebo01,"Bo Bichette","Team: New York Mets (majors)","Positions: Shortstop and Third Baseman",Bats: Right  •  Throws: Right,"5-11, 190lb (180cm, 86kg)","Born: March 5, 1998 (Age: 28-215d) in Orlando, FL us","Debut: July 29, 2019 (Age 21-146d, 21,926th in major league history)
   vs. KCR 4 AB, 1 H, 0 HR, 0 RBI, 0 SB","2026 Contract Status: Signed thru 2026, 1 yr/$52M (26) & 27-28 player option",11-19,"https://www.baseball-reference.com/req/2025011210/images/headshots/e/e9e70aad_mlbam.jpg"
blackty01,"Tyler Black","Team: Milwaukee Brewers (minors, 40-man)","Positions: Designated Hitter, First Baseman and Outfielder",Bats: Left  •  Throws: Right,"6-0, 208lb (183cm, 94kg)","Born: July 26, 2000 (Age: 26-072d) in Toronto, ON, Canada ca","Debut: April 30, 2024 (Age 23-279d, 23,120th in major league history)
   vs. TBR 4 AB, 2 H, 0 HR, 0 RBI, 0 SB","2026 Contract Status: Pre-Arb Eligible",7,"https://www.baseball-reference.com/req/2025011210/images/headshots/1/18a71616_mlbam.jpg"
bledajj01,"JJ Bleday","Team: Cincinnati Reds (majors)","Position: Outfielder",Bats: Left  •  Throws: Left,"6-2, 205lb (188cm, 92kg)","Born: November 10, 1997 (Age: 28-330d) in Danville, PA us","Debut: July 23, 2022 (Age 24-255d, 22,681st in major league history)
   vs. PIT 0 AB, 0 H, 0 HR, 0 RBI, 0 SB","2026 Contract Status: Signed thru 2026, 1 yr/$1.4M (26)",67-33-22,"https://www.baseball-reference.com/req/2025011210/images/headshots/c/c2f7e2c5_mlbam.jpg"
blissry01,"Ryan Bliss","Team: Seattle Mariners (minors, 40-man)","Position: Second Baseman",Bats: Right  •  Throws: Right,"5-7, 165lb (170cm, 74kg)","Born: December 13, 1999 (Age: 26-297d) in Burbank, CA us","Debut: May 27, 2024 (Age 24-166d, 23,144th in major league history)
   vs. HOU 2 AB, 0 H, 0 HR, 0 RBI, 0 SB","2026 Contract Status: Pre-Arb Eligible",1,"https://www.baseball-reference.com/req/2025011210/images/headshots/6/675b5800_mlbam.jpg"
bogaexa01,"Xander Bogaerts","Team: San Diego Padres (majors)","Positions: Shortstop and Second Baseman",Bats: Right  •  Throws: Right,"6-2, 218lb (188cm, 98kg)","Born: October 1, 1992 (Age: 34-005d) in Oranjestad, Aruba aw","Debut: August 20, 2013 (Age 20-323d, 20,441st in major league history)
   vs. SFG 3 AB, 0 H, 0 HR, 0 RBI, 0 SB","2026 Contract Status: Signed thru 2033, 11 yrs/$280M (23-33)",72-2-2,"https://www.baseball-reference.com/req/2025011210/images/headshots/d/dc06acdb_mlbam.jpg"
bohmal01,"Alec Bohm","Team: Philadelphia Phillies (majors)","Positions: Third Baseman and First Baseman",Bats: Right  •  Throws: Right,"6-4, 218lb (193cm, 98kg)","Born: August 3, 1996 (Age: 30-064d) in Omaha, NE us","Debut: August 13, 2020 (Age 24-010d, 22,101st in major league history)
   vs. BAL 4 AB, 1 H, 0 HR, 0 RBI, 0 SB","2026 Contract Status: Signed thru 2026, 1 yr/$10.2M (26)",28,"https://www.baseball-reference.com/req/2025011210/images/headshots/9/99837e34_mlbam.jpg"
boltehe01,"Henry Bolte","Team: Athletics (majors)","Position: Centerfielder",Bats: Right  •  Throws: Right,"6-3, 195lb (190cm, 88kg)","Born: August 4, 2003 (Age: 23-063d) in San Francisco, CA us","Debut: May 13, 2026 (Age 22-282d, 23,630th in major league history)","2026 Contract Status: Not Updated",33,"https://www.baseball-reference.com/req/2025011210/images/headshots/2/21bbc54b_mlbam.jpg"
bowenja01,"Jase Bowen","Team: San Diego Padres (majors)","Position: Outfielder",Bats: Right  •  Throws: Right,"6-0, 215lb (183cm, 97kg)","Born: September 2, 2000 (Age: 26-034d) in Northwood, OH us","Debut: June 2, 2026 (Age 25-273d, 23,662nd in major league history)","2026 Contract Status: Not Updated",4,"https://www.baseball-reference.com/req/2025011210/images/headshots/8/8b9fa3b6_mlbam.jpg"
brannja01,"Jack Brannigan","Team: Pittsburgh Pirates (minors, 40-man)","Positions: Third Baseman and Pinch Hitter",Bats: Right  •  Throws: Right,"6-0, 201lb (183cm, 91kg)","Born: March 11, 2001 (Age: 25-209d) in Chicago, IL us","Debut: July 7, 2026 (Age 25-118d, 23,708th in major league history)","2026 Contract Status: Not Updated",76,"https://www.baseball-reference.com/req/2025011210/images/headshots/8/8eac3bb5_mlbam.jpg"
bregmal01,"Alex Bregman","Team: Chicago Cubs (majors)","Positions: Third Baseman and Shortstop",Bats: Right  •  Throws: Right,"5-10, 190lb (178cm, 86kg)","Born: March 30, 1994 (Age: 32-190d) in Albuquerque, NM us","Debut: July 25, 2016 (Age 22-117d, 21,137th in major league history)
   vs. NYY 4 AB, 0 H, 0 HR, 0 RBI, 0 SB","2026 Contract Status: Signed thru 2030, 5 yrs/$140.03M (26-30)",2-2-3,"https://www.baseball-reference.com/req/2025011210/images/headshots/e/e8c871b0_mlbam.jpg"
brennwi02,"Will Brennan","Team: San Francisco Giants (minors)","Position: Rightfielder",Bats: Left  •  Throws: Left,"5-11, 205lb (180cm, 92kg)","Born: February 2, 1998 (Age: 28-246d) in Colorado Springs, CO us","Debut: September 21, 2022 (Age 24-231d, 22,774th in major league history)
   vs. CHW 4 AB, 2 H, 0 HR, 1 RBI, 0 SB","2026 Contract Status: 1st Year Arb Eligible (Super 2)",63-17-7,"https://www.baseball-reference.com/req/2025011210/images/headshots/a/af9b4c1b_mlbam.jpg"
bridejo01,"Jonah Bride","Team: Texas Rangers (minors)","Positions: Third Baseman, First Baseman and Second Baseman",Bats: Right  •  Throws: Right,"5-11, 200lb (180cm, 90kg)","Born: December 27, 1995 (Age: 30-283d) in Milwaukee, WI us","Debut: June 14, 2022 (Age 26-169d, 22,634th in major league history)
   vs. BOS 3 AB, 0 H, 0 HR, 0 RBI, 0 SB","2026 Contract Status: Not Updated",77-26-41-31-37,"https://www.baseball-reference.com/req/2025011210/images/headshots/9/9b9869ec_mlbam.jpg"
britoju02,"Juan Brito","Team: Cincinnati Reds (majors)","Positions: Second Baseman, Third Baseman and Rightfielder",Bats: Both  •  Throws: Right,"6-0, 202lb (183cm, 91kg)","Born: September 24, 2001 (Age: 25-012d) in Santo Domingo, Dominican Republic do","Debut: April 7, 2026 (Age 24-195d, 23,579th in major league history)","2026 Contract Status: Not Updated",34-46,"https://www.baseball-reference.com/req/2025011210/images/headshots/9/9a0c9c7f_mlbam.jpg"
brujavi01,"Vidal Bruján","Team: New York Mets (minors)","Positions: Second Baseman, Outfielder and Shortstop",Bats: Both  •  Throws: Right,"5-9, 180lb (175cm, 81kg)","Born: February 9, 1998 (Age: 28-239d) in San Pedro de Macoris, Dominican Republic do","Debut: July 7, 2021 (Age 23-148d, 22,379th in major league history)
   vs. CLE 3 AB, 1 H, 0 HR, 1 RBI, 1 SB","2026 Contract Status: Signed thru 2026, 1 yr/$850k (26)",7-17-17-40-17-2,"https://www.baseball-reference.com/req/2025011210/images/headshots/c/c218f6ec_mlbam.jpg"
burgeja01,"Jake Burger","Team: Texas Rangers (majors)","Positions: First Baseman and Third Baseman",Bats: Right  •  Throws: Right,"6-0, 230lb (183cm, 104kg)","Born: April 10, 1996 (Age: 30-179d) in St. Louis, MO us","Debut: July 2, 2021 (Age 25-083d, 22,373rd in major league history)
   vs. DET 4 AB, 2 H, 0 HR, 0 RBI, 0 SB","2026 Contract Status: Signed thru 2026, 1 yr/$3.2M (26)",30-36-21,"https://www.baseball-reference.com/req/2025011210/images/headshots/b/be40fa49_mlbam.jpg"
burleal01,"Alec Burleson","Team: St. Louis Cardinals (majors)","Positions: First Baseman and Outfielder",Bats: Left  •  Throws: Left,"6-0, 225lb (183cm, 102kg)","Born: November 25, 1998 (Age: 27-315d) in Charlotte, NC us","Debut: September 8, 2022 (Age 23-287d, 22,755th in major league history)
   vs. WSN 4 AB, 0 H, 0 HR, 0 RBI, 0 SB","2026 Contract Status: Signed thru 2026, 1 yr/$3.3M (26)",41,"https://www.baseball-reference.com/req/2025011210/images/headshots/a/a761c954_mlbam.jpg"
buschmi02,"Michael Busch","Team: Chicago Cubs (majors)","Position: First Baseman",Bats: Left  •  Throws: Right,"5-11, 210lb (180cm, 95kg)","Born: November 9, 1997 (Age: 28-331d) in Inver Grove Heights, MN us","Debut: April 25, 2023 (Age 25-167d, 22,838th in major league history)
   vs. PIT 3 AB, 1 H, 0 HR, 1 RBI, 0 SB","2026 Contract Status: Pre-Arb Eligible",83-29,"https://www.baseball-reference.com/req/2025011210/images/headshots/c/cb50fef1_mlbam.jpg"
butlela01,"Lawrence Butler","Team: Athletics (majors)","Position: Rightfielder",Bats: Left  •  Throws: Right,"6-3, 210lb (190cm, 95kg)","Born: July 10, 2000 (Age: 26-088d) in Burlington, NJ us","Debut: August 11, 2023 (Age 23-032d, 22,982nd in major league history)
   vs. WSN 4 AB, 0 H, 0 HR, 0 RBI, 0 SB","2026 Contract Status: Signed thru 2031, 7 yrs/$65.5M (25-31) & 32 team option",22-4,"https://www.baseball-reference.com/req/2025011210/images/headshots/8/8b67bdca_mlbam.jpg"
buxtoby01,"Byron Buxton","Team: Minnesota Twins (majors, 10-day IL)","Position: Centerfielder",Bats: Right  •  Throws: Right,"6-1, 190lb (185cm, 86kg)","Born: December 18, 1993 (Age: 32-292d) in Baxley, GA us","Debut: June 14, 2015 (Age 21-178d, 20,848th in major league history)
   vs. TEX 4 AB, 0 H, 0 HR, 0 RBI, 0 SB","2026 Contract Status: Signed thru 2028, 7 yrs/$100M (22-28)",25,"https://www.baseball-reference.com/req/2025011210/images/headshots/4/4b6d5f1d_mlbam.jpg"
cabaljo01,"José Caballero","Team: New York Yankees (majors)","Positions: Shortstop, Second Baseman and Third Baseman",Bats: Right  •  Throws: Right,"5-9, 190lb (175cm, 86kg)","Born: August 30, 1996 (Age: 30-037d) in Las Tablas, Panama pa","Debut: April 15, 2023 (Age 26-228d, 22,825th in major league history)
   vs. COL 0 AB, 0 H, 0 HR, 0 RBI, 0 SB","2026 Contract Status: Signed thru 2026, 1 yr/$2M (26)",76-7-77-72,"https://www.baseball-reference.com/req/2025011210/images/headshots/4/48149e83_mlbam.jpg"
cabreos01,"Oswaldo Cabrera","Team: Cincinnati Reds (majors)","Positions: Outfielder, Third Baseman and Second Baseman",Bats: Both  •  Throws: Right,"6-0, 200lb (183cm, 90kg)","Born: March 1, 1999 (Age: 27-219d) in Guarenas, Venezuela ve","Debut: August 17, 2022 (Age 23-169d, 22,710th in major league history)
   vs. TBR 4 AB, 0 H, 0 HR, 0 RBI, 0 SB","2026 Contract Status: Signed thru 2026, 1 yr/$1.2M (26)",95-16,"https://www.baseball-reference.com/req/2025011210/images/headshots/0/038fc554_mlbam.jpg"
caglija01,"Jac Caglianone","Team: Kansas City Royals (majors)","Positions: Rightfielder and First Baseman",Bats: Left  •  Throws: Left,"6-4, 250lb (193cm, 113kg)","Born: February 9, 2003 (Age: 23-239d) in Tampa, FL us","Debut: June 3, 2025 (Age 22-114d, 23,429th in major league history)
   vs. STL 5 AB, 0 H, 0 HR, 0 RBI, 0 SB","2026 Contract Status: Pre-Arb Eligible",14,"https://www.baseball-reference.com/req/2025011210/images/headshots/d/d69acf22_mlbam.jpg"
caissow01,"Owen Caissie","Team: Miami Marlins (majors, 10-day IL)","Position: Rightfielder",Bats: Left  •  Throws: Right,"6-4, 190lb (193cm, 86kg)","Born: July 8, 2002 (Age: 24-090d) in Burlington, ON, Canada ca","Debut: August 14, 2025 (Age 23-037d, 23,495th in major league history)
   vs. TOR 4 AB, 0 H, 0 HR, 0 RBI, 0 SB","2026 Contract Status: Pre-Arb Eligible",19-17,"https://www.baseball-reference.com/req/2025011210/images/headshots/9/9607e458_mlbam.jpg"
callabr01,"Brett Callahan","Team: Detroit Tigers (majors)","Positions: Leftfielder and Pinch Hitter",Bats: Left  •  Throws: Right,"6-0, 195lb (183cm, 88kg)","Born: November 2, 2001 (Age: 24-338d) in Newark, DE us","Debut: August 16, 2026 (Age 24-287d, 23,757th in major league history)","2026 Contract Status: Not Updated",34,"https://www.baseball-reference.com/req/2025011210/images/headshots/5/58125c07_milb.jpg"
callal02,"Alex Call","Team: Los Angeles Dodgers (majors)","Position: Outfielder",Bats: Right  •  Throws: Right,"5-11, 189lb (180cm, 85kg)","Born: September 27, 1994 (Age: 32-009d) in Burnsville, MN us","Debut: July 11, 2022 (Age 27-287d, 22,667th in major league history)
   vs. CHW 1 AB, 0 H, 0 HR, 0 RBI, 0 SB","2026 Contract Status: Signed thru 2026, 1 yr/$1.6M (26)",65-62-17-12,"https://www.baseball-reference.com/req/2025011210/images/headshots/e/eddce7a8_mlbam.jpg"
callity01,"Tyler Callihan","Team: Pittsburgh Pirates (minors, 40-man)","Positions: Outfielder, First Baseman and Second Baseman",Bats: Left  •  Throws: Right,"5-11, 205lb (180cm, 92kg)","Born: June 22, 2000 (Age: 26-106d) in Jacksonville, FL us","Debut: April 30, 2025 (Age 24-312d, 23,379th in major league history)
   vs. STL 2 AB, 0 H, 0 HR, 0 RBI, 0 SB","2026 Contract Status: Pre-Arb Eligible",32-37,"https://www.baseball-reference.com/req/2025011210/images/headshots/c/cea82fcb_mlbam.jpg"
camarja01,"Jair Camargo","Team: Atlanta Braves (minors)","Positions: Catcher, Designated Hitter and Pinch Hitter",Bats: Right  •  Throws: Right,"5-10, 230lb (178cm, 104kg)","Born: July 1, 1999 (Age: 27-097d) in Barranquilla, Colombia co","Debut: April 16, 2024 (Age 24-290d, 23,103rd in major league history)
   vs. BAL 0 AB, 0 H, 0 HR, 0 RBI, 0 SB","2026 Contract Status: Not Updated",85-78,"https://www.baseball-reference.com/req/2025011210/images/headshots/a/a5afeb0a_mlbam.jpg"
camerda01,"Daz Cameron","Team: Toronto Blue Jays (minors)","Position: Outfielder",Bats: Right  •  Throws: Right,"6-0, 185lb (183cm, 83kg)","Born: January 15, 1997 (Age: 29-264d) in McDonough, GA us","Debut: September 9, 2020 (Age 23-238d, 22,188th in major league history)
   vs. MIL 3 AB, 0 H, 0 HR, 0 RBI, 0 SB","2026 Contract Status: Not Updated",41-28-20-23,"https://www.baseball-reference.com/req/2025011210/images/headshots/d/de4d33e2_mlbam.jpg"
caminju01,"Junior Caminero","Team: Tampa Bay Rays (majors)","Position: Third Baseman",Bats: Right  •  Throws: Right,"6-1, 220lb (185cm, 99kg)","Born: July 5, 2003 (Age: 23-093d) in Santo Domingo, Dominican Republic do","Debut: September 23, 2023 (Age 20-080d, 23,042nd in major league history)
   vs. TOR 4 AB, 1 H, 0 HR, 0 RBI, 0 SB","2026 Contract Status: Pre-Arb Eligible",1-13,"https://www.baseball-reference.com/req/2025011210/images/headshots/9/9f9f21fa_mlbam.jpg"
campegu01,"Gustavo Campero","Team: Los Angeles Angels (majors, 10-day IL)","Position: Rightfielder",Bats: Both  •  Throws: Right,"5-6, 183lb (168cm, 83kg)","Born: September 20, 1997 (Age: 29-016d) in Lorica, Colombia co","Debut: September 15, 2024 (Age 26-361d, 23,297th in major league history)
   vs. HOU 2 AB, 0 H, 0 HR, 1 RBI, 0 SB","2026 Contract Status: Pre-Arb Eligible",51,"https://www.baseball-reference.com/req/2025011210/images/headshots/0/02fae0ae_mlbam.jpg"
campulu01,"Luis Campusano","Team: San Diego Padres (majors)","Position: Catcher",Bats: Right  •  Throws: Right,"5-10, 232lb (178cm, 105kg)","Born: September 29, 1998 (Age: 28-007d) in Augusta, GA us","Debut: September 4, 2020 (Age 21-341d, 22,175th in major league history)
   vs. OAK 3 AB, 1 H, 1 HR, 1 RBI, 0 SB","2026 Contract Status: Signed thru 2026, 1 yr/$900k (26)",21-12,"https://www.baseball-reference.com/req/2025011210/images/headshots/e/e6d1d015_mlbam.jpg"
candeje01,"Jeimer Candelario","Team: Los Angeles Angels (minors)","Positions: Third Baseman and First Baseman",Bats: Both  •  Throws: Right,"6-1, 222lb (185cm, 100kg)","Born: November 24, 1993 (Age: 32-316d) in New York, NY us","Debut: July 3, 2016 (Age 22-222d, 21,110th in major league history)
   vs. NYM 4 AB, 1 H, 0 HR, 0 RBI, 0 SB","2026 Contract Status: Not Updated, 3 yrs/$45M (24-26) & 27 team option",7-46-9-9-3-46,"https://www.baseball-reference.com/req/2025011210/images/headshots/b/bac9465f_mlbam.jpg"
canzodo01,"Dominic Canzone","Team: Seattle Mariners (majors)","Positions: Rightfielder and Designated Hitter",Bats: Left  •  Throws: Right,"6-0, 190lb (183cm, 86kg)","Born: August 16, 1997 (Age: 29-051d) in Cleveland, OH us","Debut: July 8, 2023 (Age 25-326d, 22,945th in major league history)
   vs. PIT 3 AB, 0 H, 0 HR, 0 RBI, 0 SB","2026 Contract Status: Pre-Arb Eligible",6-8,"https://www.baseball-reference.com/req/2025011210/images/headshots/1/1b9052f7_mlbam.jpg"
caratvi01,"Victor Caratini","Team: Minnesota Twins (majors)","Positions: Catcher and First Baseman",Bats: Both  •  Throws: Right,"6-0, 225lb (183cm, 102kg)","Born: August 17, 1993 (Age: 33-050d) in Ponce, Puerto Rico pr","Debut: June 28, 2017 (Age 23-315d, 21,372nd in major league history)
   vs. WSN 1 AB, 0 H, 0 HR, 0 RBI, 0 SB","2026 Contract Status: Signed thru 2027, 2 yrs/$14M (26-27)",20-7-17-7-17-37,"https://www.baseball-reference.com/req/2025011210/images/headshots/1/1b443135_mlbam.jpg"
carlsdy01,"Dylan Carlson","undefined","Position: Outfielder",Bats: Both  •  Throws: Left,"6-1, 200lb (185cm, 90kg)","Born: October 23, 1998 (Age: 27-348d) in Elk Grove, CA us","Debut: August 15, 2020 (Age 21-297d, 22,110th in major league history)
   vs. CHW 3 AB, 0 H, 0 HR, 0 RBI, 0 SB","2026 Contract Status: 3rd-Year Arb Eligible",3-10-15-5,"https://www.baseball-reference.com/req/2025011210/images/headshots/1/12bb2b45_mlbam.jpg"
carpeke01,"Kerry Carpenter","Team: Detroit Tigers (majors, 60-day IL)","Positions: Rightfielder and Designated Hitter",Bats: Left  •  Throws: Right,"6-1, 220lb (185cm, 99kg)","Born: September 2, 1997 (Age: 29-034d) in Eustis, FL us","Debut: August 10, 2022 (Age 24-342d, 22,701st in major league history)
   vs. CLE 4 AB, 0 H, 0 HR, 0 RBI, 0 SB","2026 Contract Status: Signed thru 2026, 1 yr/$3.28M (26)",48-30,"https://www.baseball-reference.com/req/2025011210/images/headshots/d/dcfb7ca5_mlbam.jpg"
carrico01,"Cole Carrigg","Team: Colorado Rockies (majors)","Positions: Centerfielder and Shortstop",Bats: Both  •  Throws: Right,"6-2, 204lb (188cm, 92kg)","Born: May 8, 2002 (Age: 24-151d) in Modesto, CA us","Debut: June 9, 2026 (Age 24-032d, 23,672nd in major league history)","2026 Contract Status: Not Updated",16,"https://www.baseball-reference.com/req/2025011210/images/headshots/2/292c46b3_mlbam.jpg"
carroco02,"Corbin Carroll","Team: Arizona Diamondbacks (majors)","Position: Outfielder",Bats: Left  •  Throws: Left,"5-10, 180lb (178cm, 81kg)","Born: August 21, 2000 (Age: 26-046d) in Seattle, WA us","Debut: August 29, 2022 (Age 22-008d, 22,731st in major league history)
   vs. PHI 5 AB, 1 H, 0 HR, 2 RBI, 0 SB","2026 Contract Status: Signed thru 2030, 8 yrs/$111M (23-30) & 31 team option",7-7,"https://www.baseball-reference.com/req/2025011210/images/headshots/f/fcad53a8_mlbam.jpg"
carteev01,"Evan Carter","Team: Texas Rangers (majors)","Position: Centerfielder",Bats: Left  •  Throws: Right,"6-2, 190lb (188cm, 86kg)","Born: August 29, 2002 (Age: 24-038d) in Elizabethton, TN us","Debut: September 8, 2023 (Age 21-010d, 23,023rd in major league history)
   vs. OAK 3 AB, 1 H, 0 HR, 0 RBI, 1 SB","2026 Contract Status: Pre-Arb Eligible",32,"https://www.baseball-reference.com/req/2025011210/images/headshots/6/6d141f51_mlbam.jpg"
casteni01,"Nick Castellanos","undefined","Positions: Rightfielder and Third Baseman",Bats: Right  •  Throws: Right,"6-3, 203lb (190cm, 92kg)","Born: March 4, 1992 (Age: 34-216d) in Hialeah, FL us","Debut: September 1, 2013 (Age 21-181d, 20,453rd in major league history)
   vs. CLE 2 AB, 0 H, 0 HR, 0 RBI, 0 SB","2026 Contract Status: Signed thru 2026, 5 yrs/$100M (22-26)",30-9-6-2-8-21,"https://www.baseball-reference.com/req/2025011210/images/headshots/5/5359c0df_mlbam.jpg"
castrwi01,"Willi Castro","Team: Colorado Rockies (majors, 10-day IL)","Positions: Outfielder, Second Baseman and Shortstop",Bats: Both  •  Throws: Right,"6-0, 209lb (183cm, 94kg)","Born: April 24, 1997 (Age: 29-165d) in Rio Piedras, Puerto Rico pr","Debut: August 24, 2019 (Age 22-122d, 21,969th in major league history)
   vs. MIN 4 AB, 2 H, 0 HR, 0 RBI, 0 SB","2026 Contract Status: Signed thru 2027, 2 yrs/$12.8M (26-27)",49-9-50-1-3,"https://www.baseball-reference.com/req/2025011210/images/headshots/7/787b2ac6_mlbam.jpg"
cauleca01,"Cam Cauley","Team: Texas Rangers (majors)","Positions: Centerfielder, Second Baseman and Pinch Hitter",Bats: Right  •  Throws: Right,"5-9, 170lb (175cm, 77kg)","Born: February 6, 2003 (Age: 23-242d) in Houston, TX us","Debut: June 29, 2026 (Age 23-143d, 23,697th in major league history)","2026 Contract Status: Not Updated",27,"https://www.baseball-reference.com/req/2025011210/images/headshots/2/2560b901_mlbam.jpg"
cavandr01,"Drew Cavanaugh","Team: San Francisco Giants (majors)","Positions: Catcher and Pinch Hitter",Bats: Left  •  Throws: Right,"6-0, 219lb (183cm, 99kg)","Born: January 27, 2002 (Age: 24-252d) in Troy, MI us","Debut: June 26, 2026 (Age 24-150d, 23,693rd in major league history)","2026 Contract Status: Not Updated",61,"https://www.baseball-reference.com/req/2025011210/images/headshots/4/49f2f611_milb.jpg"
chapaan01,"Andrés Chaparro","Team: Washington Nationals (majors)","Positions: First Baseman, Designated Hitter and Third Baseman",Bats: Right  •  Throws: Right,"6-0, 200lb (183cm, 90kg)","Born: May 4, 1999 (Age: 27-155d) in El Vigia, Venezuela ve","Debut: August 13, 2024 (Age 25-101d, 23,241st in major league history)
   vs. BAL 4 AB, 3 H, 0 HR, 1 RBI, 0 SB","2026 Contract Status: Pre-Arb Eligible",19-87,"https://www.baseball-reference.com/req/2025011210/images/headshots/8/84c91f94_mlbam.jpg"
chapmma01,"Matt Chapman","Team: San Francisco Giants (majors, 60-day IL)","Position: Third Baseman",Bats: Right  •  Throws: Right,"6-1, 220lb (185cm, 99kg)","Born: April 28, 1993 (Age: 33-161d) in Victorville, CA us","Debut: June 15, 2017 (Age 24-048d, 21,349th in major league history)
   vs. NYY 3 AB, 0 H, 0 HR, 0 RBI, 0 SB","2026 Contract Status: Signed thru 2030, 6 yrs/$151M (25-30)",26-26-26,"https://www.baseball-reference.com/req/2025011210/images/headshots/f/f4e771ca_mlbam.jpg"
chengts01,"Tsung-Che Cheng","Team: Boston Red Sox (minors, 40-man)","Positions: Shortstop and Second Baseman",Bats: Left  •  Throws: Right,"5-8, 180lb (173cm, 81kg)","Born: July 26, 2001 (Age: 25-072d) in Pingtung County, Taiwan tw","Debut: April 9, 2025 (Age 23-257d, 23,340th in major league history)
   vs. STL 2 AB, 0 H, 0 HR, 0 RBI, 0 SB","2026 Contract Status: Pre-Arb Eligible",71-39,"https://www.baseball-reference.com/req/2025011210/images/headshots/7/74af585d_mlbam.jpg"
chishja01,"Jazz Chisholm Jr.","Team: New York Yankees (majors)","Positions: Second Baseman, Centerfielder and Third Baseman",Bats: Left  •  Throws: Right,"5-11, 184lb (180cm, 83kg)","Born: February 1, 1998 (Age: 28-247d) in Nassau, Bahamas bs","Debut: September 1, 2020 (Age 22-213d, 22,167th in major league history)
   vs. TOR 0 AB, 0 H, 0 HR, 0 RBI, 0 SB","2026 Contract Status: Signed thru 2026, 1 yr/$10.2M (26)",70-2-13,"https://www.baseball-reference.com/req/2025011210/images/headshots/f/f265b378_mlbam.jpg"
chourja01,"Jackson Chourio","Team: Milwaukee Brewers (majors)","Position: Outfielder",Bats: Right  •  Throws: Right,"6-1, 199lb (185cm, 90kg)","Born: March 11, 2004 (Age: 22-209d) in Maracaibo, Venezuela ve","Debut: March 29, 2024 (Age 20-018d, 23,065th in major league history)
   vs. NYM 3 AB, 1 H, 0 HR, 1 RBI, 1 SB","2026 Contract Status: Signed thru 2031, 8 yrs/$84M (24-31) & 32-33 team option",11,"https://www.baseball-reference.com/req/2025011210/images/headshots/0/02eaeca3_mlbam.jpg"
churcna01,"Nathan Church","Team: St. Louis Cardinals (majors)","Position: Centerfielder",Bats: Left  •  Throws: Left,"5-10, 180lb (178cm, 81kg)","Born: July 12, 2000 (Age: 26-086d) in Newport Beach, CA us","Debut: August 17, 2025 (Age 25-036d, 23,499th in major league history)
   vs. NYY 4 AB, 0 H, 0 HR, 0 RBI, 0 SB","2026 Contract Status: Pre-Arb Eligible",27,"https://www.baseball-reference.com/req/2025011210/images/headshots/9/9754ea1e_mlbam.jpg"
clarkde02,"Denzel Clarke","Team: Athletics (majors)","Position: Centerfielder",Bats: Right  •  Throws: Right,"6-3, 220lb (190cm, 99kg)","Born: May 1, 2000 (Age: 26-158d) in Toronto, ON, Canada ca","Debut: May 23, 2025 (Age 25-022d, 23,408th in major league history)
   vs. PHI 3 AB, 0 H, 0 HR, 0 RBI, 0 SB","2026 Contract Status: Pre-Arb Eligible",1,"https://www.baseball-reference.com/req/2025011210/images/headshots/1/1d670239_mlbam.jpg"
clarkma04,"Max Clark","Team: Detroit Tigers (majors)","Position: Centerfielder",Bats: Left  •  Throws: Left,"5-11, 205lb (180cm, 92kg)","Born: December 21, 2004 (Age: 21-289d) in Franklin, IN us","Debut: July 31, 2026 (Age 21-222d, 23,727th in major league history)","2026 Contract Status: Not Updated",15,"https://www.baseball-reference.com/req/2025011210/images/headshots/9/91b962d9_mlbam.jpg"
clasejo01,"Jonatan Clase","Team: Toronto Blue Jays (majors, 60-day IL)","Position: Leftfielder",Bats: Both  •  Throws: Right,"5-10, 150lb (178cm, 68kg)","Born: May 23, 2002 (Age: 24-136d) in Santo Domingo, Dominican Republic do","Debut: April 15, 2024 (Age 21-328d, 23,099th in major league history)
   vs. CIN 4 AB, 1 H, 0 HR, 1 RBI, 0 SB","2026 Contract Status: Pre-Arb Eligible",5-8,"https://www.baseball-reference.com/req/2025011210/images/headshots/9/993b4079_mlbam.jpg"
clemeer01,"Ernie Clement","Team: Toronto Blue Jays (majors)","Positions: Third Baseman, Second Baseman and Shortstop",Bats: Right  •  Throws: Right,"6-0, 170lb (183cm, 77kg)","Born: March 22, 1996 (Age: 30-198d) in Rochester, NY us","Debut: June 13, 2021 (Age 25-083d, 22,343rd in major league history)
   vs. SEA 1 AB, 0 H, 0 HR, 0 RBI, 0 SB","2026 Contract Status: Signed thru 2026, 1 yr/$4.6M (26)",28-44-28-22,"https://www.baseball-reference.com/req/2025011210/images/headshots/5/5b59d4fe_mlbam.jpg"
clemeko01,"Kody Clemens","Team: Minnesota Twins (majors)","Positions: First Baseman, Second Baseman and Outfielder",Bats: Left  •  Throws: Right,"6-0, 200lb (183cm, 90kg)","Born: May 15, 1996 (Age: 30-144d) in Hornell, TX us","Debut: May 31, 2022 (Age 26-016d, 22,616th in major league history)
   vs. MIN 3 AB, 0 H, 0 HR, 0 RBI, 0 SB","2026 Contract Status: Pre-Arb Eligible",21-23-2-18-2,"https://www.baseball-reference.com/req/2025011210/images/headshots/e/ee1209bb_mlbam.jpg"
coleza01,"Zach Cole","Team: Houston Astros (minors, 40-man)","Position: Outfielder",Bats: Left  •  Throws: Right,"6-2, 190lb (188cm, 86kg)","Born: August 4, 2000 (Age: 26-063d) in Springfield, MO us","Debut: September 12, 2025 (Age 25-039d, 23,535th in major league history)
   vs. ATL 4 AB, 3 H, 1 HR, 4 RBI, 0 SB","2026 Contract Status: Pre-Arb Eligible",16,"https://www.baseball-reference.com/req/2025011210/images/headshots/3/36efe8ce_mlbam.jpg"
colliis01,"Isaac Collins","Team: Kansas City Royals (majors)","Position: Leftfielder",Bats: Both  •  Throws: Right,"5-8, 188lb (173cm, 85kg)","Born: July 22, 1997 (Age: 29-076d) in Maple Grove, MN us","Debut: September 8, 2024 (Age 27-048d, 23,283rd in major league history)
   vs. COL 2 AB, 1 H, 0 HR, 0 RBI, 1 SB","2026 Contract Status: Pre-Arb Eligible",6-1,"https://www.baseball-reference.com/req/2025011210/images/headshots/8/8d356f58_mlbam.jpg"
confomi01,"Michael Conforto","Team: Chicago Cubs (majors)","Position: Outfielder",Bats: Left  •  Throws: Right,"5-11, 215lb (180cm, 97kg)","Born: March 1, 1993 (Age: 33-219d) in Seattle, WA us","Debut: July 24, 2015 (Age 22-145d, 20,893rd in major league history)
   vs. LAD 3 AB, 0 H, 0 HR, 1 RBI, 0 SB","2026 Contract Status: Free Agent",30-8-23-20,"https://www.baseball-reference.com/req/2025011210/images/headshots/8/8b2cf761_mlbam.jpg"
coningr01,"Griffin Conine","Team: Miami Marlins (majors)","Positions: Outfielder and First Baseman",Bats: Left  •  Throws: Right,"6-1, 210lb (185cm, 95kg)","Born: July 11, 1997 (Age: 29-087d) in Plantation, FL us","Debut: August 26, 2024 (Age 27-046d, 23,259th in major league history)
   vs. COL 1 AB, 0 H, 0 HR, 0 RBI, 0 SB","2026 Contract Status: Pre-Arb Eligible",56-18,"https://www.baseball-reference.com/req/2025011210/images/headshots/c/c1bb1c86_mlbam.jpg"
contrwi01,"Willson Contreras","Team: Boston Red Sox (majors)","Positions: Catcher and First Baseman",Bats: Right  •  Throws: Right,"6-0, 240lb (183cm, 108kg)","Born: May 13, 1992 (Age: 34-146d) in Puerto Cabello, Venezuela ve","Debut: June 17, 2016 (Age 24-035d, 21,091st in major league history)
   vs. PIT 0 AB, 0 H, 0 HR, 0 RBI, 0 SB","2026 Contract Status: Signed thru 2027, 5 yrs/$87.5M (23-27) & 28 team option",40-40-40,"https://www.baseball-reference.com/req/2025011210/images/headshots/1/1c0afc90_mlbam.jpg"
contrwi02,"William Contreras","Team: Milwaukee Brewers (majors)","Position: Catcher",Bats: Right  •  Throws: Right,"5-10, 217lb (178cm, 98kg)","Born: December 24, 1997 (Age: 28-286d) in Puerto Cabello, Venezuela ve","Debut: July 24, 2020 (Age 22-213d, 22,013th in major league history)
   vs. NYM 0 AB, 0 H, 0 HR, 0 RBI, 0 SB","2026 Contract Status: Signed thru 2026, 1 yr/$9.4M (26) & 27 team option",60-24-24,"https://www.baseball-reference.com/req/2025011210/images/headshots/3/3c07bbc0_mlbam.jpg"
cookbi01,"Billy Cook","Team: Pittsburgh Pirates (majors)","Positions: Outfielder, Pinch Runner and First Baseman",Bats: Right  •  Throws: Right,"6-0, 204lb (183cm, 92kg)","Born: January 7, 1999 (Age: 27-272d) in Layton, UT us","Debut: September 8, 2024 (Age 25-245d, 23,283rd in major league history)
   vs. WSN 4 AB, 2 H, 0 HR, 2 RBI, 0 SB","2026 Contract Status: Pre-Arb Eligible",28-25,"https://www.baseball-reference.com/req/2025011210/images/headshots/b/bd2173ed_mlbam.jpg"
correca01,"Carlos Correa","Team: Houston Astros (majors, 60-day IL)","Positions: Shortstop and Third Baseman",Bats: Right  •  Throws: Right,"6-3, 220lb (190cm, 99kg)","Born: September 22, 1994 (Age: 32-014d) in Ponce, Puerto Rico pr","Debut: June 8, 2015 (Age 20-259d, 20,838th in major league history)
   vs. CHW 4 AB, 1 H, 0 HR, 1 RBI, 0 SB","2026 Contract Status: Signed thru 2028, 6 yrs/$200M (23-28) & 29-32 team option",1-4,"https://www.baseball-reference.com/req/2025011210/images/headshots/3/33687c9b_mlbam.jpg"
corteca01,"Carlos Cortes","Team: Athletics (majors)","Positions: Outfielder, Pinch Hitter and Pitcher",Bats: Left  •  Throws: Both,"5-7, 197lb (170cm, 89kg)","Born: June 30, 1997 (Age: 29-098d) in Orlando, FL us","Debut: July 23, 2025 (Age 28-023d, 23,475th in major league history)
   vs. TEX 1 AB, 0 H, 0 HR, 0 RBI, 0 SB","2026 Contract Status: Pre-Arb Eligible",26,"https://www.baseball-reference.com/req/2025011210/images/headshots/8/874b7de4_mlbam.jpg"
cowseco01,"Colton Cowser","Team: Baltimore Orioles (majors)","Position: Outfielder",Bats: Left  •  Throws: Right,"6-3, 220lb (190cm, 99kg)","Born: March 20, 2000 (Age: 26-200d) in Houston, TX us","Debut: July 5, 2023 (Age 23-107d, 22,939th in major league history)
   vs. NYY 3 AB, 1 H, 0 HR, 1 RBI, 0 SB","2026 Contract Status: Pre-Arb Eligible",17,"https://www.baseball-reference.com/req/2025011210/images/headshots/4/43222d46_mlbam.jpg"
coxjo01,"Jonah Cox","Team: San Francisco Giants (majors)","Positions: Centerfielder and Second Baseman",Bats: Right  •  Throws: Right,"6-2, 204lb (188cm, 92kg)","Born: August 4, 2001 (Age: 25-063d) in Louisville, CO us","Debut: May 31, 2026 (Age 24-300d, 23,655th in major league history)","2026 Contract Status: Not Updated",53,"https://www.baseball-reference.com/req/2025011210/images/headshots/b/bd8f1804_milb.jpg"
crawfjp01,"J.P. Crawford","Team: Seattle Mariners (majors)","Positions: Shortstop and Third Baseman",Bats: Left  •  Throws: Right,"6-0, 202lb (183cm, 91kg)","Born: January 11, 1995 (Age: 31-268d) in Long Beach, CA us","Debut: September 5, 2017 (Age 22-237d, 21,477th in major league history)
   vs. NYM 5 AB, 1 H, 0 HR, 0 RBI, 0 SB","2026 Contract Status: Signed thru 2026, 5 yrs/$51M (22-26)",2-3,"https://www.baseball-reference.com/req/2025011210/images/headshots/7/7b8bd81f_mlbam.jpg"
crawfju01,"Justin Crawford","Team: Philadelphia Phillies (majors)","Position: Centerfielder",Bats: Left  •  Throws: Right,"6-2, 188lb (188cm, 85kg)","Born: January 13, 2004 (Age: 22-266d) in Phoenix, AZ us","Debut: March 26, 2026 (Age 22-072d, 23,550th in major league history)","2026 Contract Status: Not Updated",2,"https://www.baseball-reference.com/req/2025011210/images/headshots/7/74b1cdf1_mlbam.jpg"
crewsdy01,"Dylan Crews","Team: Washington Nationals (majors)","Position: Rightfielder",Bats: Right  •  Throws: Right,"5-11, 203lb (180cm, 92kg)","Born: February 26, 2002 (Age: 24-222d) in Altamonte Springs, FL us","Debut: August 26, 2024 (Age 22-182d, 23,259th in major league history)
   vs. NYY 3 AB, 0 H, 0 HR, 0 RBI, 0 SB","2026 Contract Status: Pre-Arb Eligible",3,"https://www.baseball-reference.com/req/2025011210/images/headshots/e/e8399c58_mlbam.jpg"
croneja01,"Jake Cronenworth","Team: San Diego Padres (majors)","Positions: Second Baseman, First Baseman and Shortstop",Bats: Left  •  Throws: Right,"5-11, 187lb (180cm, 84kg)","Born: January 21, 1994 (Age: 32-258d) in St. Clair, MI us","Debut: July 26, 2020 (Age 26-187d, 22,044th in major league history)
   vs. ARI 1 AB, 1 H, 0 HR, 1 RBI, 0 SB","2026 Contract Status: Signed thru 2030, 7 yrs/$80M (24-30)",9,"https://www.baseball-reference.com/req/2025011210/images/headshots/2/2065b967_mlbam.jpg"
crookji01,"Jimmy Crooks","Team: St. Louis Cardinals (minors, 40-man)","Position: Catcher",Bats: Left  •  Throws: Right,"6-0, 230lb (183cm, 104kg)","Born: July 19, 2001 (Age: 25-079d) in Euless, TX us","Debut: August 29, 2025 (Age 24-041d, 23,515th in major league history)
   vs. CIN 0 AB, 0 H, 0 HR, 0 RBI, 0 SB","2026 Contract Status: Pre-Arb Eligible",8,"https://www.baseball-reference.com/req/2025011210/images/headshots/d/dfe67415_mlbam.jpg"
crowape01,"Pete Crow-Armstrong","Team: Chicago Cubs (majors)","Position: Centerfielder",Bats: Left  •  Throws: Left,"6-0, 184lb (183cm, 83kg)","Born: March 25, 2002 (Age: 24-195d) in Sherman Oaks, CA us","Debut: September 11, 2023 (Age 21-170d, 23,028th in major league history)
   vs. COL 0 AB, 0 H, 0 HR, 0 RBI, 0 SB","2026 Contract Status: Signed thru 2032, 1 yr/$894k (26), 6 yrs/$115M (27-32)",52-4,"https://www.baseball-reference.com/req/2025011210/images/headshots/a/a260dfaa_mlbam.jpg"
cruzon01,"Oneil Cruz","Team: Pittsburgh Pirates (majors)","Positions: Centerfielder and Shortstop",Bats: Left  •  Throws: Right,"6-7, 248lb (201cm, 112kg)","Born: October 4, 1998 (Age: 28-002d) in Nizao, Dominican Republic do","Debut: October 2, 2021 (Age 22-363d, 22,484th in major league history)
   vs. CIN 5 AB, 2 H, 0 HR, 1 RBI, 0 SB","2026 Contract Status: Signed thru 2026, 1 yr/$3.3M (26)",61-15,"https://www.baseball-reference.com/req/2025011210/images/headshots/1/13170be8_mlbam.jpg"
cruztr01,"Trei Cruz","Team: Detroit Tigers (minors)","Position: Outfielder",Bats: Both  •  Throws: Right,"6-0, 204lb (183cm, 92kg)","Born: July 5, 1998 (Age: 28-093d) in Toronto, ON, Canada ca","Debut: June 19, 2026 (Age 27-349d, 23,687th in major league history)","2026 Contract Status: Not Updated",40,"https://www.baseball-reference.com/req/2025011210/images/headshots/8/86b1e4fb_mlbam.jpg"
culpeka01,"Kaelen Culpepper","Team: Minnesota Twins (majors)","Position: Shortstop",Bats: Right  •  Throws: Right,"5-10, 185lb (178cm, 83kg)","Born: December 29, 2002 (Age: 23-281d) in Memphis, TN us","Debut: August 7, 2026 (Age 23-221d, 23,744th in major league history)","2026 Contract Status: Not Updated",12,"https://www.baseball-reference.com/req/2025011210/images/headshots/f/f0ad7579_mlbam.jpg"
darnatr01,"Travis d'Arnaud","Team: Los Angeles Angels (majors)","Position: Catcher",Bats: Right  •  Throws: Right,"6-0, 210lb (183cm, 95kg)","Born: February 10, 1989 (Age: 37-238d) in Long Beach, CA us","Debut: August 17, 2013 (Age 24-188d, 20,439th in major league history)
   vs. SDP 2 AB, 0 H, 0 HR, 0 RBI, 0 SB","2026 Contract Status: Signed thru 2026, 2 yrs/$12M (25-26)",15-7-18-72-37-16-25,"https://www.baseball-reference.com/req/2025011210/images/headshots/2/2a658101_mlbam.jpg"
davidbo02,"Bo Davidson","Team: San Francisco Giants (majors)","Position: Rightfielder",Bats: Left  •  Throws: Right,"6-1, 225lb (185cm, 102kg)","Born: July 5, 2002 (Age: 24-093d) in Charlotte, NC us","Debut: September 21, 2026 (Age 24-078d, 23,801st in major league history)","2026 Contract Status: Not Updated",94,"https://www.baseball-reference.com/req/2025011210/images/headshots/9/9649293d_mlbam.jpg"
davishe01,"Henry Davis","Team: Pittsburgh Pirates (majors)","Positions: Catcher and Rightfielder",Bats: Right  •  Throws: Right,"5-11, 225lb (180cm, 102kg)","Born: September 21, 1999 (Age: 27-015d) in Bedford, NY us","Debut: June 19, 2023 (Age 23-271d, 22,916th in major league history)
   vs. CHC 3 AB, 1 H, 0 HR, 0 RBI, 0 SB","2026 Contract Status: Pre-Arb Eligible",32,"https://www.baseball-reference.com/req/2025011210/images/headshots/4/4efd1ad8_mlbam.jpg"
deanju01,"Justin Dean","Team: Chicago Cubs (minors, 40-man)","Position: Centerfielder",Bats: Right  •  Throws: Right,"5-8, 185lb (173cm, 83kg)","Born: December 6, 1996 (Age: 29-304d) in Mauldin, SC us","Debut: August 8, 2025 (Age 28-245d, 23,490th in major league history)
   vs. TOR 0 AB, 0 H, 0 HR, 0 RBI, 0 SB","2026 Contract Status: Pre-Arb Eligible",75-1,"https://www.baseball-reference.com/req/2025011210/images/headshots/7/7f9c1810_mlbam.jpg"
delacbr01,"Bryan De La Cruz","Team: Philadelphia Phillies (majors)","Position: Outfielder",Bats: Right  •  Throws: Right,"6-0, 175lb (183cm, 79kg)","Born: December 16, 1996 (Age: 29-294d) in Santo Domingo Este, Dominican Republic do","Debut: July 31, 2021 (Age 24-227d, 22,403rd in major league history)
   vs. NYY 3 AB, 0 H, 0 HR, 0 RBI, 0 SB","2026 Contract Status: Not Updated",77-14-41-14-41,"https://www.baseball-reference.com/req/2025011210/images/headshots/8/8bdd1450_mlbam.jpg"
delacel01,"Elly De La Cruz","Team: Cincinnati Reds (majors)","Positions: Shortstop and Third Baseman",Bats: Both  •  Throws: Right,"6-6, 200lb (198cm, 90kg)","Born: January 11, 2002 (Age: 24-268d) in Sabana Grande de Boya, Dominican Republic do","Debut: June 6, 2023 (Age 21-146d, 22,891st in major league history)
   vs. LAD 3 AB, 1 H, 0 HR, 0 RBI, 0 SB","2026 Contract Status: Pre-Arb Eligible",44,"https://www.baseball-reference.com/req/2025011210/images/headshots/f/f0540df0_mlbam.jpg"
delauch01,"Chase DeLauter","Team: Cleveland Guardians (majors)","Positions: Rightfielder and Designated Hitter",Bats: Left  •  Throws: Left,"6-3, 235lb (190cm, 106kg)","Born: October 8, 2001 (Age: 24-363d) in Frederick, MD us","Debut: October 1, 2025 (Age 23-358d, 23,549th in major league history)
   vs. DET 2 AB, 0 H, 0 HR, 0 RBI, 0 SB","2026 Contract Status: Pre-Arb Eligible",24,"https://www.baseball-reference.com/req/2025011210/images/headshots/5/5a9b12f9_mlbam.jpg"
delcaad01,"Adrian Del Castillo","Team: Arizona Diamondbacks (majors)","Positions: Designated Hitter and Catcher",Bats: Left  •  Throws: Right,"5-9, 205lb (175cm, 92kg)","Born: September 27, 1999 (Age: 27-009d) in Miami, FL us","Debut: August 7, 2024 (Age 24-315d, 23,235th in major league history)
   vs. CLE 3 AB, 1 H, 0 HR, 1 RBI, 0 SB","2026 Contract Status: Pre-Arb Eligible",25,"https://www.baseball-reference.com/req/2025011210/images/headshots/c/c4a87aea_mlbam.jpg"
delgara02,"Ray Delgado","Team: Houston Astros (majors)","Positions: Second Baseman, Third Baseman and Shortstop",Bats: Left  •  Throws: Right,"6-0, 210lb (183cm, 95kg)","Born: April 4, 2000 (Age: 26-185d) in La Habana, Cuba cu","Debut: June 14, 2026 (Age 26-071d, 23,678th in major league history)","2026 Contract Status: Not Updated",29,"https://www.baseball-reference.com/req/2025011210/images/headshots/4/46a4257c_mlbam.jpg"
delosde01,"Deyvison De Los Santos","Team: Miami Marlins (majors)","Position: First Baseman",Bats: Right  •  Throws: Right,"6-1, 185lb (185cm, 83kg)","Born: June 21, 2003 (Age: 23-107d) in Santo Domingo, Dominican Republic do","Debut: March 29, 2026 (Age 22-281d, 23,565th in major league history)","2026 Contract Status: Not Updated",63,"https://www.baseball-reference.com/req/2025011210/images/headshots/4/482c4aa8_mlbam.jpg"
delucjo01,"Jonny DeLuca","Team: Tampa Bay Rays (majors)","Position: Outfielder",Bats: Right  •  Throws: Right,"5-10, 195lb (178cm, 88kg)","Born: July 10, 1998 (Age: 28-088d) in Thousand Oaks, CA us","Debut: June 7, 2023 (Age 24-332d, 22,892nd in major league history)
   vs. CIN 2 AB, 0 H, 0 HR, 0 RBI, 0 SB","2026 Contract Status: Pre-Arb Eligible",89-21,"https://www.baseball-reference.com/req/2025011210/images/headshots/5/554b8710_mlbam.jpg"
depaujo03,"Josue De Paula","Team: Los Angeles Dodgers (minors, 40-man)","Positions: Designated Hitter and Leftfielder",Bats: Left  •  Throws: Left,"6-3, 185lb (190cm, 83kg)","Born: May 24, 2005 (Age: 21-135d) in Brooklyn, NY us","Debut: September 11, 2026 (Age 21-110d, 23,794th in major league history)","2026 Contract Status: Not Updated",95,"https://www.baseball-reference.com/req/2025011210/images/headshots/1/169b7270_mlbam.jpg"
deverra01,"Rafael Devers","Team: San Francisco Giants (majors, 60-day IL)","Positions: Third Baseman and First Baseman",Bats: Left  •  Throws: Right,"6-0, 235lb (183cm, 106kg)","Born: October 24, 1996 (Age: 29-347d) in Sanchez, Dominican Republic do","Debut: July 25, 2017 (Age 20-274d, 21,401st in major league history)
   vs. SEA 4 AB, 0 H, 0 HR, 0 RBI, 0 SB","2026 Contract Status: Signed thru 2033, 10 yrs/$313.5M (24-33)",11-16,"https://www.baseball-reference.com/req/2025011210/images/headshots/9/910d1ca4_mlbam.jpg"
dezenza01,"Zach Dezenzo","Team: Houston Astros (minors, 40-man)","Positions: Leftfielder and First Baseman",Bats: Right  •  Throws: Right,"6-5, 220lb (196cm, 99kg)","Born: May 11, 2000 (Age: 26-148d) in Canton, OH us","Debut: August 6, 2024 (Age 24-087d, 23,234th in major league history)
   vs. TEX 4 AB, 0 H, 0 HR, 0 RBI, 0 SB","2026 Contract Status: Pre-Arb Eligible",9,"https://www.baseball-reference.com/req/2025011210/images/headshots/0/08d4ea7d_mlbam.jpg"
diazel01,"Elias Díaz","Team: Texas Rangers (majors)","Position: Catcher",Bats: Right  •  Throws: Right,"6-1, 223lb (185cm, 101kg)","Born: November 17, 1990 (Age: 35-323d) in Maracaibo, Venezuela ve","Debut: September 12, 2015 (Age 24-299d, 20,963rd in major league history)
   vs. MIL 1 AB, 0 H, 0 HR, 0 RBI, 0 SB","2026 Contract Status: Free Agent",66-32-35-15-17-43-35,"https://www.baseball-reference.com/req/2025011210/images/headshots/b/b7cafdff_mlbam.jpg"
diazya01,"Yandy Díaz","Team: Tampa Bay Rays (majors)","Positions: First Baseman, Designated Hitter and Third Baseman",Bats: Right  •  Throws: Right,"6-0, 235lb (183cm, 106kg)","Born: August 8, 1991 (Age: 35-059d) in Sagua la Grande, Cuba cu","Debut: April 3, 2017 (Age 25-238d, 21,242nd in major league history)
   vs. TEX 4 AB, 1 H, 0 HR, 0 RBI, 0 SB","2026 Contract Status: Free Agent",36-2,"https://www.baseball-reference.com/req/2025011210/images/headshots/6/64dfeef1_mlbam.jpg"
diazya02,"Yainer Diaz","Team: Houston Astros (majors)","Positions: Catcher and First Baseman",Bats: Right  •  Throws: Right,"5-11, 195lb (180cm, 88kg)","Born: September 21, 1998 (Age: 28-015d) in Azua, Dominican Republic do","Debut: September 2, 2022 (Age 23-346d, 22,739th in major league history)
   vs. LAA 3 AB, 0 H, 0 HR, 1 RBI, 0 SB","2026 Contract Status: Signed thru 2026, 1 yr/$4.5M (26)",63-21,"https://www.baseball-reference.com/req/2025011210/images/headshots/6/6cdb363e_mlbam.jpg"
dingldi01,"Dillon Dingler","Team: Detroit Tigers (majors)","Position: Catcher",Bats: Right  •  Throws: Right,"6-1, 210lb (185cm, 95kg)","Born: September 17, 1998 (Age: 28-019d) in Massillon, OH us","Debut: July 29, 2024 (Age 25-316d, 23,218th in major league history)
   vs. CLE 3 AB, 1 H, 0 HR, 1 RBI, 0 SB","2026 Contract Status: Pre-Arb Eligible",38-13,"https://www.baseball-reference.com/req/2025011210/images/headshots/8/8e550d12_mlbam.jpg"
dominja01,"Jasson Domínguez","Team: New York Yankees (minors, 40-man)","Position: Outfielder",Bats: Both  •  Throws: Right,"5-9, 218lb (175cm, 98kg)","Born: February 7, 2003 (Age: 23-241d) in Esperanza, Dominican Republic do","Debut: September 1, 2023 (Age 20-206d, 23,009th in major league history)
   vs. HOU 4 AB, 1 H, 1 HR, 2 RBI, 0 SB","2026 Contract Status: Pre-Arb Eligible",89-24,"https://www.baseball-reference.com/req/2025011210/images/headshots/8/812c9b21_mlbam.jpg"
donovbr01,"Brendan Donovan","Team: Seattle Mariners (majors, 7-day IL)","Positions: Second Baseman, Leftfielder and Third Baseman",Bats: Left  •  Throws: Right,"5-11, 210lb (180cm, 95kg)","Born: January 16, 1997 (Age: 29-263d) in Wurzburg, Germany de","Debut: April 25, 2022 (Age 25-099d, 22,550th in major league history)
   vs. NYM 0 AB, 0 H, 0 HR, 0 RBI, 0 SB","2026 Contract Status: Signed thru 2026, 1 yr/$5.8M (26)",33-33,"https://www.baseball-reference.com/req/2025011210/images/headshots/f/fe5b3f72_mlbam.jpg"
doylebr02,"Brenton Doyle","Team: Chicago White Sox (majors)","Position: Centerfielder",Bats: Right  •  Throws: Right,"6-3, 223lb (190cm, 101kg)","Born: May 14, 1998 (Age: 28-145d) in Warrenton, VA us","Debut: April 24, 2023 (Age 24-345d, 22,837th in major league history)
   vs. CLE 3 AB, 0 H, 0 HR, 0 RBI, 0 SB","2026 Contract Status: Signed thru 2026, 1 yr/$3.1M (26)",9-7,"https://www.baseball-reference.com/req/2025011210/images/headshots/6/60e5ec60_mlbam.jpg"
dubonma01,"Mauricio Dubón","Team: Atlanta Braves (majors)","Positions: Outfielder, Second Baseman and Shortstop",Bats: Right  •  Throws: Right,"5-11, 173lb (180cm, 78kg)","Born: July 19, 1994 (Age: 32-079d) in San Pedro Sula, Honduras hn","Debut: July 7, 2019 (Age 24-353d, 21,910th in major league history)
   vs. PIT 1 AB, 0 H, 0 HR, 0 RBI, 0 SB","2026 Contract Status: Signed thru 2026, 1 yr/$6.1M (26)",2-19-1-14-14,"https://www.baseball-reference.com/req/2025011210/images/headshots/d/db8c395e_mlbam.jpg"
dunnbl01,"Blake Dunn","Team: Cincinnati Reds (majors, 60-day IL)","Position: Outfielder",Bats: Right  •  Throws: Right,"5-9, 210lb (175cm, 95kg)","Born: September 5, 1998 (Age: 28-031d) in Holland, MI us","Debut: June 4, 2024 (Age 25-273d, 23,157th in major league history)
   vs. COL 2 AB, 0 H, 0 HR, 0 RBI, 0 SB","2026 Contract Status: Pre-Arb Eligible",76-59,"https://www.baseball-reference.com/req/2025011210/images/headshots/9/96d6b784_mlbam.jpg"
dunnol01,"Oliver Dunn","Team: Tampa Bay Rays (minors)","Positions: Third Baseman, Pinch Hitter and Shortstop",Bats: Left  •  Throws: Right,"5-10, 207lb (178cm, 93kg)","Born: September 2, 1997 (Age: 29-034d) in Salt Lake City, UT us","Debut: March 30, 2024 (Age 26-210d, 23,069th in major league history)
   vs. NYM 4 AB, 1 H, 0 HR, 0 RBI, 0 SB","2026 Contract Status: Not Updated",15-35,"https://www.baseball-reference.com/req/2025011210/images/headshots/f/f3cebb9b_mlbam.jpg"
duranez01,"Ezequiel Durán","Team: Texas Rangers (majors)","Positions: Third Baseman, Shortstop and Outfielder",Bats: Right  •  Throws: Right,"5-10, 185lb (178cm, 83kg)","Born: May 22, 1999 (Age: 27-137d) in San Juan de la Maguana, Dominican Republic do","Debut: June 4, 2022 (Age 23-013d, 22,624th in major league history)
   vs. SEA 3 AB, 0 H, 0 HR, 0 RBI, 0 SB","2026 Contract Status: Signed thru 2026, 1 yr/$1.38M (26)",70-20,"https://www.baseball-reference.com/req/2025011210/images/headshots/f/f5cbb98c_mlbam.jpg"
duranja01,"Jarren Duran","Team: Boston Red Sox (majors)","Position: Outfielder",Bats: Left  •  Throws: Right,"6-0, 205lb (183cm, 92kg)","Born: September 5, 1996 (Age: 30-031d) in Corona, CA us","Debut: July 17, 2021 (Age 24-315d, 22,387th in major league history)
   vs. NYY 2 AB, 1 H, 0 HR, 0 RBI, 0 SB","2026 Contract Status: Signed thru 2026, 1 yr/$7.7M (26)",40-16,"https://www.baseball-reference.com/req/2025011210/images/headshots/9/905f884b_mlbam.jpg"
duranro02,"Rodolfo Durán","Team: San Diego Padres (minors, 40-man)","Positions: Catcher and Pitcher",Bats: Right  •  Throws: Right,"5-8, 181lb (173cm, 82kg)","Born: February 19, 1998 (Age: 28-229d) in Santo Domingo, Dominican Republic do","Debut: May 7, 2026 (Age 28-077d, 23,621st in major league history)","2026 Contract Status: Not Updated",48,"https://www.baseball-reference.com/req/2025011210/images/headshots/4/42e88d1a_mlbam.jpg"
durbica01,"Caleb Durbin","Team: Boston Red Sox (majors)","Position: Third Baseman",Bats: Right  •  Throws: Right,"5-6, 183lb (168cm, 83kg)","Born: February 22, 2000 (Age: 26-226d) in Lake Forest, IL us","Debut: April 18, 2025 (Age 25-055d, 23,351st in major league history)
   vs. ATH 4 AB, 2 H, 0 HR, 0 RBI, 0 SB","2026 Contract Status: Pre-Arb Eligible",21-5,"https://www.baseball-reference.com/req/2025011210/images/headshots/0/013b6998_mlbam.jpg"
eatonna01,"Nate Eaton","Team: Boston Red Sox (majors)","Positions: Outfielder and Third Baseman",Bats: Right  •  Throws: Right,"5-11, 200lb (180cm, 90kg)","Born: December 22, 1996 (Age: 29-288d) in Chester, VA us","Debut: July 14, 2022 (Age 25-204d, 22,672nd in major league history)
   vs. TOR 4 AB, 1 H, 1 HR, 1 RBI, 0 SB","2026 Contract Status: Pre-Arb Eligible",18-40-18,"https://www.baseball-reference.com/req/2025011210/images/headshots/c/cdc66823_mlbam.jpg"
edmanto01,"Tommy Edman","Team: Los Angeles Dodgers (majors)","Positions: Second Baseman, Outfielder and Shortstop",Bats: Both  •  Throws: Right,"5-10, 193lb (178cm, 87kg)","Born: May 9, 1995 (Age: 31-150d) in Pontiac, MI us","Debut: June 8, 2019 (Age 24-030d, 21,864th in major league history)
   vs. CHC 1 AB, 0 H, 0 HR, 0 RBI, 0 SB","2026 Contract Status: Signed thru 2029, 5 yrs/$59.56M (25-29) & 30 team option",19-25,"https://www.baseball-reference.com/req/2025011210/images/headshots/0/003ca28d_mlbam.jpg"
edwarxa01,"Xavier Edwards","Team: Miami Marlins (majors)","Positions: Second Baseman and Shortstop",Bats: Both  •  Throws: Right,"5-9, 175lb (175cm, 79kg)","Born: August 9, 1999 (Age: 27-058d) in Mineola, NY us","Debut: May 2, 2023 (Age 23-266d, 22,847th in major league history)
   vs. ATL 1 AB, 0 H, 0 HR, 0 RBI, 0 SB","2026 Contract Status: Pre-Arb Eligible",63-9,"https://www.baseball-reference.com/req/2025011210/images/headshots/4/4b81dfc2_mlbam.jpg"
eldribr01,"Bryce Eldridge","Team: San Francisco Giants (majors, 7-day IL)","Positions: Designated Hitter and First Baseman",Bats: Left  •  Throws: Right,"6-7, 251lb (201cm, 113kg)","Born: October 20, 2004 (Age: 21-351d) in Fairfax, VA us","Debut: September 15, 2025 (Age 20-330d, 23,539th in major league history)
   vs. ARI 3 AB, 0 H, 0 HR, 0 RBI, 0 SB","2026 Contract Status: Pre-Arb Eligible",78-8,"https://www.baseball-reference.com/req/2025011210/images/headshots/5/537cb609_mlbam.jpg"
emersco01,"Colt Emerson","Team: Seattle Mariners (majors, 60-day IL)","Positions: Shortstop and Third Baseman",Bats: Left  •  Throws: Right,"6-0, 195lb (183cm, 88kg)","Born: July 20, 2005 (Age: 21-078d) in Zanesville, OH us","Debut: May 17, 2026 (Age 20-301d, 23,633rd in major league history)","2026 Contract Status: Signed thru 2033, 8 yrs/$95M (26-33) & 34 team option",4,"https://www.baseball-reference.com/req/2025011210/images/headshots/7/71b38c87_mlbam.jpg"
encarch01,"Christian Encarnacion-Strand","Team: Baltimore Orioles (majors)","Positions: First Baseman and Third Baseman",Bats: Right  •  Throws: Right,"6-1, 224lb (185cm, 101kg)","Born: December 1, 1999 (Age: 26-309d) in Walnut Creek, CA us","Debut: July 17, 2023 (Age 23-228d, 22,953rd in major league history)
   vs. SFG 3 AB, 0 H, 0 HR, 0 RBI, 0 SB","2026 Contract Status: Pre-Arb Eligible",33-32,"https://www.baseball-reference.com/req/2025011210/images/headshots/d/d2f1be6f_mlbam.jpg"
encarje01,"Jerar Encarnacion","undefined","Positions: Rightfielder and First Baseman",Bats: Right  •  Throws: Right,"6-4, 265lb (193cm, 120kg)","Born: October 22, 1997 (Age: 28-349d) in Bayaguana, Dominican Republic do","Debut: June 19, 2022 (Age 24-240d, 22,645th in major league history)
   vs. NYM 4 AB, 1 H, 1 HR, 4 RBI, 1 SB","2026 Contract Status: Pre-Arb Eligible",64-59-19,"https://www.baseball-reference.com/req/2025011210/images/headshots/6/605248a6_mlbam.jpg"
escarjc01,"J.C. Escarra","Team: New York Yankees (minors, 40-man)","Positions: Catcher and First Baseman",Bats: Left  •  Throws: Right,"6-2, 220lb (188cm, 99kg)","Born: April 24, 1995 (Age: 31-165d) in Hialeah, FL us","Debut: March 29, 2025 (Age 29-339d, 23,318th in major league history)
   vs. MIL 2 AB, 0 H, 0 HR, 0 RBI, 0 SB","2026 Contract Status: Pre-Arb Eligible",25,"https://www.baseball-reference.com/req/2025011210/images/headshots/2/299d07eb_mlbam.jpg"
espinsa01,"Santiago Espinal","Team: Arizona Diamondbacks (minors)","Positions: Third Baseman, Second Baseman and Shortstop",Bats: Right  •  Throws: Right,"5-9, 185lb (175cm, 83kg)","Born: November 13, 1994 (Age: 31-327d) in Santiago, Dominican Republic do","Debut: July 25, 2020 (Age 25-255d, 22,032nd in major league history)
   vs. TBR 2 AB, 0 H, 0 HR, 0 RBI, 0 SB","2026 Contract Status: 3rd-Year Arb Eligible",5-4-21,"https://www.baseball-reference.com/req/2025011210/images/headshots/9/941d607b_mlbam.jpg"
ewingaj01,"A.J. Ewing","Team: New York Mets (majors)","Position: Centerfielder",Bats: Left  •  Throws: Right,"5-10, 160lb (178cm, 72kg)","Born: August 10, 2004 (Age: 22-057d) in Kettering, OH us","Debut: May 12, 2026 (Age 21-275d, 23,628th in major league history)","2026 Contract Status: Not Updated",9,"https://www.baseball-reference.com/req/2025011210/images/headshots/2/22839689_mlbam.jpg"
faircst01,"Stuart Fairchild","Team: Seattle Mariners (minors)","Position: Outfielder",Bats: Right  •  Throws: Right,"5-11, 205lb (180cm, 92kg)","Born: March 17, 1996 (Age: 30-203d) in Seattle, WA us","Debut: July 6, 2021 (Age 25-111d, 22,377th in major league history)
   vs. COL 0 AB, 0 H, 0 HR, 0 RBI, 0 SB","2026 Contract Status: 1st-Year Arb Eligible",63-30-61-57-17-17-17-17,"https://www.baseball-reference.com/req/2025011210/images/headshots/0/093c85ce_mlbam.jpg"
farmeky01,"Kyle Farmer","Team: Atlanta Braves (majors)","Positions: Shortstop, Second Baseman and Third Baseman",Bats: Right  •  Throws: Right,"5-11, 205lb (180cm, 92kg)","Born: August 17, 1990 (Age: 36-050d) in Atlanta, GA us","Debut: July 30, 2017 (Age 26-347d, 21,410th in major league history)
   vs. SFG 1 AB, 1 H, 0 HR, 2 RBI, 0 SB","2026 Contract Status: Free Agent",65-17-52-17-12-6-15,"https://www.baseball-reference.com/req/2025011210/images/headshots/b/bd8e6213_mlbam.jpg"
fedkoky01,"Kyler Fedko","Team: Pittsburgh Pirates (minors)","Positions: Outfielder and Pinch Runner",Bats: Right  •  Throws: Right,"6-0, 215lb (183cm, 97kg)","Born: September 21, 1999 (Age: 27-015d) in Gibsonia, PA us","Debut: June 15, 2026 (Age 26-267d, 23,680th in major league history)","2026 Contract Status: Not Updated",51,"https://www.baseball-reference.com/req/2025011210/images/headshots/d/d9bbc412_mlbam.jpg"
feduchu01,"Hunter Feduccia","Team: Los Angeles Dodgers (majors)","Position: Catcher",Bats: Left  •  Throws: Right,"6-1, 215lb (185cm, 97kg)","Born: June 5, 1997 (Age: 29-123d) in Lake Charles, LA us","Debut: July 31, 2024 (Age 27-056d, 23,223rd in major league history)
   vs. SDP 1 AB, 0 H, 0 HR, 0 RBI, 0 SB","2026 Contract Status: Pre-Arb Eligible",67-30-9-46,"https://www.baseball-reference.com/req/2025011210/images/headshots/4/482239f5_mlbam.jpg"
fermifr01,"Freddy Fermin","Team: San Diego Padres (majors)","Position: Catcher",Bats: Right  •  Throws: Right,"5-10, 200lb (178cm, 90kg)","Born: May 16, 1995 (Age: 31-143d) in Puerto Ordaz, Venezuela ve","Debut: July 15, 2022 (Age 27-060d, 22,675th in major league history)
   vs. TOR 1 AB, 0 H, 0 HR, 0 RBI, 0 SB","2026 Contract Status: Signed thru 2026, 1 yr/$2.1M (26)",78-34-54,"https://www.baseball-reference.com/req/2025011210/images/headshots/5/5a0d3e4c_mlbam.jpg"
fermijo01,"José Fermín","Team: St. Louis Cardinals (majors)","Positions: Leftfielder, Pinch Hitter and Third Baseman",Bats: Right  •  Throws: Right,"5-10, 198lb (178cm, 89kg)","Born: March 29, 1999 (Age: 27-191d) in Puerto Plata, Dominican Republic do","Debut: July 7, 2023 (Age 24-100d, 22,940th in major league history)
   vs. CHW 0 AB, 0 H, 0 HR, 0 RBI, 0 SB","2026 Contract Status: Pre-Arb Eligible",35-15,"https://www.baseball-reference.com/req/2025011210/images/headshots/c/ccc4081f_mlbam.jpg"
fernajo06,"José Fernández","Team: Arizona Diamondbacks (majors)","Positions: Designated Hitter, Third Baseman and First Baseman",Bats: Right  •  Throws: Right,"6-3, 215lb (190cm, 97kg)","Born: September 22, 2003 (Age: 23-014d) in Cumana, Venezuela ve","Debut: March 31, 2026 (Age 22-190d, 23,570th in major league history)","2026 Contract Status: Not Updated",11,"https://www.baseball-reference.com/req/2025011210/images/headshots/9/9c41ccad_mlbam.jpg"
florera03,"Rafael Flores","Team: Pittsburgh Pirates (majors)","Positions: Catcher and First Baseman",Bats: Right  •  Throws: Right,"6-3, 232lb (190cm, 105kg)","Born: November 7, 2000 (Age: 25-333d) in Anaheim, CA us","Debut: September 17, 2025 (Age 24-314d, 23,541st in major league history)
   vs. CHC 3 AB, 1 H, 0 HR, 0 RBI, 0 SB","2026 Contract Status: Pre-Arb Eligible",43,"https://www.baseball-reference.com/req/2025011210/images/headshots/4/4adf790e_mlbam.jpg"
fordha01,"Harry Ford","Team: Washington Nationals (majors)","Position: Catcher",Bats: Right  •  Throws: Right,"5-10, 200lb (178cm, 90kg)","Born: February 21, 2003 (Age: 23-227d) in Atlanta, GA us","Debut: September 5, 2025 (Age 22-196d, 23,530th in major league history)
   vs. ATL 1 AB, 0 H, 0 HR, 0 RBI, 0 SB","2026 Contract Status: Pre-Arb Eligible",5-17,"https://www.baseball-reference.com/req/2025011210/images/headshots/0/026acf79_mlbam.jpg"
forteni01,"Nick Fortes","Team: Tampa Bay Rays (majors)","Position: Catcher",Bats: Right  •  Throws: Right,"5-11, 198lb (180cm, 89kg)","Born: November 11, 1996 (Age: 29-329d) in Miami, FL us","Debut: September 18, 2021 (Age 24-311d, 22,466th in major league history)
   vs. PIT 3 AB, 2 H, 1 HR, 2 RBI, 0 SB","2026 Contract Status: Signed thru 2026, 1 yr/$2.54M (26)",84-54-4-40,"https://www.baseball-reference.com/req/2025011210/images/headshots/3/3e8525b0_mlbam.jpg"
foscuju01,"Justin Foscue","Team: Texas Rangers (majors)","Positions: Second Baseman, Pinch Hitter and Designated Hitter",Bats: Right  •  Throws: Right,"5-11, 205lb (180cm, 92kg)","Born: March 2, 1999 (Age: 27-218d) in Huntsville, AL us","Debut: April 5, 2024 (Age 25-034d, 23,086th in major league history)
   vs. HOU 1 AB, 0 H, 0 HR, 0 RBI, 0 SB","2026 Contract Status: Pre-Arb Eligible",56-14,"https://www.baseball-reference.com/req/2025011210/images/headshots/2/2a3e6de6_mlbam.jpg"
fraleja01,"Jake Fraley","undefined","Position: Outfielder",Bats: Left  •  Throws: Left,"5-11, 206lb (180cm, 93kg)","Born: May 25, 1995 (Age: 31-134d) in Frederick, MD us","Debut: August 21, 2019 (Age 24-088d, 21,963rd in major league history)
   vs. TBR 3 AB, 0 H, 0 HR, 0 RBI, 0 SB","2026 Contract Status: Signed thru 2026, 1 yr/$3M (26)",8-28-27-16-17,"https://www.baseball-reference.com/req/2025011210/images/headshots/f/f6b8919a_mlbam.jpg"
francty01,"Ty France","Team: San Diego Padres (majors)","Positions: First Baseman, Third Baseman and Second Baseman",Bats: Right  •  Throws: Right,"5-10, 215lb (178cm, 97kg)","Born: July 13, 1994 (Age: 32-085d) in Downey, CA us","Debut: April 26, 2019 (Age 24-287d, 21,806th in major league history)
   vs. WSN 1 AB, 1 H, 0 HR, 0 RBI, 0 SB","2026 Contract Status: Free Agent",11-11-23-2-13-2-25,"https://www.baseball-reference.com/req/2025011210/images/headshots/5/55dca75f_mlbam.jpg"
frankch02,"Christian Franklin","Team: Baltimore Orioles (majors)","Position: Outfielder",Bats: Right  •  Throws: Right,"5-9, 195lb (175cm, 88kg)","Born: November 30, 1999 (Age: 26-310d) in Overland Park, KS us","Debut: August 4, 2026 (Age 26-247d, 23,735th in major league history)","2026 Contract Status: Not Updated",27,"https://www.baseball-reference.com/req/2025011210/images/headshots/3/3accec0d_mlbam.jpg"
fraziad01,"Adam Frazier","Team: Los Angeles Angels (majors)","Positions: Second Baseman and Outfielder",Bats: Left  •  Throws: Right,"5-10, 190lb (178cm, 86kg)","Born: December 14, 1991 (Age: 34-296d) in Athens, GA us","Debut: June 24, 2016 (Age 24-193d, 21,097th in major league history)
   vs. LAD 2 AB, 1 H, 0 HR, 0 RBI, 0 SB","2026 Contract Status: Free Agent",26-12-26-12-26-20,"https://www.baseball-reference.com/req/2025011210/images/headshots/b/b26acf0e_mlbam.jpg"
freelal01,"Alex Freeland","Team: Los Angeles Dodgers (minors, 40-man)","Positions: Second Baseman, Third Baseman and Shortstop",Bats: Both  •  Throws: Right,"5-11, 200lb (180cm, 90kg)","Born: August 24, 2001 (Age: 25-043d) in Louisville, KY us","Debut: July 30, 2025 (Age 23-340d, 23,481st in major league history)
   vs. CIN 2 AB, 1 H, 0 HR, 0 RBI, 0 SB","2026 Contract Status: Pre-Arb Eligible",76,"https://www.baseball-reference.com/req/2025011210/images/headshots/9/96a90a6b_mlbam.jpg"
freemco01,"Cody Freeman","Team: Texas Rangers (majors)","Positions: Second Baseman, Third Baseman and Outfielder",Bats: Right  •  Throws: Right,"5-9, 180lb (175cm, 81kg)","Born: January 5, 2001 (Age: 25-274d) in Pomona, CA us","Debut: July 18, 2025 (Age 24-194d, 23,473rd in major league history)
   vs. DET 0 AB, 0 H, 0 HR, 0 RBI, 0 SB","2026 Contract Status: Pre-Arb Eligible",39,"https://www.baseball-reference.com/req/2025011210/images/headshots/0/024f87c3_mlbam.jpg"
freemfr01,"Freddie Freeman","Team: Los Angeles Dodgers (majors)","Position: First Baseman",Bats: Left  •  Throws: Right,"6-4, 220lb (193cm, 99kg)","Born: September 12, 1989 (Age: 37-024d) in Villa Park, CA us","Debut: September 1, 2010 (Age 20-354d, 19,759th in major league history)
   vs. NYM 3 AB, 0 H, 0 HR, 0 RBI, 0 SB","2026 Contract Status: Signed thru 2027, 6 yrs/$162M (22-27)",5-5-5-05,"https://www.baseball-reference.com/req/2025011210/images/headshots/2/2c66b3f7_mlbam.jpg"
freemty01,"Tyler Freeman","Team: Colorado Rockies (minors)","Positions: Outfielder, Second Baseman and Third Baseman",Bats: Right  •  Throws: Right,"5-11, 200lb (180cm, 90kg)","Born: May 21, 1999 (Age: 27-138d) in Rancho Cucamonga, CA us","Debut: August 3, 2022 (Age 23-074d, 22,692nd in major league history)
   vs. ARI 3 AB, 1 H, 0 HR, 0 RBI, 0 SB","2026 Contract Status: Signed thru 2026, 1 yr/$1.53M (26)",2-2,"https://www.baseball-reference.com/req/2025011210/images/headshots/4/4fd70135_mlbam.jpg"
frelisa01,"Sal Frelick","Team: Milwaukee Brewers (majors)","Position: Rightfielder",Bats: Left  •  Throws: Right,"5-9, 191lb (175cm, 86kg)","Born: April 19, 2000 (Age: 26-170d) in Boston, MA us","Debut: July 22, 2023 (Age 23-094d, 22,961st in major league history)
   vs. ATL 3 AB, 3 H, 0 HR, 2 RBI, 0 SB","2026 Contract Status: Pre-Arb Eligible",10,"https://www.baseball-reference.com/req/2025011210/images/headshots/1/1e4dd87a_mlbam.jpg"
friedtj01,"TJ Friedl","Team: Cincinnati Reds (minors)","Position: Centerfielder",Bats: Left  •  Throws: Left,"5-8, 180lb (173cm, 81kg)","Born: August 14, 1995 (Age: 31-053d) in Sewickley, PA us","Debut: September 18, 2021 (Age 26-035d, 22,466th in major league history)
   vs. LAD 1 AB, 0 H, 0 HR, 0 RBI, 0 SB","2026 Contract Status: Signed thru 2026, 1 yr/$3.8M (26)",29,"https://www.baseball-reference.com/req/2025011210/images/headshots/a/a4a40acd_mlbam.jpg"
fryda01,"David Fry","Team: Cleveland Guardians (majors)","Positions: Designated Hitter, Pinch Hitter and Outfielder",Bats: Right  •  Throws: Right,"6-1, 215lb (185cm, 97kg)","Born: November 20, 1995 (Age: 30-320d) in Irving, TX us","Debut: May 1, 2023 (Age 27-162d, 22,846th in major league history)
   vs. NYY 0 AB, 0 H, 0 HR, 0 RBI, 0 SB","2026 Contract Status: Signed thru 2026, 1 yr/$1.38M (26)",12-6,"https://www.baseball-reference.com/req/2025011210/images/headshots/5/52671fd1_mlbam.jpg"
fulfobr01,"Braxton Fulford","Team: Colorado Rockies (majors)","Position: Catcher",Bats: Right  •  Throws: Right,"5-10, 205lb (178cm, 92kg)","Born: December 9, 1998 (Age: 27-301d) in Lubbock, TX us","Debut: April 16, 2025 (Age 26-128d, 23,347th in major league history)
   vs. LAD 4 AB, 0 H, 0 HR, 0 RBI, 0 SB","2026 Contract Status: Pre-Arb Eligible",37,"https://www.baseball-reference.com/req/2025011210/images/headshots/f/fc423911_mlbam.jpg"
furmana01,"Nate Furman","Team: San Francisco Giants (majors, 10-day IL)","Positions: Second Baseman and Pinch Hitter",Bats: Left  •  Throws: Right,"5-8, 173lb (173cm, 78kg)","Born: July 23, 2001 (Age: 25-075d) in Brookhaven, PA us","Debut: August 1, 2026 (Age 25-009d, 23,731st in major league history)","2026 Contract Status: Not Updated",56,"https://www.baseball-reference.com/req/2025011210/images/headshots/a/a31d9000_mlbam.jpg"
garciad02,"Adolis García","Team: Philadelphia Phillies (majors, 60-day IL)","Position: Rightfielder",Bats: Right  •  Throws: Right,"6-0, 205lb (183cm, 92kg)","Born: March 2, 1993 (Age: 33-218d) in Ciego de Avila, Cuba cu","Debut: August 8, 2018 (Age 25-159d, 21,670th in major league history)
   vs. MIA 4 AB, 0 H, 0 HR, 0 RBI, 0 SB","2026 Contract Status: Signed thru 2026, 1 yr/$10M (26)",28-53-53,"https://www.baseball-reference.com/req/2025011210/images/headshots/1/1306eb2a_mlbam.jpg"
garciar01,"Aramis Garcia","Team: Arizona Diamondbacks (minors)","Positions: Catcher and First Baseman",Bats: Right  •  Throws: Right,"6-1, 228lb (185cm, 103kg)","Born: January 12, 1993 (Age: 33-267d) in Hialeah, FL us","Debut: August 31, 2018 (Age 25-231d, 21,701st in major league history)
   vs. NYM 4 AB, 2 H, 1 HR, 2 RBI, 0 SB","2026 Contract Status: Not Updated",16-37-33-41-66-35,"https://www.baseball-reference.com/req/2025011210/images/headshots/c/ce8ff2cd_mlbam.jpg"
garcijh01,"Jhostynxon García","Team: Pittsburgh Pirates (minors, 40-man)","Position: Outfielder",Bats: Right  •  Throws: Right,"6-0, 224lb (183cm, 101kg)","Born: December 11, 2002 (Age: 23-299d) in San Fernando de Apure, Venezuela ve","Debut: August 22, 2025 (Age 22-254d, 23,505th in major league history)
   vs. NYY 3 AB, 0 H, 0 HR, 0 RBI, 0 SB","2026 Contract Status: Pre-Arb Eligible",51-34,"https://www.baseball-reference.com/req/2025011210/images/headshots/e/eec78326_mlbam.jpg"
garcijo02,"José Barrero","Team: Baltimore Orioles (majors)","Positions: Shortstop, Centerfielder and Second Baseman",Bats: Right  •  Throws: Right,"6-4, 211lb (193cm, 95kg)","Born: April 5, 1998 (Age: 28-184d) in La Habana, Cuba cu","Debut: August 27, 2020 (Age 22-144d, 22,156th in major league history)
   vs. MIL 2 AB, 1 H, 0 HR, 0 RBI, 1 SB","2026 Contract Status: Not Updated",38-2-27-54,"https://www.baseball-reference.com/req/2025011210/images/headshots/5/517a439c_mlbam.jpg"
garcilu04,"Luis García Jr.","Team: New York Yankees (majors)","Positions: Second Baseman, First Baseman and Shortstop",Bats: Left  •  Throws: Right,"6-1, 216lb (185cm, 97kg)","Born: May 16, 2000 (Age: 26-143d) in New York, NY us","Debut: August 14, 2020 (Age 20-090d, 22,106th in major league history)
   vs. BAL 5 AB, 2 H, 0 HR, 2 RBI, 0 SB","2026 Contract Status: Signed thru 2026, 1 yr/$6.88M (26)",62-2-26,"https://www.baseball-reference.com/req/2025011210/images/headshots/4/4b862729_mlbam.jpg"
garcima01,"Maikel Garcia","Team: Kansas City Royals (majors)","Positions: Third Baseman, Second Baseman and Shortstop",Bats: Right  •  Throws: Right,"6-1, 180lb (185cm, 81kg)","Born: March 3, 2000 (Age: 26-217d) in La Sabana, Venezuela ve","Debut: July 15, 2022 (Age 22-134d, 22,675th in major league history)
   vs. TOR 1 AB, 0 H, 0 HR, 0 RBI, 0 SB","2026 Contract Status: Signed thru 2030, 5 yrs/$57.5M (26-30) & 31 team option",11,"https://www.baseball-reference.com/req/2025011210/images/headshots/7/715221b5_mlbam.jpg"
garvemi01,"Mitch Garver","Team: New York Yankees (minors, restricted list)","Positions: Catcher and Designated Hitter",Bats: Right  •  Throws: Right,"6-1, 220lb (185cm, 99kg)","Born: January 15, 1991 (Age: 35-264d) in Albuquerque, NM us","Debut: August 19, 2017 (Age 26-216d, 21,435th in major league history)
   vs. ARI 1 AB, 0 H, 0 HR, 0 RBI, 0 SB","2026 Contract Status: Free Agent",43-23-18-8-18-18,"https://www.baseball-reference.com/req/2025011210/images/headshots/a/a5037e60_mlbam.jpg"
gaspemi01,"Mickey Gasper","Team: Boston Red Sox (majors, 10-day IL)","Positions: Designated Hitter, Catcher and First Baseman",Bats: Both  •  Throws: Right,"5-9, 205lb (175cm, 92kg)","Born: October 11, 1995 (Age: 30-360d) in Merrimack, NH us","Debut: August 12, 2024 (Age 28-306d, 23,239th in major league history)
   vs. TEX 0 AB, 0 H, 0 HR, 0 RBI, 0 SB","2026 Contract Status: Pre-Arb Eligible",77-11-30,"https://www.baseball-reference.com/req/2025011210/images/headshots/5/5a6e870b_mlbam.jpg"
gelofza01,"Zack Gelof","Team: Athletics (majors)","Positions: Second Baseman, Third Baseman and Outfielder",Bats: Right  •  Throws: Right,"6-2, 205lb (188cm, 92kg)","Born: October 19, 1999 (Age: 26-352d) in Rehoboth Beach, DE us","Debut: July 14, 2023 (Age 23-268d, 22,947th in major league history)
   vs. MIN 4 AB, 1 H, 0 HR, 1 RBI, 0 SB","2026 Contract Status: Pre-Arb Eligible",20,"https://www.baseball-reference.com/req/2025011210/images/headshots/4/435dcf4d_mlbam.jpg"
genaoan01,"Ángel Genao","Team: Cleveland Guardians (majors)","Positions: Second Baseman, Third Baseman and Shortstop",Bats: Both  •  Throws: Right,"5-11, 150lb (180cm, 68kg)","Born: May 19, 2004 (Age: 22-140d) in Castillo, Dominican Republic do","Debut: August 5, 2026 (Age 22-078d, 23,741st in major league history)","2026 Contract Status: Not Updated",17,"https://www.baseball-reference.com/req/2025011210/images/headshots/3/3e89b01c_mlbam.jpg"
gilbedr01,"Drew Gilbert","Team: San Francisco Giants (majors)","Position: Outfielder",Bats: Left  •  Throws: Left,"5-9, 195lb (175cm, 88kg)","Born: September 27, 2000 (Age: 26-009d) in St. Paul, MN us","Debut: August 8, 2025 (Age 24-315d, 23,490th in major league history)
   vs. WSN 4 AB, 0 H, 0 HR, 0 RBI, 0 SB","2026 Contract Status: Pre-Arb Eligible",61-0,"https://www.baseball-reference.com/req/2025011210/images/headshots/3/3a14b2dd_mlbam.jpg"
gimenan01,"Andrés Giménez","Team: Toronto Blue Jays (majors)","Positions: Second Baseman and Shortstop",Bats: Left  •  Throws: Right,"5-11, 161lb (180cm, 73kg)","Born: September 4, 1998 (Age: 28-032d) in Barquisimeto, Venezuela ve","Debut: July 24, 2020 (Age 21-324d, 22,013th in major league history)
   vs. ATL 0 AB, 0 H, 0 HR, 0 RBI, 0 SB","2026 Contract Status: Signed thru 2029, 7 yrs/$106.5M (23-29) & 30 team option",60-0-0,"https://www.baseball-reference.com/req/2025011210/images/headshots/8/8188888f_mlbam.jpg"
goldspa01,"Paul Goldschmidt","Team: New York Yankees (majors)","Position: First Baseman",Bats: Right  •  Throws: Right,"6-2, 225lb (188cm, 102kg)","Born: September 10, 1987 (Age: 39-026d) in Wilmington, DE us","Debut: August 1, 2011 (Age 23-325d, 19,960th in major league history)
   vs. SFG 4 AB, 1 H, 0 HR, 0 RBI, 0 SB","2026 Contract Status: Signed thru 2026, 1 yr/$4M (26)",44-44-46-48,"https://www.baseball-reference.com/req/2025011210/images/headshots/6/6b37a7f2_mlbam.jpg"
gonzaga03,"Gabriel González","Team: Minnesota Twins (minors, 40-man)","Positions: Leftfielder and Pinch Hitter",Bats: Right  •  Throws: Right,"5-10, 165lb (178cm, 74kg)","Born: January 4, 2004 (Age: 22-275d) in Carupano, Venezuela ve","Debut: May 22, 2026 (Age 22-138d, 23,639th in major league history)","2026 Contract Status: Not Updated",72,"https://www.baseball-reference.com/req/2025011210/images/headshots/a/a5eb414d_mlbam.jpg"
gonzaja01,"Jacob Gonzalez","Team: Pittsburgh Pirates (majors)","Positions: Shortstop, First Baseman and Third Baseman",Bats: Left  •  Throws: Right,"6-2, 205lb (188cm, 92kg)","Born: May 30, 2002 (Age: 24-129d) in Glendora, CA us","Debut: May 31, 2026 (Age 24-001d, 23,655th in major league history)","2026 Contract Status: Not Updated",7-26,"https://www.baseball-reference.com/req/2025011210/images/headshots/c/c16289b0_mlbam.jpg"
gonzani01,"Nick Gonzales","Team: Pittsburgh Pirates (majors)","Positions: Second Baseman, Third Baseman and Shortstop",Bats: Right  •  Throws: Right,"5-8, 193lb (173cm, 87kg)","Born: May 27, 1999 (Age: 27-132d) in Tucson, AZ us","Debut: June 23, 2023 (Age 24-027d, 22,924th in major league history)
   vs. MIA 3 AB, 0 H, 0 HR, 0 RBI, 0 SB","2026 Contract Status: Pre-Arb Eligible",39-3,"https://www.baseball-reference.com/req/2025011210/images/headshots/2/222a5e04_mlbam.jpg"
gonzaro01,"Romy González","Team: Boston Red Sox (minors, 40-man)","Positions: Second Baseman, First Baseman and Shortstop",Bats: Right  •  Throws: Right,"6-0, 215lb (183cm, 97kg)","Born: September 6, 1996 (Age: 30-030d) in Miami, FL us","Debut: September 3, 2021 (Age 24-362d, 22,442nd in major league history)
   vs. KCR 2 AB, 0 H, 0 HR, 0 RBI, 0 SB","2026 Contract Status: Signed thru 2026, 1 yr/$1.6M (26)",5-12-23,"https://www.baseball-reference.com/req/2025011210/images/headshots/b/bfb9007d_mlbam.jpg"
goodmhu01,"Hunter Goodman","Team: Colorado Rockies (majors)","Positions: Catcher and Rightfielder",Bats: Right  •  Throws: Right,"5-11, 220lb (180cm, 99kg)","Born: October 8, 1999 (Age: 26-363d) in Arlington, TN us","Debut: August 27, 2023 (Age 23-323d, 23,002nd in major league history)
   vs. BAL 4 AB, 2 H, 0 HR, 1 RBI, 0 SB","2026 Contract Status: Pre-Arb Eligible",15,"https://www.baseball-reference.com/req/2025011210/images/headshots/0/02001c3c_mlbam.jpg"
gormano01,"Nolan Gorman","Team: St. Louis Cardinals (majors)","Positions: Second Baseman and Third Baseman",Bats: Left  •  Throws: Right,"6-0, 225lb (183cm, 102kg)","Born: May 10, 2000 (Age: 26-149d) in Phoenix, AZ us","Debut: May 20, 2022 (Age 22-010d, 22,595th in major league history)
   vs. PIT 3 AB, 1 H, 0 HR, 0 RBI, 0 SB","2026 Contract Status: Signed thru 2026, 1 yr/$2.66M (26)",16,"https://www.baseball-reference.com/req/2025011210/images/headshots/5/5d335b7c_mlbam.jpg"
graytr01,"Tristan Gray","Team: Minnesota Twins (minors, 40-man)","Positions: Shortstop, Third Baseman and Second Baseman",Bats: Left  •  Throws: Right,"6-1, 215lb (185cm, 97kg)","Born: March 22, 1996 (Age: 30-198d) in Houston, TX us","Debut: September 16, 2023 (Age 27-178d, 23,034th in major league history)
   vs. BAL 1 AB, 0 H, 0 HR, 0 RBI, 0 SB","2026 Contract Status: Pre-Arb Eligible",9-59-16-10-4,"https://www.baseball-reference.com/req/2025011210/images/headshots/9/9b072369_mlbam.jpg"
greenri03,"Riley Greene","Team: Detroit Tigers (majors)","Position: Outfielder",Bats: Left  •  Throws: Left,"6-2, 200lb (188cm, 90kg)","Born: September 28, 2000 (Age: 26-008d) in Orlando, FL us","Debut: June 18, 2022 (Age 21-263d, 22,642nd in major league history)
   vs. TEX 3 AB, 2 H, 0 HR, 0 RBI, 0 SB","2026 Contract Status: Signed thru 2026, 1 yr/$5M (26)",31,"https://www.baseball-reference.com/req/2025011210/images/headshots/8/8605b494_mlbam.jpg"
grichra01,"Randal Grichuk","Team: Chicago White Sox (majors)","Position: Outfielder",Bats: Right  •  Throws: Right,"6-0, 210lb (183cm, 95kg)","Born: August 13, 1991 (Age: 35-054d) in Rosenberg, TX us","Debut: April 28, 2014 (Age 22-258d, 20,533rd in major league history)
   vs. MIL 2 AB, 0 H, 0 HR, 0 RBI, 0 SB","2026 Contract Status: Free Agent",15-15-15-15-15-15-34-34,"https://www.baseball-reference.com/req/2025011210/images/headshots/5/58d99fad_mlbam.jpg"
griffko01,"Konnor Griffin","Team: Pittsburgh Pirates (majors)","Position: Shortstop",Bats: Right  •  Throws: Right,"6-3, 222lb (190cm, 100kg)","Born: April 24, 2006 (Age: 20-165d) in Jackson, MS us","Debut: April 3, 2026 (Age 19-344d, 23,573rd in major league history)","2026 Contract Status: Signed thru 2034, 9 yrs/$140M (26-34)",6,"https://www.baseball-reference.com/req/2025011210/images/headshots/6/6c48a3d6_mlbam.jpg"
grishtr01,"Trent Grisham","Team: New York Yankees (majors, 10-day IL)","Position: Centerfielder",Bats: Left  •  Throws: Left,"5-10, 221lb (178cm, 100kg)","Born: November 1, 1996 (Age: 29-339d) in Burleson, TX us","Debut: August 1, 2019 (Age 22-273d, 21,930th in major league history)
   vs. OAK 3 AB, 0 H, 0 HR, 1 RBI, 0 SB","2026 Contract Status: Signed thru 2026, 1 yr/$22.03M (26)",2-2-1-12,"https://www.baseball-reference.com/req/2025011210/images/headshots/b/b2fe1256_mlbam.jpg"
grissva01,"Vaughn Grissom","Team: Los Angeles Angels (majors)","Positions: Second Baseman, First Baseman and Third Baseman",Bats: Right  •  Throws: Right,"6-2, 210lb (188cm, 95kg)","Born: January 5, 2001 (Age: 25-274d) in Orlando, FL us","Debut: August 10, 2022 (Age 21-217d, 22,701st in major league history)
   vs. BOS 4 AB, 2 H, 1 HR, 2 RBI, 1 SB","2026 Contract Status: Pre-Arb Eligible",18-5-5,"https://www.baseball-reference.com/req/2025011210/images/headshots/5/5c8ffaf7_mlbam.jpg"
groovlu01,"LuJames Groover","Team: Arizona Diamondbacks (minors, 40-man)","Positions: First Baseman, Designated Hitter and Third Baseman",Bats: Right  •  Throws: Right,"6-2, 215lb (188cm, 97kg)","Born: April 16, 2002 (Age: 24-173d) in East Point, GA us","Debut: June 5, 2026 (Age 24-050d, 23,668th in major league history)","2026 Contract Status: Not Updated",16,"https://www.baseball-reference.com/req/2025011210/images/headshots/e/e9851c04_mlbam.jpg"
guerrvl02,"Vladimir Guerrero Jr.","Team: Toronto Blue Jays (majors)","Positions: First Baseman and Third Baseman",Bats: Right  •  Throws: Right,"6-0, 245lb (183cm, 111kg)","Born: March 16, 1999 (Age: 27-204d) in Montreal, QC, Canada ca","Debut: April 26, 2019 (Age 20-041d, 21,806th in major league history)
   vs. OAK 4 AB, 1 H, 0 HR, 0 RBI, 0 SB","2026 Contract Status: Signed thru 2039, 14 yrs/$500M (26-39)",27,"https://www.baseball-reference.com/req/2025011210/images/headshots/a/a557a5ef_mlbam.jpg"
gurrilo01,"Lourdes Gurriel Jr.","undefined","Positions: Leftfielder, Shortstop and Second Baseman",Bats: Right  •  Throws: Right,"6-3, 215lb (190cm, 97kg)","Born: October 10, 1993 (Age: 32-361d) in Sancti Spiritus, Cuba cu","Debut: April 20, 2018 (Age 24-192d, 21,544th in major league history)
   vs. NYY 5 AB, 2 H, 0 HR, 3 RBI, 0 SB","2026 Contract Status: Signed thru 2026, 3 yrs/$42M (24-26) & 27 team option",13-12-12,"https://www.baseball-reference.com/req/2025011210/images/headshots/b/bdea0115_mlbam.jpg"
guzmade01,"Denzer Guzmán","Team: Los Angeles Angels (majors)","Positions: Third Baseman and Shortstop",Bats: Right  •  Throws: Right,"6-1, 190lb (185cm, 86kg)","Born: February 8, 2004 (Age: 22-240d) in San Pedro de Macoris, Dominican Republic do","Debut: September 13, 2025 (Age 21-217d, 23,536th in major league history)
   vs. SEA 3 AB, 0 H, 0 HR, 0 RBI, 0 SB","2026 Contract Status: Pre-Arb Eligible",13-23,"https://www.baseball-reference.com/req/2025011210/images/headshots/5/5cdeffd9_mlbam.jpg"
haaseer01,"Eric Haase","Team: Atlanta Braves (minors)","Positions: Catcher and Leftfielder",Bats: Right  •  Throws: Right,"5-10, 201lb (178cm, 91kg)","Born: December 18, 1992 (Age: 33-292d) in Detroit, MI us","Debut: September 2, 2018 (Age 25-258d, 21,711th in major league history)
   vs. TBR 1 AB, 0 H, 0 HR, 0 RBI, 0 SB","2026 Contract Status: Not Updated",38-13-9-13-18,"https://www.baseball-reference.com/req/2025011210/images/headshots/f/f83bf978_mlbam.jpg"
haggesa01,"Sam Haggerty","undefined","Positions: Outfielder and Second Baseman",Bats: Both  •  Throws: Right,"5-11, 175lb (180cm, 79kg)","Born: May 26, 1994 (Age: 32-133d) in Phoenix, AZ us","Debut: September 4, 2019 (Age 25-101d, 21,983rd in major league history)
   vs. WSN 0 AB, 0 H, 0 HR, 0 RBI, 0 SB","2026 Contract Status: Signed thru 2026, 1 yr/$1.25M (26)",19-28-0-0,"https://www.baseball-reference.com/req/2025011210/images/headshots/d/dacadcf7_mlbam.jpg"
halpipe01,"Petey Halpin","Team: Cleveland Guardians (majors)","Position: Centerfielder",Bats: Left  •  Throws: Right,"5-11, 200lb (180cm, 90kg)","Born: May 26, 2002 (Age: 24-133d) in San Mateo, CA us","Debut: September 20, 2025 (Age 23-117d, 23,545th in major league history)
   vs. MIN 3 AB, 1 H, 0 HR, 0 RBI, 0 SB","2026 Contract Status: Pre-Arb Eligible",0,"https://www.baseball-reference.com/req/2025011210/images/headshots/9/9bed128e_mlbam.jpg"
hamilda03,"David Hamilton","Team: Milwaukee Brewers (majors)","Positions: Second Baseman, Shortstop and Third Baseman",Bats: Left  •  Throws: Right,"5-10, 192lb (178cm, 87kg)","Born: September 29, 1997 (Age: 29-007d) in San Marcos, TX us","Debut: June 21, 2023 (Age 25-265d, 22,921st in major league history)
   vs. MIN 0 AB, 0 H, 0 HR, 0 RBI, 1 SB","2026 Contract Status: Pre-Arb Eligible",70-17-6,"https://www.baseball-reference.com/req/2025011210/images/headshots/1/1fedb67a_mlbam.jpg"
handlma01,"Maverick Handley","Team: Atlanta Braves (minors)","Position: Catcher",Bats: Right  •  Throws: Right,"5-9, 210lb (175cm, 95kg)","Born: March 10, 1998 (Age: 28-210d) in Denver, CO us","Debut: April 29, 2025 (Age 27-050d, 23,378th in major league history)
   vs. NYY 2 AB, 0 H, 0 HR, 0 RBI, 0 SB","2026 Contract Status: Pre-Arb Eligible",98,"https://www.baseball-reference.com/req/2025011210/images/headshots/5/5bb318c3_mlbam.jpg"
happia01,"Ian Happ","Team: Chicago Cubs (majors)","Positions: Leftfielder and Second Baseman",Bats: Both  •  Throws: Right,"5-10, 205lb (178cm, 92kg)","Born: August 12, 1994 (Age: 32-055d) in Pittsburgh, PA us","Debut: May 13, 2017 (Age 22-274d, 21,301st in major league history)
   vs. STL 3 AB, 1 H, 1 HR, 2 RBI, 0 SB","2026 Contract Status: Signed thru 2026, 3 yrs/$61M (24-26)",8,"https://www.baseball-reference.com/req/2025011210/images/headshots/c/cbe72712_mlbam.jpg"
harpebr03,"Bryce Harper","Team: Philadelphia Phillies (majors)","Positions: Rightfielder and First Baseman",Bats: Left  •  Throws: Right,"6-1, 210lb (185cm, 95kg)","Born: October 16, 1992 (Age: 33-355d) in Las Vegas, NV us","Debut: April 28, 2012 (Age 19-195d, 20,095th in major league history)
   vs. LAD 3 AB, 1 H, 0 HR, 1 RBI, 0 SB","2026 Contract Status: Signed thru 2031, 13 yrs/$330M (19-31)",34-3,"https://www.baseball-reference.com/req/2025011210/images/headshots/c/c61e922e_mlbam.jpg"
harribr02,"Brett Harris","Team: San Francisco Giants (majors)","Positions: Third Baseman and First Baseman",Bats: Right  •  Throws: Right,"6-2, 208lb (188cm, 94kg)","Born: June 24, 1998 (Age: 28-104d) in Arlington Heights, IL us","Debut: May 3, 2024 (Age 25-314d, 23,125th in major league history)
   vs. MIA 3 AB, 0 H, 0 HR, 0 RBI, 0 SB","2026 Contract Status: Pre-Arb Eligible",77-11-25-29,"https://www.baseball-reference.com/req/2025011210/images/headshots/a/abb0c6ba_mlbam.jpg"
harridu01,"Dustin Harris","Team: San Diego Padres (majors)","Position: Outfielder",Bats: Left  •  Throws: Right,"6-2, 185lb (188cm, 83kg)","Born: July 8, 1999 (Age: 27-090d) in Tampa, FL us","Debut: September 28, 2024 (Age 25-082d, 23,303rd in major league history)
   vs. LAA 2 AB, 0 H, 0 HR, 0 RBI, 0 SB","2026 Contract Status: Pre-Arb Eligible",38-37-37-29,"https://www.baseball-reference.com/req/2025011210/images/headshots/d/df10e2dd_mlbam.jpg"
harrimi04,"Michael Harris II","Team: Atlanta Braves (majors)","Position: Centerfielder",Bats: Left  •  Throws: Left,"5-11, 195lb (180cm, 88kg)","Born: March 7, 2001 (Age: 25-213d) in DeKalb, GA us","Debut: May 28, 2022 (Age 21-082d, 22,607th in major league history)
   vs. MIA 3 AB, 1 H, 0 HR, 0 RBI, 0 SB","2026 Contract Status: Signed thru 2030, 8 yrs/$77M (23-30) & 31-32 team option",23,"https://www.baseball-reference.com/req/2025011210/images/headshots/c/c9caf73a_mlbam.jpg"
hayeske01,"Ke'Bryan Hayes","Team: Cincinnati Reds (majors)","Position: Third Baseman",Bats: Right  •  Throws: Right,"5-11, 215lb (180cm, 97kg)","Born: January 28, 1997 (Age: 29-251d) in Tomball, TX us","Debut: September 1, 2020 (Age 23-217d, 22,167th in major league history)
   vs. CHC 5 AB, 2 H, 1 HR, 2 RBI, 0 SB","2026 Contract Status: Signed thru 2029, 8 yrs/$70M (22-29) & 30 team option",13-3,"https://www.baseball-reference.com/req/2025011210/images/headshots/3/3a2bfaab_mlbam.jpg"
haysau01,"Austin Hays","Team: San Diego Padres (majors)","Position: Leftfielder",Bats: Right  •  Throws: Right,"5-10, 200lb (178cm, 90kg)","Born: July 5, 1995 (Age: 31-093d) in Daytona Beach, FL us","Debut: September 7, 2017 (Age 22-064d, 21,486th in major league history)
   vs. NYY 1 AB, 0 H, 0 HR, 0 RBI, 0 SB","2026 Contract Status: Signed thru 2026, 1 yr/$6M (26) & 27 mutual option",18-21-9-12-21-15,"https://www.baseball-reference.com/req/2025011210/images/headshots/7/7631bdc6_mlbam.jpg"
hedgeau01,"Austin Hedges","Team: Cleveland Guardians (majors)","Position: Catcher",Bats: Right  •  Throws: Right,"6-0, 220lb (183cm, 99kg)","Born: August 18, 1992 (Age: 34-049d) in San Juan Capistrano, CA us","Debut: May 4, 2015 (Age 22-259d, 20,795th in major league history)
   vs. SFG 1 AB, 0 H, 0 HR, 0 RBI, 0 SB","2026 Contract Status: Signed thru 2026, 1 yr/$4M (26)",18-18-18-17-18-11-27,"https://www.baseball-reference.com/req/2025011210/images/headshots/c/cfdf60d0_mlbam.jpg"
heimjo01,"Jonah Heim","Team: Athletics (majors)","Position: Catcher",Bats: Both  •  Throws: Right,"6-4, 220lb (193cm, 99kg)","Born: June 27, 1995 (Age: 31-101d) in Buffalo, NY us","Debut: August 25, 2020 (Age 25-059d, 22,152nd in major league history)
   vs. TEX 3 AB, 1 H, 0 HR, 0 RBI, 0 SB","2026 Contract Status: Signed thru 2026, 1 yr/$1.5M (26)",37-28-20-15,"https://www.baseball-reference.com/req/2025011210/images/headshots/9/961b4f7c_mlbam.jpg"
heinety01,"Tyler Heineman","Team: Los Angeles Angels (majors)","Positions: Catcher and Pitcher",Bats: Both  •  Throws: Right,"5-10, 190lb (178cm, 86kg)","Born: June 19, 1991 (Age: 35-109d) in Pacific Palisades, CA us","Debut: September 4, 2019 (Age 28-077d, 21,983rd in major league history)
   vs. PIT 1 AB, 0 H, 0 HR, 0 RBI, 0 SB","2026 Contract Status: Signed thru 2026, 1 yr/$1.24M (26)",51-43-22-51-54-55-32-31,"https://www.baseball-reference.com/req/2025011210/images/headshots/c/ce970af6_mlbam.jpg"
helmami01,"Michael Helman","Team: Texas Rangers (majors)","Positions: Centerfielder and Shortstop",Bats: Right  •  Throws: Right,"6-0, 195lb (183cm, 88kg)","Born: May 23, 1996 (Age: 30-136d) in Lincoln, NE us","Debut: September 3, 2024 (Age 28-103d, 23,273rd in major league history)
   vs. TBR 2 AB, 1 H, 0 HR, 0 RBI, 0 SB","2026 Contract Status: Pre-Arb Eligible",92-24-23,"https://www.baseball-reference.com/req/2025011210/images/headshots/1/1810ccd4_mlbam.jpg"
hendegu01,"Gunnar Henderson","Team: Baltimore Orioles (majors)","Positions: Shortstop and Third Baseman",Bats: Left  •  Throws: Right,"6-3, 230lb (190cm, 104kg)","Born: June 29, 2001 (Age: 25-099d) in Montgomery, AL us","Debut: August 31, 2022 (Age 21-063d, 22,736th in major league history)
   vs. CLE 4 AB, 2 H, 1 HR, 1 RBI, 0 SB","2026 Contract Status: Signed thru 2026, 1 yr/$8.5M (26)",2,"https://www.baseball-reference.com/req/2025011210/images/headshots/2/298c5bf9_mlbam.jpg"
hernada04,"Darell Hernaiz","Team: Athletics (minors, 40-man)","Positions: Shortstop, Third Baseman and Second Baseman",Bats: Right  •  Throws: Right,"5-11, 190lb (180cm, 86kg)","Born: August 3, 2001 (Age: 25-064d) in San Juan, Puerto Rico pr","Debut: March 28, 2024 (Age 22-238d, 23,057th in major league history)
   vs. CLE 1 AB, 0 H, 0 HR, 0 RBI, 0 SB","2026 Contract Status: Pre-Arb Eligible",2,"https://www.baseball-reference.com/req/2025011210/images/headshots/8/861cbeaa_mlbam.jpg"
hernaen02,"Kiké Hernández","Team: Los Angeles Dodgers (majors)","Positions: Outfielder, Second Baseman and Shortstop",Bats: Right  •  Throws: Right,"5-10, 195lb (178cm, 88kg)","Born: August 24, 1991 (Age: 35-043d) in San Juan, Puerto Rico pr","Debut: July 1, 2014 (Age 22-311d, 20,617th in major league history)
   vs. SEA 2 AB, 2 H, 0 HR, 1 RBI, 0 SB","2026 Contract Status: Signed thru 2026, 1 yr/$4.5M (26)",6-12-14-5-8-08,"https://www.baseball-reference.com/req/2025011210/images/headshots/5/5de74ef4_mlbam.jpg"
hernahe01,"Heriberto Hernández","Team: Miami Marlins (majors)","Position: Leftfielder",Bats: Right  •  Throws: Right,"5-11, 195lb (180cm, 88kg)","Born: December 16, 1999 (Age: 26-294d) in Bonao, Dominican Republic do","Debut: May 30, 2025 (Age 25-165d, 23,422nd in major league history)
   vs. SFG 1 AB, 0 H, 0 HR, 0 RBI, 0 SB","2026 Contract Status: Pre-Arb Eligible",64-13,"https://www.baseball-reference.com/req/2025011210/images/headshots/0/0f60bf27_mlbam.jpg"
hernate01,"Teoscar Hernández","Team: Los Angeles Dodgers (majors)","Position: Outfielder",Bats: Right  •  Throws: Right,"6-0, 215lb (183cm, 97kg)","Born: October 15, 1992 (Age: 33-356d) in Cotui, Dominican Republic do","Debut: August 12, 2016 (Age 23-302d, 21,160th in major league history)
   vs. TOR 4 AB, 2 H, 1 HR, 1 RBI, 0 SB","2026 Contract Status: Signed thru 2027, 3 yrs/$66M (25-27) & 28-29 team/vesting option",35-37-35-37,"https://www.baseball-reference.com/req/2025011210/images/headshots/d/d6adef8e_mlbam.jpg"
herreiv01,"Iván Herrera","Team: St. Louis Cardinals (majors)","Positions: Designated Hitter and Catcher",Bats: Right  •  Throws: Right,"5-11, 220lb (180cm, 99kg)","Born: June 1, 2000 (Age: 26-127d) in Panama, Panama pa","Debut: May 24, 2022 (Age 21-357d, 22,602nd in major league history)
   vs. TOR 0 AB, 0 H, 0 HR, 0 RBI, 0 SB","2026 Contract Status: Pre-Arb Eligible",47-48,"https://www.baseball-reference.com/req/2025011210/images/headshots/1/1028ff5b_mlbam.jpg"
hicklbr01,"Brewer Hicklen","Team: Atlanta Braves (majors)","Position: Rightfielder",Bats: Right  •  Throws: Right,"6-2, 215lb (188cm, 97kg)","Born: February 9, 1996 (Age: 30-239d) in Huntsville, AL us","Debut: May 26, 2022 (Age 26-106d, 22,605th in major league history)
   vs. MIN 2 AB, 0 H, 0 HR, 0 RBI, 0 SB","2026 Contract Status: Not Updated",75-28-50-53,"https://www.baseball-reference.com/req/2025011210/images/headshots/e/e5ed2f0d_mlbam.jpg"
hicksli01,"Liam Hicks","Team: Tampa Bay Rays (majors)","Positions: Catcher, Designated Hitter and First Baseman",Bats: Left  •  Throws: Right,"5-9, 185lb (175cm, 83kg)","Born: June 2, 1999 (Age: 27-126d) in Toronto, ON, Canada ca","Debut: March 28, 2025 (Age 25-299d, 23,317th in major league history)
   vs. PIT 3 AB, 0 H, 0 HR, 0 RBI, 0 SB","2026 Contract Status: Pre-Arb Eligible",34-34,"https://www.baseball-reference.com/req/2025011210/images/headshots/e/ee5a5c74_mlbam.jpg"
higasky01,"Kyle Higashioka","Team: Texas Rangers (majors, 10-day IL)","Position: Catcher",Bats: Right  •  Throws: Right,"6-1, 202lb (185cm, 91kg)","Born: April 20, 1990 (Age: 36-169d) in Huntington Beach, CA us","Debut: April 10, 2017 (Age 26-355d, 21,263rd in major league history)
   vs. TBR 0 AB, 0 H, 0 HR, 0 RBI, 0 SB","2026 Contract Status: Signed thru 2026, 2 yrs/$13.5M (25-26) & 27 mutual option",30-38-66-20-11,"https://www.baseball-reference.com/req/2025011210/images/headshots/1/1d72366a_mlbam.jpg"
higgipj01,"P.J. Higgins","Team: Cincinnati Reds (minors)","Positions: Catcher, First Baseman and Third Baseman",Bats: Right  •  Throws: Right,"5-10, 195lb (178cm, 88kg)","Born: May 10, 1993 (Age: 33-149d) in Bridgeport, CT us","Debut: May 19, 2021 (Age 28-009d, 22,316th in major league history)
   vs. WSN 3 AB, 0 H, 0 HR, 0 RBI, 0 SB","2026 Contract Status: Not Updated",20-48-65,"https://www.baseball-reference.com/req/2025011210/images/headshots/7/7f596a85_mlbam.jpg"
hillde01,"Derek Hill","Team: Philadelphia Phillies (majors)","Position: Centerfielder",Bats: Right  •  Throws: Right,"6-0, 206lb (183cm, 93kg)","Born: December 30, 1995 (Age: 30-280d) in Des Moines, IA us","Debut: September 4, 2020 (Age 24-249d, 22,175th in major league history)
   vs. MIN 1 AB, 0 H, 0 HR, 0 RBI, 0 SB","2026 Contract Status: Signed thru 2026, 1 yr/$900k (26)",54-34-40-48-58-3-47-25-49,"https://www.baseball-reference.com/req/2025011210/images/headshots/d/d1cc5a02_mlbam.jpg"
hilltu01,"Turner Hill","Team: San Francisco Giants (majors)","Position: Leftfielder",Bats: Left  •  Throws: Left,"5-10, 198lb (178cm, 89kg)","Born: April 4, 1999 (Age: 27-185d) in Marietta, OH us","Debut: August 15, 2026 (Age 27-133d, 23,754th in major league history)","2026 Contract Status: Not Updated",52,"https://www.baseball-reference.com/req/2025011210/images/headshots/1/11311de5_milb.jpg"
hindsre01,"Rece Hinds","Team: Baltimore Orioles (majors)","Position: Rightfielder",Bats: Right  •  Throws: Right,"6-3, 215lb (190cm, 97kg)","Born: September 5, 2000 (Age: 26-031d) in Niceville, FL us","Debut: July 8, 2024 (Age 23-307d, 23,204th in major league history)
   vs. COL 3 AB, 2 H, 1 HR, 1 RBI, 0 SB","2026 Contract Status: Pre-Arb Eligible",77-57-40-62,"https://www.baseball-reference.com/req/2025011210/images/headshots/d/d1a61129_mlbam.jpg"
hoernni01,"Nico Hoerner","Team: Chicago Cubs (majors)","Positions: Second Baseman and Shortstop",Bats: Right  •  Throws: Right,"5-11, 200lb (180cm, 90kg)","Born: May 13, 1997 (Age: 29-146d) in Oakland, CA us","Debut: September 9, 2019 (Age 22-119d, 21,998th in major league history)
   vs. SDP 5 AB, 3 H, 0 HR, 4 RBI, 0 SB","2026 Contract Status: Signed thru 2032, 3 yrs/$35M (24-26), 6 yrs/$134.69M (27-32)",2,"https://www.baseball-reference.com/req/2025011210/images/headshots/1/14b34ae6_mlbam.jpg"
hollija01,"Jackson Holliday","Team: Baltimore Orioles (majors, 10-day IL)","Positions: Second Baseman and Shortstop",Bats: Left  •  Throws: Right,"5-11, 200lb (180cm, 90kg)","Born: December 4, 2003 (Age: 22-306d) in Austin, TX us","Debut: April 10, 2024 (Age 20-128d, 23,093rd in major league history)
   vs. BOS 4 AB, 0 H, 0 HR, 1 RBI, 0 SB","2026 Contract Status: Pre-Arb Eligible",7,"https://www.baseball-reference.com/req/2025011210/images/headshots/1/12bcaeab_mlbam.jpg"
horwisp01,"Spencer Horwitz","Team: Pittsburgh Pirates (majors)","Positions: First Baseman and Second Baseman",Bats: Left  •  Throws: Right,"5-10, 204lb (178cm, 92kg)","Born: November 14, 1997 (Age: 28-326d) in Timonium, MD us","Debut: June 18, 2023 (Age 25-216d, 22,913th in major league history)
   vs. TEX 2 AB, 1 H, 0 HR, 1 RBI, 0 SB","2026 Contract Status: Pre-Arb Eligible",48-2,"https://www.baseball-reference.com/req/2025011210/images/headshots/9/9520bd9a_mlbam.jpg"
hoskirh01,"Rhys Hoskins","Team: Cleveland Guardians (majors, 10-day IL)","Positions: First Baseman and Leftfielder",Bats: Right  •  Throws: Right,"6-3, 241lb (190cm, 109kg)","Born: March 17, 1993 (Age: 33-203d) in Sacramento, CA us","Debut: August 10, 2017 (Age 24-146d, 21,425th in major league history)
   vs. NYM 2 AB, 0 H, 0 HR, 0 RBI, 0 SB","2026 Contract Status: Free Agent",17-12-8,"https://www.baseball-reference.com/req/2025011210/images/headshots/f/fb729e33_mlbam.jpg"
housebr01,"Brady House","Team: Washington Nationals (majors)","Position: Third Baseman",Bats: Right  •  Throws: Right,"6-4, 208lb (193cm, 94kg)","Born: June 4, 2003 (Age: 23-124d) in Winder, GA us","Debut: June 16, 2025 (Age 22-012d, 23,443rd in major league history)
   vs. COL 3 AB, 0 H, 0 HR, 0 RBI, 0 SB","2026 Contract Status: Pre-Arb Eligible",55-12,"https://www.baseball-reference.com/req/2025011210/images/headshots/4/46939669_mlbam.jpg"
huffsa01,"Sam Huff","Team: Baltimore Orioles (minors)","Positions: Catcher and First Baseman",Bats: Right  •  Throws: Right,"6-4, 242lb (193cm, 109kg)","Born: January 14, 1998 (Age: 28-265d) in Phoenix, AZ us","Debut: September 11, 2020 (Age 22-241d, 22,191st in major league history)
   vs. OAK 3 AB, 0 H, 0 HR, 0 RBI, 0 SB","2026 Contract Status: Not Updated",74-55-23-31,"https://www.baseball-reference.com/req/2025011210/images/headshots/c/cf05afc8_mlbam.jpg"
huntbl01,"Blake Hunt","undefined","Position: Catcher",Bats: Right  •  Throws: Right,"6-4, 215lb (193cm, 97kg)","Born: November 10, 1998 (Age: 27-330d) in Costa Mesa, CA us","Debut: June 19, 2026 (Age 27-221d, 23,687th in major league history)","2026 Contract Status: Not Updated",26,"https://www.baseball-reference.com/req/2025011210/images/headshots/3/34efb341_mlbam.jpg"
ibanean01,"Andy Ibáñez","Team: Seattle Mariners (minors)","Positions: Second Baseman, Third Baseman and Pinch Hitter",Bats: Right  •  Throws: Right,"5-10, 205lb (178cm, 92kg)","Born: April 3, 1993 (Age: 33-186d) in La Habana, Cuba cu","Debut: May 4, 2021 (Age 28-031d, 22,296th in major league history)
   vs. MIN 1 AB, 1 H, 0 HR, 0 RBI, 0 SB","2026 Contract Status: Signed thru 2026, 1 yr/$1.2M (26)",77-77-77-77,"https://www.baseball-reference.com/req/2025011210/images/headshots/e/e174160f_mlbam.jpg"
indiajo01,"Jonathan India","Team: Kansas City Royals (majors, 60-day IL)","Position: Second Baseman",Bats: Right  •  Throws: Right,"5-10, 200lb (178cm, 90kg)","Born: December 15, 1996 (Age: 29-295d) in Fort Lauderdale, FL us","Debut: April 1, 2021 (Age 24-107d, 22,223rd in major league history)
   vs. STL 4 AB, 2 H, 0 HR, 0 RBI, 0 SB","2026 Contract Status: Signed thru 2026, 1 yr/$8M (26)",6-6,"https://www.baseball-reference.com/req/2025011210/images/headshots/d/d19b960b_mlbam.jpg"
ingleco01,"Cooper Ingle","Team: Cleveland Guardians (minors, 40-man)","Positions: Leftfielder and Designated Hitter",Bats: Left  •  Throws: Right,"5-8, 190lb (173cm, 86kg)","Born: February 23, 2002 (Age: 24-225d) in Asheville, NC us","Debut: June 26, 2026 (Age 24-123d, 23,693rd in major league history)","2026 Contract Status: Not Updated",30,"https://www.baseball-reference.com/req/2025011210/images/headshots/1/1782e420_mlbam.jpg"
isbelky01,"Kyle Isbel","Team: Kansas City Royals (majors)","Position: Centerfielder",Bats: Left  •  Throws: Right,"5-10, 190lb (178cm, 86kg)","Born: March 3, 1997 (Age: 29-217d) in Fontana, CA us","Debut: April 1, 2021 (Age 24-029d, 22,223rd in major league history)
   vs. TEX 5 AB, 3 H, 0 HR, 2 RBI, 0 SB","2026 Contract Status: Signed thru 2026, 1 yr/$2.7M (26)",28,"https://www.baseball-reference.com/req/2025011210/images/headshots/b/bbfd792a_mlbam.jpg"
jacksal02,"Alex Jackson","Team: Minnesota Twins (minors)","Position: Catcher",Bats: Right  •  Throws: Right,"6-1, 238lb (185cm, 107kg)","Born: December 25, 1995 (Age: 30-285d) in San Diego, CA us","Debut: April 7, 2019 (Age 23-103d, 21,780th in major league history)
   vs. MIA 3 AB, 0 H, 0 HR, 0 RBI, 0 SB","2026 Contract Status: Signed thru 2026, 1 yr/$1.35M (26)",70-12-23-5-28-70-70,"https://www.baseball-reference.com/req/2025011210/images/headshots/0/0827baf2_mlbam.jpg"
jacksje02,"Jeremiah Jackson","Team: Baltimore Orioles (majors)","Positions: Second Baseman, Rightfielder and Third Baseman",Bats: Right  •  Throws: Right,"5-11, 200lb (180cm, 90kg)","Born: March 26, 2000 (Age: 26-194d) in Antioch, TN us","Debut: August 1, 2025 (Age 25-128d, 23,483rd in major league history)
   vs. CHC 3 AB, 1 H, 0 HR, 0 RBI, 0 SB","2026 Contract Status: Pre-Arb Eligible",82,"https://www.baseball-reference.com/req/2025011210/images/headshots/5/58cc7e8c_mlbam.jpg"
janseda01,"Danny Jansen","Team: Texas Rangers (majors)","Position: Catcher",Bats: Right  •  Throws: Right,"6-2, 240lb (188cm, 108kg)","Born: April 15, 1995 (Age: 31-174d) in Elmhurst, IL us","Debut: August 13, 2018 (Age 23-120d, 21,680th in major league history)
   vs. KCR 3 AB, 2 H, 0 HR, 0 RBI, 0 SB","2026 Contract Status: Signed thru 2027, 2 yrs/$16.75M (26-27) & 28 mutual option",9-28-19-33-9,"https://www.baseball-reference.com/req/2025011210/images/headshots/1/188dc647_mlbam.jpg"
jarviji01,"Jim Jarvis","Team: Atlanta Braves (minors, 40-man)","Position: Shortstop",Bats: Left  •  Throws: Right,"5-9, 190lb (175cm, 86kg)","Born: November 6, 2000 (Age: 25-334d) in San Diego, CA us","Debut: May 6, 2026 (Age 25-181d, 23,618th in major league history)","2026 Contract Status: Not Updated",74,"https://www.baseball-reference.com/req/2025011210/images/headshots/5/5ce80eb8_mlbam.jpg"
jeffery01,"Ryan Jeffers","Team: Minnesota Twins (majors)","Position: Catcher",Bats: Right  •  Throws: Right,"6-2, 235lb (188cm, 106kg)","Born: June 3, 1997 (Age: 29-125d) in Raleigh, NC us","Debut: August 20, 2020 (Age 23-078d, 22,134th in major league history)
   vs. MIL 3 AB, 2 H, 0 HR, 1 RBI, 0 SB","2026 Contract Status: Signed thru 2026, 1 yr/$6.7M (26)",39-27,"https://www.baseball-reference.com/req/2025011210/images/headshots/9/956d796e_mlbam.jpg"
jenkiwa01,"Walker Jenkins","Team: Minnesota Twins (majors)","Position: Centerfielder",Bats: Left  •  Throws: Right,"6-3, 210lb (190cm, 95kg)","Born: February 19, 2005 (Age: 21-229d) in Wilmington, NC us","Debut: August 28, 2026 (Age 21-190d, 23,769th in major league history)","2026 Contract Status: Not Updated",11,"https://www.baseball-reference.com/req/2025011210/images/headshots/2/24f9a078_mlbam.jpg"
jenseca01,"Carter Jensen","Team: Kansas City Royals (majors)","Positions: Catcher and Designated Hitter",Bats: Left  •  Throws: Right,"6-0, 210lb (183cm, 95kg)","Born: July 3, 2003 (Age: 23-095d) in Kansas City, MO us","Debut: September 2, 2025 (Age 22-061d, 23,525th in major league history)
   vs. LAA 1 AB, 0 H, 0 HR, 0 RBI, 0 SB","2026 Contract Status: Pre-Arb Eligible",22,"https://www.baseball-reference.com/req/2025011210/images/headshots/6/67518f7c_mlbam.jpg"
jimenel02,"Eloy Jiménez","undefined","Positions: Designated Hitter and Leftfielder",Bats: Right  •  Throws: Right,"6-4, 250lb (193cm, 113kg)","Born: November 27, 1996 (Age: 29-313d) in Santo Domingo, Dominican Republic do","Debut: March 28, 2019 (Age 22-121d, 21,754th in major league history)
   vs. KCR 3 AB, 0 H, 0 HR, 1 RBI, 0 SB","2026 Contract Status: Not Updated",74-72-74,"https://www.baseball-reference.com/req/2025011210/images/headshots/3/3847ab75_mlbam.jpg"
jimenle01,"Leo Jiménez","undefined","Positions: Shortstop, Second Baseman and Third Baseman",Bats: Right  •  Throws: Right,"5-10, 215lb (178cm, 97kg)","Born: May 17, 2001 (Age: 25-142d) in Chitre, Panama pa","Debut: July 4, 2024 (Age 23-048d, 23,199th in major league history)
   vs. HOU 1 AB, 0 H, 0 HR, 0 RBI, 0 SB","2026 Contract Status: Pre-Arb Eligible",49-19,"https://www.baseball-reference.com/req/2025011210/images/headshots/a/ab5ec321_mlbam.jpg"
joeco01,"Connor Joe","Team: Seattle Mariners (minors)","Positions: Outfielder and First Baseman",Bats: Right  •  Throws: Right,"5-11, 205lb (180cm, 92kg)","Born: August 16, 1992 (Age: 34-051d) in San Diego, CA us","Debut: March 28, 2019 (Age 26-224d, 21,754th in major league history)
   vs. SDP 1 AB, 0 H, 0 HR, 0 RBI, 0 SB","2026 Contract Status: Not Updated",18-9-2-24-17-9,"https://www.baseball-reference.com/req/2025011210/images/headshots/e/e4f2f0fa_mlbam.jpg"
johnsbr03,"Bryce Johnson","Team: San Diego Padres (minors)","Position: Outfielder",Bats: Both  •  Throws: Right,"5-11, 190lb (180cm, 86kg)","Born: October 27, 1995 (Age: 30-344d) in Cypress, TX us","Debut: August 3, 2022 (Age 26-280d, 22,692nd in major league history)
   vs. LAD 2 AB, 0 H, 0 HR, 0 RBI, 0 SB","2026 Contract Status: Pre-Arb Eligible",58-27-29,"https://www.baseball-reference.com/req/2025011210/images/headshots/4/479f757b_mlbam.jpg"
johnsda07,"Daniel Johnson","undefined","Position: Outfielder",Bats: Left  •  Throws: Left,"5-10, 200lb (178cm, 90kg)","Born: July 11, 1995 (Age: 31-087d) in Vallejo, CA us","Debut: July 25, 2020 (Age 25-014d, 22,032nd in major league history)
   vs. KCR 3 AB, 0 H, 0 HR, 0 RBI, 0 SB","2026 Contract Status: Pre-Arb Eligible",23-53-56-56-31,"https://www.baseball-reference.com/req/2025011210/images/headshots/f/f72443ea_mlbam.jpg"
johnsiv01,"Ivan Johnson","Team: Cincinnati Reds (minors, 40-man)","Positions: Second Baseman, Third Baseman and Leftfielder",Bats: Both  •  Throws: Right,"6-0, 190lb (183cm, 86kg)","Born: October 11, 1998 (Age: 27-360d) in Atlanta, GA us","Debut: June 30, 2026 (Age 27-262d, 23,700th in major league history)","2026 Contract Status: Not Updated",63,"https://www.baseball-reference.com/req/2025011210/images/headshots/6/6fdc4669_mlbam.jpg"
johnstr02,"Troy Johnston","Team: Colorado Rockies (majors)","Positions: Outfielder and First Baseman",Bats: Left  •  Throws: Left,"5-11, 206lb (180cm, 93kg)","Born: June 22, 1997 (Age: 29-106d) in Tacoma, WA us","Debut: July 29, 2025 (Age 28-037d, 23,479th in major league history)
   vs. STL 2 AB, 1 H, 0 HR, 0 RBI, 0 SB","2026 Contract Status: Pre-Arb Eligible",75-20,"https://www.baseball-reference.com/req/2025011210/images/headshots/2/2dd3fe14_mlbam.jpg"
jonesgr02,"Greg Jones","Team: Chicago Cubs (minors)","Positions: Outfielder and Second Baseman",Bats: Both  •  Throws: Right,"6-0, 189lb (183cm, 85kg)","Born: March 7, 1998 (Age: 28-213d) in Cary, NC us","Debut: June 6, 2024 (Age 26-091d, 23,161st in major league history)
   vs. STL 0 AB, 0 H, 0 HR, 0 RBI, 0 SB","2026 Contract Status: Not Updated",2-30-14,"https://www.baseball-reference.com/req/2025011210/images/headshots/4/4a850252_mlbam.jpg"
jonesja08,"Jahmai Jones","Team: Boston Red Sox (majors)","Positions: Designated Hitter, Pinch Hitter and Outfielder",Bats: Right  •  Throws: Right,"5-10, 210lb (178cm, 95kg)","Born: August 4, 1997 (Age: 29-063d) in Roswell, GA us","Debut: August 31, 2020 (Age 23-027d, 22,164th in major league history)
   vs. SEA 0 AB, 0 H, 0 HR, 0 RBI, 0 SB","2026 Contract Status: Pre-Arb Eligible",9-37-12-14-18-37,"https://www.baseball-reference.com/req/2025011210/images/headshots/c/c2244153_mlbam.jpg"
jonessp01,"Spencer Jones","Team: New York Yankees (majors)","Position: Outfielder",Bats: Left  •  Throws: Left,"6-7, 240lb (201cm, 108kg)","Born: May 14, 2001 (Age: 25-145d) in Encinitas, CA us","Debut: May 8, 2026 (Age 24-359d, 23,623rd in major league history)","2026 Contract Status: Not Updated",78,"https://www.baseball-reference.com/req/2025011210/images/headshots/9/9bdfdd4a_mlbam.jpg"
jordabl01,"Blaze Jordan","Team: St. Louis Cardinals (majors, 10-day IL)","Positions: Third Baseman and First Baseman",Bats: Right  •  Throws: Right,"6-1, 220lb (185cm, 99kg)","Born: December 19, 2002 (Age: 23-291d) in Southaven, MS us","Debut: June 12, 2026 (Age 23-175d, 23,674th in major league history)","2026 Contract Status: Not Updated",33,"https://www.baseball-reference.com/req/2025011210/images/headshots/b/b2e1ac3b_mlbam.jpg"
jorgeca01,"Carlos Jorge","Team: Cincinnati Reds (majors)","Positions: Centerfielder and Pinch Hitter",Bats: Left  •  Throws: Right,"5-9, 160lb (175cm, 72kg)","Born: September 22, 2003 (Age: 23-014d) in Puerto Plata, Dominican Republic do","Debut: September 4, 2026 (Age 22-347d, 23,787th in major league history)","2026 Contract Status: Not Updated",38,"https://www.baseball-reference.com/req/2025011210/images/headshots/4/47b8efd0_milb.jpg"
judgeaa01,"Aaron Judge","Team: New York Yankees (majors, 10-day IL)","Position: Rightfielder",Bats: Right  •  Throws: Right,"6-7, 282lb (201cm, 127kg)","Born: April 26, 1992 (Age: 34-163d) in Sacramento, CA us","Debut: August 13, 2016 (Age 24-109d, 21,163rd in major league history)
   vs. TBR 4 AB, 2 H, 1 HR, 1 RBI, 0 SB","2026 Contract Status: Signed thru 2031, 9 yrs/$360M (23-31)",99,"https://www.baseball-reference.com/req/2025011210/images/headshots/0/06c9f502_mlbam.jpg"
julieed01,"Edouard Julien","Team: Colorado Rockies (minors)","Positions: Second Baseman and First Baseman",Bats: Left  •  Throws: Right,"6-1, 195lb (185cm, 88kg)","Born: April 30, 1999 (Age: 27-159d) in Quebec, QC, Canada ca","Debut: April 12, 2023 (Age 23-347d, 22,820th in major league history)
   vs. CHW 2 AB, 0 H, 0 HR, 0 RBI, 0 SB","2026 Contract Status: Pre-Arb Eligible",47-6,"https://www.baseball-reference.com/req/2025011210/images/headshots/9/9037e817_mlbam.jpg"
julksco01,"Corey Julks","Team: Detroit Tigers (minors, 40-man)","Position: Leftfielder",Bats: Right  •  Throws: Right,"5-11, 220lb (180cm, 99kg)","Born: February 27, 1996 (Age: 30-221d) in Friendswood, TX us","Debut: March 31, 2023 (Age 27-032d, 22,803rd in major league history)
   vs. CHW 4 AB, 1 H, 0 HR, 0 RBI, 0 SB","2026 Contract Status: Not Updated",9-30-32-44,"https://www.baseball-reference.com/req/2025011210/images/headshots/8/8cfe7aa5_mlbam.jpg"
jungja01,"Jace Jung","Team: Detroit Tigers (majors)","Positions: Third Baseman and Second Baseman",Bats: Left  •  Throws: Right,"5-11, 205lb (180cm, 92kg)","Born: October 4, 2000 (Age: 26-002d) in San Antonio, TX us","Debut: August 16, 2024 (Age 23-317d, 23,246th in major league history)
   vs. NYY 2 AB, 0 H, 0 HR, 0 RBI, 0 SB","2026 Contract Status: Pre-Arb Eligible",17,"https://www.baseball-reference.com/req/2025011210/images/headshots/c/c0cb0bb0_mlbam.jpg"
jungjo01,"Josh Jung","Team: Texas Rangers (majors, 10-day IL)","Position: Third Baseman",Bats: Right  •  Throws: Right,"6-1, 214lb (185cm, 97kg)","Born: February 12, 1998 (Age: 28-236d) in San Antonio, TX us","Debut: September 9, 2022 (Age 24-209d, 22,756th in major league history)
   vs. TOR 4 AB, 2 H, 1 HR, 1 RBI, 1 SB","2026 Contract Status: Signed thru 2026, 1 yr/$2.9M (26)",6,"https://www.baseball-reference.com/req/2025011210/images/headshots/d/d6f86fa1_mlbam.jpg"
karroky01,"Kyle Karros","Team: Colorado Rockies (majors)","Position: Third Baseman",Bats: Right  •  Throws: Right,"6-5, 225lb (196cm, 102kg)","Born: July 26, 2002 (Age: 24-072d) in Los Angeles, CA us","Debut: August 8, 2025 (Age 23-013d, 23,490th in major league history)
   vs. ARI 3 AB, 1 H, 0 HR, 1 RBI, 0 SB","2026 Contract Status: Pre-Arb Eligible",12,"https://www.baseball-reference.com/req/2025011210/images/headshots/9/990a80f3_mlbam.jpg"
kayfucj01,"CJ Kayfus","Team: Cleveland Guardians (minors, 40-man)","Positions: Rightfielder and First Baseman",Bats: Left  •  Throws: Left,"5-11, 192lb (180cm, 87kg)","Born: October 28, 2001 (Age: 24-343d) in Boca Raton, FL us","Debut: August 2, 2025 (Age 23-278d, 23,487th in major league history)
   vs. MIN 4 AB, 0 H, 0 HR, 1 RBI, 0 SB","2026 Contract Status: Pre-Arb Eligible",63-2,"https://www.baseball-reference.com/req/2025011210/images/headshots/d/dfee09e7_mlbam.jpg"
keasclu01,"Luke Keaschall","Team: Minnesota Twins (majors)","Positions: Second Baseman and Rightfielder",Bats: Right  •  Throws: Right,"6-0, 190lb (183cm, 86kg)","Born: August 15, 2002 (Age: 24-052d) in Watsonville, CA us","Debut: April 18, 2025 (Age 22-246d, 23,351st in major league history)
   vs. ATL 4 AB, 2 H, 0 HR, 1 RBI, 1 SB","2026 Contract Status: Pre-Arb Eligible",15,"https://www.baseball-reference.com/req/2025011210/images/headshots/a/a22ea982_mlbam.jpg"
keirsda01,"DaShawn Keirsey Jr.","Team: Atlanta Braves (majors)","Positions: Outfielder and Pinch Runner",Bats: Left  •  Throws: Left,"6-0, 195lb (183cm, 88kg)","Born: May 13, 1997 (Age: 29-146d) in San Diego, CA us","Debut: September 5, 2024 (Age 27-115d, 23,277th in major league history)
   vs. TBR 0 AB, 0 H, 0 HR, 0 RBI, 0 SB","2026 Contract Status: Pre-Arb Eligible",89-21-49,"https://www.baseball-reference.com/req/2025011210/images/headshots/9/90c264ab_mlbam.jpg"
keithco01,"Colt Keith","Team: Detroit Tigers (majors, 10-day IL)","Positions: Second Baseman, Designated Hitter and Third Baseman",Bats: Left  •  Throws: Right,"6-2, 211lb (188cm, 95kg)","Born: August 14, 2001 (Age: 25-053d) in Zanesville, OH us","Debut: March 28, 2024 (Age 22-227d, 23,057th in major league history)
   vs. CHW 4 AB, 1 H, 0 HR, 0 RBI, 0 SB","2026 Contract Status: Signed thru 2029, 6 yrs/$31.64M (24-29) & 30-32 team option",33,"https://www.baseball-reference.com/req/2025011210/images/headshots/2/24d0505e_mlbam.jpg"
kelenja01,"Jarred Kelenic","Team: New York Yankees (minors)","Position: Outfielder",Bats: Left  •  Throws: Left,"5-11, 206lb (180cm, 93kg)","Born: July 16, 1999 (Age: 27-082d) in Waukesha, WI us","Debut: May 13, 2021 (Age 21-301d, 22,308th in major league history)
   vs. CLE 4 AB, 0 H, 0 HR, 0 RBI, 0 SB","2026 Contract Status: Not Updated",10-24-24-25,"https://www.baseball-reference.com/req/2025011210/images/headshots/e/e14d6fb7_mlbam.jpg"
kellyca02,"Carson Kelly","Team: Chicago Cubs (majors)","Position: Catcher",Bats: Right  •  Throws: Right,"6-1, 212lb (185cm, 96kg)","Born: July 14, 1994 (Age: 32-084d) in Chicago, IL us","Debut: September 5, 2016 (Age 22-053d, 21,208th in major league history)
   vs. PIT 1 AB, 1 H, 0 HR, 0 RBI, 0 SB","2026 Contract Status: Signed thru 2026, 2 yrs/$11.5M (25-26) & 27 mutual option",71-30-19-18-18-15-18-15,"https://www.baseball-reference.com/req/2025011210/images/headshots/3/3a165059_mlbam.jpg"
kempot01,"Otto Kemp","Team: Philadelphia Phillies (minors, 40-man)","Positions: Third Baseman, Leftfielder and First Baseman",Bats: Right  •  Throws: Right,"5-11, 185lb (180cm, 83kg)","Born: September 9, 1999 (Age: 27-027d) in Fullerton, CA us","Debut: June 7, 2025 (Age 25-271d, 23,433rd in major league history)
   vs. PIT 3 AB, 0 H, 0 HR, 0 RBI, 0 SB","2026 Contract Status: Pre-Arb Eligible",4,"https://www.baseball-reference.com/req/2025011210/images/headshots/0/0bdd1332_mlbam.jpg"
kennebu01,"Buddy Kennedy","Team: Washington Nationals (minors, 7-day IL)","Positions: Third Baseman and Second Baseman",Bats: Right  •  Throws: Right,"5-10, 213lb (178cm, 96kg)","Born: October 5, 1998 (Age: 28-001d) in Millville, NJ us","Debut: June 17, 2022 (Age 23-255d, 22,640th in major league history)
   vs. MIN 3 AB, 1 H, 0 HR, 0 RBI, 0 SB","2026 Contract Status: Not Updated",45-16-40-19-24-46-41-39,"https://www.baseball-reference.com/req/2025011210/images/headshots/5/55492c09_mlbam.jpg"
keplema01,"Max Kepler","undefined","Position: Rightfielder",Bats: Left  •  Throws: Left,"6-4, 225lb (193cm, 102kg)","Born: February 10, 1993 (Age: 33-238d) in Berlin, Germany de","Debut: September 27, 2015 (Age 22-229d, 20,980th in major league history)
   vs. DET 1 AB, 0 H, 0 HR, 0 RBI, 0 SB","2026 Contract Status: Signed thru 2026, 1 yr/$780k (26)",67-26-17-22,"https://www.baseball-reference.com/req/2025011210/images/headshots/c/c9413e23_mlbam.jpg"
keysse01,"Sean Keys","Team: Toronto Blue Jays (majors)","Positions: First Baseman, Designated Hitter and Leftfielder",Bats: Left  •  Throws: Right,"6-1, 232lb (185cm, 105kg)","Born: May 26, 2003 (Age: 23-133d) in Huntington, NY us","Debut: June 27, 2026 (Age 23-032d, 23,695th in major league history)","2026 Contract Status: Not Updated",20,"https://www.baseball-reference.com/req/2025011210/images/headshots/5/5ef25542_mlbam.jpg"
kimha01,"Ha-Seong Kim","Team: Atlanta Braves (majors)","Positions: Shortstop, Second Baseman and Third Baseman",Bats: Right  •  Throws: Right,"5-10, 200lb (178cm, 90kg)","Born: October 17, 1995 (Age: 30-354d) in Bucheon, South Korea kr","Debut: April 1, 2021 (Age 25-166d, 22,223rd in major league history)
   vs. ARI 1 AB, 0 H, 0 HR, 0 RBI, 0 SB","2026 Contract Status: Signed thru 2026, 1 yr/$20M (26)",7-7-9-7,"https://www.baseball-reference.com/req/2025011210/images/headshots/e/ea8147e5_mlbam.jpg"
kimhy02,"Hyeseong Kim","Team: Los Angeles Dodgers (minors, 40-man)","Positions: Second Baseman, Shortstop and Centerfielder",Bats: Left  •  Throws: Right,"5-10, 175lb (178cm, 79kg)","Born: January 27, 1999 (Age: 27-252d) in Goyang, South Korea kr","Debut: May 3, 2025 (Age 26-096d, 23,389th in major league history)
   vs. ATL 0 AB, 0 H, 0 HR, 0 RBI, 0 SB","2026 Contract Status: Pre-Arb Eligible",6,"https://www.baseball-reference.com/req/2025011210/images/headshots/2/28d7dd04_mlbam.jpg"
kineris01,"Isiah Kiner-Falefa","Team: Boston Red Sox (majors)","Positions: Shortstop, Third Baseman and Second Baseman",Bats: Right  •  Throws: Right,"5-10, 195lb (178cm, 88kg)","Born: March 23, 1995 (Age: 31-197d) in Honolulu, HI us","Debut: April 10, 2018 (Age 23-018d, 21,528th in major league history)
   vs. LAA 1 AB, 0 H, 0 HR, 0 RBI, 0 SB","2026 Contract Status: Signed thru 2026, 1 yr/$6M (26)",9-12-7-7-2,"https://www.baseball-reference.com/req/2025011210/images/headshots/c/cee8d5c1_mlbam.jpg"
kingesc01,"Scott Kingery","undefined","Positions: Shortstop, Centerfielder and Second Baseman",Bats: Right  •  Throws: Right,"5-9, 180lb (175cm, 81kg)","Born: April 29, 1994 (Age: 32-160d) in Phoenix, AZ us","Debut: March 30, 2018 (Age 23-335d, 21,510th in major league history)
   vs. ATL 5 AB, 2 H, 0 HR, 0 RBI, 1 SB","2026 Contract Status: Not Updated",4-13-12,"https://www.baseball-reference.com/req/2025011210/images/headshots/4/4dac4d42_mlbam.jpg"
kirkal01,"Alejandro Kirk","Team: Toronto Blue Jays (majors)","Position: Catcher",Bats: Right  •  Throws: Right,"5-8, 245lb (173cm, 111kg)","Born: November 6, 1998 (Age: 27-334d) in Tijuana, Mexico mx","Debut: September 12, 2020 (Age 21-311d, 22,193rd in major league history)
   vs. NYM 3 AB, 1 H, 0 HR, 0 RBI, 0 SB","2026 Contract Status: Signed thru 2030, 5 yrs/$58M (26-30)",85-30,"https://www.baseball-reference.com/req/2025011210/images/headshots/0/08b75617_mlbam.jpg"
kjershe01,"Heston Kjerstad","Team: Baltimore Orioles (majors)","Position: Outfielder",Bats: Left  •  Throws: Right,"6-2, 215lb (188cm, 97kg)","Born: February 12, 1999 (Age: 27-236d) in Amarillo, TX us","Debut: September 14, 2023 (Age 24-214d, 23,033rd in major league history)
   vs. TBR 1 AB, 0 H, 0 HR, 0 RBI, 0 SB","2026 Contract Status: Pre-Arb Eligible",13,"https://www.baseball-reference.com/req/2025011210/images/headshots/d/de1f2870_mlbam.jpg"
kniznan01,"Andrew Knizner","Team: San Francisco Giants (majors)","Position: Catcher",Bats: Right  •  Throws: Right,"6-0, 225lb (183cm, 102kg)","Born: February 3, 1995 (Age: 31-245d) in Glen Allen, VA us","Debut: June 2, 2019 (Age 24-119d, 21,859th in major league history)
   vs. CHC 3 AB, 0 H, 0 HR, 0 RBI, 0 SB","2026 Contract Status: Signed thru 2026, 1 yr/$1M (26)",7-12-21-19,"https://www.baseball-reference.com/req/2025011210/images/headshots/3/372566fd_mlbam.jpg"
kossch01,"Christian Koss","Team: San Francisco Giants (majors)","Positions: Second Baseman, Shortstop and Third Baseman",Bats: Right  •  Throws: Right,"6-1, 185lb (185cm, 83kg)","Born: January 27, 1998 (Age: 28-252d) in Riverside, CA us","Debut: April 1, 2025 (Age 27-064d, 23,331st in major league history)
   vs. HOU 3 AB, 0 H, 0 HR, 0 RBI, 0 SB","2026 Contract Status: Pre-Arb Eligible",50,"https://www.baseball-reference.com/req/2025011210/images/headshots/4/48dde7c6_mlbam.jpg"
kreidry01,"Ryan Kreidler","Team: Minnesota Twins (majors)","Positions: Shortstop, Centerfielder and Third Baseman",Bats: Right  •  Throws: Right,"6-3, 208lb (190cm, 94kg)","Born: November 12, 1997 (Age: 28-328d) in Davis, CA us","Debut: September 2, 2022 (Age 24-294d, 22,739th in major league history)
   vs. KCR 2 AB, 0 H, 0 HR, 0 RBI, 0 SB","2026 Contract Status: Pre-Arb Eligible",32-5,"https://www.baseball-reference.com/req/2025011210/images/headshots/0/04b515f4_mlbam.jpg"
kurodjo01,"Joshua Kuroda-Grauer","Team: Athletics (majors)","Positions: Third Baseman, Second Baseman and Shortstop",Bats: Right  •  Throws: Right,"5-10, 205lb (178cm, 92kg)","Born: January 31, 2003 (Age: 23-248d) in New Brunswick, NJ us","Debut: June 29, 2026 (Age 23-149d, 23,697th in major league history)","2026 Contract Status: Not Updated",44,"https://www.baseball-reference.com/req/2025011210/images/headshots/7/70744a11_mlbam.jpg"
kurtzni01,"Nick Kurtz","Team: Athletics (majors, 60-day IL)","Position: First Baseman",Bats: Left  •  Throws: Left,"6-5, 240lb (196cm, 108kg)","Born: March 12, 2003 (Age: 23-208d) in Lancaster, PA us","Debut: April 23, 2025 (Age 22-042d, 23,368th in major league history)
   vs. TEX 4 AB, 1 H, 0 HR, 1 RBI, 0 SB","2026 Contract Status: Pre-Arb Eligible",16,"https://www.baseball-reference.com/req/2025011210/images/headshots/4/4d9ac392_mlbam.jpg"
kwanst01,"Steven Kwan","Team: Cleveland Guardians (majors)","Position: Leftfielder",Bats: Left  •  Throws: Left,"5-8, 170lb (173cm, 77kg)","Born: September 5, 1997 (Age: 29-031d) in Los Gatos, CA us","Debut: April 7, 2022 (Age 24-214d, 22,488th in major league history)
   vs. KCR 2 AB, 1 H, 0 HR, 0 RBI, 0 SB","2026 Contract Status: Signed thru 2026, 1 yr/$7.73M (26)",38,"https://www.baseball-reference.com/req/2025011210/images/headshots/9/98527e8c_mlbam.jpg"
langesh01,"Shea Langeliers","Team: Athletics (majors)","Position: Catcher",Bats: Right  •  Throws: Right,"5-11, 205lb (180cm, 92kg)","Born: November 18, 1997 (Age: 28-322d) in Portland, OR us","Debut: August 16, 2022 (Age 24-271d, 22,708th in major league history)
   vs. TEX 4 AB, 1 H, 0 HR, 0 RBI, 0 SB","2026 Contract Status: Signed thru 2026, 1 yr/$5.25M (26)",23,"https://www.baseball-reference.com/req/2025011210/images/headshots/2/27314b6c_mlbam.jpg"
langfwy01,"Wyatt Langford","Team: Texas Rangers (majors)","Position: Leftfielder",Bats: Right  •  Throws: Right,"6-0, 225lb (183cm, 102kg)","Born: November 15, 2001 (Age: 24-325d) in Trenton, FL us","Debut: March 28, 2024 (Age 22-134d, 23,057th in major league history)
   vs. CHC 3 AB, 1 H, 0 HR, 1 RBI, 0 SB","2026 Contract Status: Pre-Arb Eligible",36,"https://www.baseball-reference.com/req/2025011210/images/headshots/0/0874b6b3_mlbam.jpg"
laralu01,"Luis Lara","Team: Milwaukee Brewers (majors)","Position: Rightfielder",Bats: Both  •  Throws: Right,"5-7, 169lb (170cm, 76kg)","Born: November 17, 2004 (Age: 21-323d) in San Felipe, Venezuela ve","Debut: July 7, 2026 (Age 21-232d, 23,708th in major league history)","2026 Contract Status: Signed thru 2032, 7 yrs/$34M (26-32) & 33-35 team option",18,"https://www.baseball-reference.com/req/2025011210/images/headshots/5/5401e885_mlbam.jpg"
larnatr01,"Trevor Larnach","Team: Minnesota Twins (majors, 10-day IL)","Positions: Leftfielder and Designated Hitter",Bats: Left  •  Throws: Right,"6-3, 223lb (190cm, 101kg)","Born: February 26, 1997 (Age: 29-222d) in Walnut Creek, CA us","Debut: May 8, 2021 (Age 24-071d, 22,303rd in major league history)
   vs. DET 4 AB, 0 H, 0 HR, 0 RBI, 0 SB","2026 Contract Status: Signed thru 2026, 1 yr/$4.48M (26)",24-13-9,"https://www.baseball-reference.com/req/2025011210/images/headshots/b/b253355c_mlbam.jpg"
laurera01,"Ramón Laureano","Team: San Diego Padres (majors, 60-day IL)","Position: Outfielder",Bats: Right  •  Throws: Right,"5-9, 203lb (175cm, 92kg)","Born: July 15, 1994 (Age: 32-083d) in Santo Domingo, Dominican Republic do","Debut: August 3, 2018 (Age 24-019d, 21,664th in major league history)
   vs. DET 5 AB, 1 H, 0 HR, 1 RBI, 0 SB","2026 Contract Status: Free Agent",22-10-18-12-5,"https://www.baseball-reference.com/req/2025011210/images/headshots/0/0ab0ce2b_mlbam.jpg"
lawlajo01,"Jordan Lawlar","Team: Arizona Diamondbacks (majors)","Positions: Centerfielder, Shortstop and Third Baseman",Bats: Right  •  Throws: Right,"6-0, 195lb (183cm, 88kg)","Born: July 17, 2002 (Age: 24-081d) in Carrollton, TX us","Debut: September 7, 2023 (Age 21-052d, 23,021st in major league history)
   vs. CHC 4 AB, 1 H, 0 HR, 0 RBI, 0 SB","2026 Contract Status: Pre-Arb Eligible",10-10,"https://www.baseball-reference.com/req/2025011210/images/headshots/1/1afbc440_mlbam.jpg"
leebr02,"Brooks Lee","Team: Minnesota Twins (majors)","Positions: Third Baseman, Shortstop and Second Baseman",Bats: Both  •  Throws: Right,"6-0, 205lb (183cm, 92kg)","Born: February 14, 2001 (Age: 25-234d) in San Luis Obispo, CA us","Debut: July 3, 2024 (Age 23-140d, 23,197th in major league history)
   vs. DET 4 AB, 2 H, 0 HR, 1 RBI, 0 SB","2026 Contract Status: Pre-Arb Eligible",72-2-22,"https://www.baseball-reference.com/req/2025011210/images/headshots/b/b58ee416_mlbam.jpg"
leeha02,"Hao-Yu Lee","Team: Detroit Tigers (majors)","Positions: Second Baseman and Third Baseman",Bats: Right  •  Throws: Right,"5-9, 190lb (175cm, 86kg)","Born: February 3, 2003 (Age: 23-245d) in New Taipei, Taiwan tw","Debut: April 17, 2026 (Age 23-073d, 23,590th in major league history)","2026 Contract Status: Not Updated",50,"https://www.baseball-reference.com/req/2025011210/images/headshots/2/23c4d760_mlbam.jpg"
leeju01,"Jung Hoo Lee","Team: San Francisco Giants (majors, 10-day IL)","Position: Outfielder",Bats: Left  •  Throws: Right,"6-0, 196lb (183cm, 88kg)","Born: August 20, 1998 (Age: 28-047d) in Nagoya, Japan jp","Debut: March 28, 2024 (Age 25-221d, 23,057th in major league history)
   vs. SDP 3 AB, 1 H, 0 HR, 1 RBI, 0 SB","2026 Contract Status: Signed thru 2029, 6 yrs/$113M (24-29)",51,"https://www.baseball-reference.com/req/2025011210/images/headshots/1/155c4b51_mlbam.jpg"
leonaed01,"Eddys Leonard","Team: San Francisco Giants (minors)","Position: Leftfielder",Bats: Right  •  Throws: Right,"5-10, 201lb (178cm, 91kg)","Born: November 10, 2000 (Age: 25-330d) in Santo Domingo, Dominican Republic do","Debut: August 4, 2026 (Age 25-267d, 23,735th in major league history)","2026 Contract Status: Not Updated",49,"https://www.baseball-reference.com/req/2025011210/images/headshots/f/fa868f9a_mlbam.jpg"
leonsa01,"Sandy León","Team: Atlanta Braves (minors, 60-day IL)","Position: Catcher",Bats: Both  •  Throws: Right,"5-9, 235lb (175cm, 106kg)","Born: March 13, 1989 (Age: 37-207d) in Maracaibo, Venezuela ve","Debut: May 14, 2012 (Age 23-062d, 20,116th in major league history)
   vs. SDP 1 AB, 0 H, 0 HR, 0 RBI, 0 SB","2026 Contract Status: Not Updated",41-3-9-7-4-39-12-8-9,"https://www.baseball-reference.com/req/2025011210/images/headshots/9/92ecb68a_mlbam.jpg"
lewisro02,"Royce Lewis","Team: Minnesota Twins (majors)","Positions: Third Baseman, First Baseman and Second Baseman",Bats: Right  •  Throws: Right,"6-0, 200lb (183cm, 90kg)","Born: June 5, 1999 (Age: 27-123d) in Aliso Viejo, CA us","Debut: May 6, 2022 (Age 22-335d, 22,568th in major league history)
   vs. OAK 4 AB, 1 H, 0 HR, 0 RBI, 0 SB","2026 Contract Status: Signed thru 2026, 1 yr/$2.85M (26)",23,"https://www.baseball-reference.com/req/2025011210/images/headshots/8/85f3b9a9_mlbam.jpg"
lileda01,"Daylen Lile","Team: Washington Nationals (majors)","Position: Leftfielder",Bats: Left  •  Throws: Right,"5-11, 195lb (180cm, 88kg)","Born: November 30, 2002 (Age: 23-310d) in Louisville, KY us","Debut: May 23, 2025 (Age 22-174d, 23,408th in major league history)
   vs. SFG 2 AB, 1 H, 0 HR, 0 RBI, 0 SB","2026 Contract Status: Pre-Arb Eligible",51-4,"https://www.baseball-reference.com/req/2025011210/images/headshots/0/0e50a2ad_mlbam.jpg"
lindofr01,"Francisco Lindor","Team: New York Mets (majors)","Position: Shortstop",Bats: Both  •  Throws: Right,"5-10, 190lb (178cm, 86kg)","Born: November 14, 1993 (Age: 32-326d) in Caguas, Puerto Rico pr","Debut: June 14, 2015 (Age 21-212d, 20,848th in major league history)
   vs. DET 2 AB, 1 H, 0 HR, 0 RBI, 0 SB","2026 Contract Status: Signed thru 2031, 10 yrs/$341M (22-31)",12-12,"https://www.baseball-reference.com/req/2025011210/images/headshots/a/a8298e85_mlbam.jpg"
locklty01,"Tyler Locklear","Team: Arizona Diamondbacks (majors, 60-day IL)","Position: First Baseman",Bats: Right  •  Throws: Right,"6-2, 235lb (188cm, 106kg)","Born: November 24, 2000 (Age: 25-316d) in Baltimore, MD us","Debut: June 9, 2024 (Age 23-198d, 23,164th in major league history)
   vs. KCR 4 AB, 1 H, 0 HR, 1 RBI, 0 SB","2026 Contract Status: Pre-Arb Eligible",27-28-31,"https://www.baseball-reference.com/req/2025011210/images/headshots/7/70a964a2_mlbam.jpg"
lockrbr01,"Brandon Lockridge","Team: Milwaukee Brewers (majors)","Position: Outfielder",Bats: Right  •  Throws: Right,"6-0, 197lb (183cm, 89kg)","Born: March 14, 1997 (Age: 29-206d) in Pensacola, FL us","Debut: September 13, 2024 (Age 27-183d, 23,294th in major league history)
   vs. SFG 0 AB, 0 H, 0 HR, 0 RBI, 1 SB","2026 Contract Status: Pre-Arb Eligible",28-20,"https://www.baseball-reference.com/req/2025011210/images/headshots/8/88540d66_mlbam.jpg"
loftini01,"Nick Loftin","Team: Kansas City Royals (majors, paternity leave)","Positions: Third Baseman, Second Baseman and Leftfielder",Bats: Right  •  Throws: Right,"5-11, 180lb (180cm, 81kg)","Born: September 25, 1998 (Age: 28-011d) in Corpus Christi, TX us","Debut: September 1, 2023 (Age 24-341d, 23,009th in major league history)
   vs. BOS 3 AB, 2 H, 0 HR, 1 RBI, 0 SB","2026 Contract Status: Pre-Arb Eligible",12,"https://www.baseball-reference.com/req/2025011210/images/headshots/a/a8ab3a05_mlbam.jpg"
lombage02,"George Lombard Jr.","Team: New York Yankees (majors)","Position: Shortstop",Bats: Right  •  Throws: Right,"6-2, 190lb (188cm, 86kg)","Born: June 2, 2005 (Age: 21-126d) in Miami, FL us","Debut: August 4, 2026 (Age 21-063d, 23,735th in major league history)","2026 Contract Status: Not Updated",96,"https://www.baseball-reference.com/req/2025011210/images/headshots/4/44a5ce60_mlbam.jpg"
loperjo01,"Joey Loperfido","Team: Houston Astros (minors, 40-man)","Position: Leftfielder",Bats: Left  •  Throws: Right,"6-3, 220lb (190cm, 99kg)","Born: May 11, 1999 (Age: 27-148d) in Philadelphia, PA us","Debut: April 30, 2024 (Age 24-355d, 23,120th in major league history)
   vs. CLE 5 AB, 1 H, 0 HR, 2 RBI, 0 SB","2026 Contract Status: Pre-Arb Eligible",10-9-10,"https://www.baseball-reference.com/req/2025011210/images/headshots/1/166068e5_mlbam.jpg"
lopezni01,"Nicky Lopez","Team: Texas Rangers (majors)","Positions: Second Baseman, Shortstop and Third Baseman",Bats: Left  •  Throws: Right,"5-10, 186lb (178cm, 84kg)","Born: March 13, 1995 (Age: 31-207d) in Naperville, IL us","Debut: May 14, 2019 (Age 24-062d, 21,829th in major league history)
   vs. TEX 4 AB, 1 H, 0 HR, 1 RBI, 0 SB","2026 Contract Status: Not Updated",1-8-15-8-8-12-5-33,"https://www.baseball-reference.com/req/2025011210/images/headshots/0/01805aff_mlbam.jpg"
lopezot01,"Otto Lopez","Team: Miami Marlins (majors)","Positions: Shortstop and Second Baseman",Bats: Right  •  Throws: Right,"5-10, 185lb (178cm, 83kg)","Born: October 1, 1998 (Age: 28-005d) in Santo Domingo, Dominican Republic do","Debut: August 17, 2021 (Age 22-320d, 22,424th in major league history)
   vs. WSN 1 AB, 0 H, 0 HR, 0 RBI, 0 SB","2026 Contract Status: Pre-Arb Eligible",72-51-61-6,"https://www.baseball-reference.com/req/2025011210/images/headshots/b/be1194c3_mlbam.jpg"
lowebr01,"Brandon Lowe","Team: Pittsburgh Pirates (majors)","Positions: Second Baseman and Outfielder",Bats: Left  •  Throws: Right,"5-9, 181lb (175cm, 82kg)","Born: July 6, 1994 (Age: 32-092d) in Suffolk, VA us","Debut: August 5, 2018 (Age 24-030d, 21,667th in major league history)
   vs. CHW 4 AB, 0 H, 0 HR, 0 RBI, 0 SB","2026 Contract Status: Free Agent",35-8-5,"https://www.baseball-reference.com/req/2025011210/images/headshots/0/01b371eb_mlbam.jpg"
lowejo01,"Josh Lowe","Team: Los Angeles Angels (majors)","Position: Rightfielder",Bats: Left  •  Throws: Right,"6-3, 220lb (190cm, 99kg)","Born: February 2, 1998 (Age: 28-246d) in Chesapeake, VA us","Debut: September 8, 2021 (Age 23-218d, 22,454th in major league history)
   vs. BOS 1 AB, 1 H, 0 HR, 0 RBI, 1 SB","2026 Contract Status: Signed thru 2026, 1 yr/$2.6M (26)",53-15-3,"https://www.baseball-reference.com/req/2025011210/images/headshots/8/89993d7d_mlbam.jpg"
lowena01,"Nathaniel Lowe","Team: Cleveland Guardians (majors)","Position: First Baseman",Bats: Left  •  Throws: Right,"6-4, 220lb (193cm, 99kg)","Born: July 7, 1995 (Age: 31-091d) in Norfolk, VA us","Debut: April 29, 2019 (Age 23-296d, 21,810th in major league history)
   vs. KCR 4 AB, 1 H, 0 HR, 0 RBI, 0 SB","2026 Contract Status: 3rd-Year Arb Eligible",35-30-33-37-31-46,"https://www.baseball-reference.com/req/2025011210/images/headshots/1/159e57b6_mlbam.jpg"
lugoma01,"Matthew Lugo","Team: Kansas City Royals (majors)","Position: Outfielder",Bats: Right  •  Throws: Right,"6-0, 190lb (183cm, 86kg)","Born: May 9, 2001 (Age: 25-150d) in Manati, Puerto Rico pr","Debut: May 9, 2025 (Age 24-000d, 23,392nd in major league history)
   vs. BAL 0 AB, 0 H, 0 HR, 0 RBI, 0 SB","2026 Contract Status: Pre-Arb Eligible",15-24,"https://www.baseball-reference.com/req/2025011210/images/headshots/7/7bb872b4_mlbam.jpg"
lukesna01,"Nathan Lukes","Team: Toronto Blue Jays (majors)","Position: Rightfielder",Bats: Left  •  Throws: Right,"5-11, 180lb (180cm, 81kg)","Born: July 12, 1994 (Age: 32-086d) in Portland, OR us","Debut: March 30, 2023 (Age 28-261d, 22,791st in major league history)
   vs. STL 0 AB, 0 H, 0 HR, 0 RBI, 0 SB","2026 Contract Status: Pre-Arb Eligible",38,"https://www.baseball-reference.com/req/2025011210/images/headshots/1/1bd00e2e_mlbam.jpg"
machama01,"Manny Machado","Team: San Diego Padres (majors)","Positions: Third Baseman and Shortstop",Bats: Right  •  Throws: Right,"6-2, 218lb (188cm, 98kg)","Born: July 6, 1992 (Age: 34-092d) in Hialeah, FL us","Debut: August 9, 2012 (Age 20-034d, 20,208th in major league history)
   vs. KCR 4 AB, 2 H, 0 HR, 0 RBI, 0 SB","2026 Contract Status: Signed thru 2033, 11 yrs/$350M (23-33)",13-8-13-13,"https://www.baseball-reference.com/req/2025011210/images/headshots/4/45d62ce6_mlbam.jpg"
machivi01,"Vimael Machín","Team: Colorado Rockies (minors)","Positions: Third Baseman, Shortstop and Second Baseman",Bats: Left  •  Throws: Right,"5-10, 196lb (178cm, 88kg)","Born: September 25, 1993 (Age: 33-011d) in Humacao, Puerto Rico pr","Debut: July 26, 2020 (Age 26-305d, 22,044th in major league history)
   vs. LAA 3 AB, 0 H, 0 HR, 0 RBI, 0 SB","2026 Contract Status: Not Updated",39-31-65-25,"https://www.baseball-reference.com/req/2025011210/images/headshots/1/108e3c50_mlbam.jpg"
mackjo02,"Joe Mack","Team: Miami Marlins (majors)","Position: Catcher",Bats: Left  •  Throws: Right,"6-0, 210lb (183cm, 95kg)","Born: December 27, 2002 (Age: 23-283d) in Williamsville, NY us","Debut: May 4, 2026 (Age 23-128d, 23,614th in major league history)","2026 Contract Status: Not Updated",80,"https://www.baseball-reference.com/req/2025011210/images/headshots/c/cb5bbb31_mlbam.jpg"
madrini01,"Nick Madrigal","Team: Tampa Bay Rays (minors, 40-man)","Positions: Second Baseman and Third Baseman",Bats: Right  •  Throws: Right,"5-7, 175lb (170cm, 79kg)","Born: March 5, 1997 (Age: 29-215d) in Sacramento, CA us","Debut: July 31, 2020 (Age 23-148d, 22,072nd in major league history)
   vs. KCR 3 AB, 0 H, 0 HR, 0 RBI, 0 SB","2026 Contract Status: 3rd-Year Arb Eligible",1-1-17-20,"https://www.baseball-reference.com/req/2025011210/images/headshots/4/425cf43d_mlbam.jpg"
mailelu01,"Luke Maile","Team: Kansas City Royals (majors)","Position: Catcher",Bats: Right  •  Throws: Right,"6-3, 225lb (190cm, 102kg)","Born: February 6, 1991 (Age: 35-242d) in Edgewood, KY us","Debut: September 1, 2015 (Age 24-207d, 20,935th in major league history)
   vs. BAL 1 AB, 0 H, 0 HR, 0 RBI, 0 SB","2026 Contract Status: Free Agent",46-22-21-12-12-22-15-17-18,"https://www.baseball-reference.com/req/2025011210/images/headshots/b/b79fc174_mlbam.jpg"
malgebe01,"Ben Malgeri","Team: Detroit Tigers (majors)","Positions: Outfielder and Pinch Hitter",Bats: Right  •  Throws: Right,"6-1, 215lb (185cm, 97kg)","Born: January 12, 2000 (Age: 26-267d) in Exeter, NH us","Debut: June 23, 2026 (Age 26-162d, 23,690th in major league history)","2026 Contract Status: Not Updated",53,"https://www.baseball-reference.com/req/2025011210/images/headshots/0/0a3b9dfb_mlbam.jpg"
mancitr01,"Trey Mancini","undefined","Positions: First Baseman, Outfielder and Designated Hitter",Bats: Right  •  Throws: Right,"6-3, 230lb (190cm, 104kg)","Born: March 18, 1992 (Age: 34-202d) in Winter Haven, FL us","Debut: September 20, 2016 (Age 24-186d, 21,233rd in major league history)
   vs. BOS 3 AB, 1 H, 1 HR, 1 RBI, 0 SB","2026 Contract Status: Not Updated",67-16-26-36-34,"https://www.baseball-reference.com/req/2025011210/images/headshots/a/a7a08579_mlbam.jpg"
manguja01,"Jake Mangum","Team: Pittsburgh Pirates (majors)","Position: Outfielder",Bats: Both  •  Throws: Left,"5-11, 191lb (180cm, 86kg)","Born: March 8, 1996 (Age: 30-212d) in Flowood, MS us","Debut: March 30, 2025 (Age 29-022d, 23,323rd in major league history)
   vs. COL 3 AB, 0 H, 0 HR, 0 RBI, 0 SB","2026 Contract Status: Pre-Arb Eligible",28-28,"https://www.baseball-reference.com/req/2025011210/images/headshots/f/f36ed00e_mlbam.jpg"
manzaky01,"Kyle Manzardo","Team: Cleveland Guardians (minors, 40-man)","Positions: First Baseman and Designated Hitter",Bats: Left  •  Throws: Right,"5-11, 205lb (180cm, 92kg)","Born: July 18, 2000 (Age: 26-080d) in Coeur d'Alene, ID us","Debut: May 6, 2024 (Age 23-293d, 23,130th in major league history)
   vs. DET 3 AB, 0 H, 0 HR, 0 RBI, 0 SB","2026 Contract Status: Pre-Arb Eligible",9,"https://www.baseball-reference.com/req/2025011210/images/headshots/0/06aa2f19_mlbam.jpg"
marchra01,"Rafael Marchán","Team: Philadelphia Phillies (majors)","Position: Catcher",Bats: Both  •  Throws: Right,"5-9, 170lb (175cm, 77kg)","Born: February 25, 1999 (Age: 27-223d) in San Cristobal, Venezuela ve","Debut: September 14, 2020 (Age 21-202d, 22,200th in major league history)
   vs. MIA 3 AB, 1 H, 0 HR, 0 RBI, 0 SB","2026 Contract Status: Signed thru 2026, 1 yr/$860k (26), 1 yr/$860k (26), 1 yr/$860k (26), 1 yr/$860k (26)",13-12,"https://www.baseball-reference.com/req/2025011210/images/headshots/d/dae6256a_mlbam.jpg"
marseja01,"Jakob Marsee","Team: Miami Marlins (majors)","Position: Centerfielder",Bats: Left  •  Throws: Left,"6-0, 180lb (183cm, 81kg)","Born: June 28, 2001 (Age: 25-100d) in Dearborn, MI us","Debut: August 1, 2025 (Age 24-034d, 23,483rd in major league history)
   vs. NYY 2 AB, 1 H, 0 HR, 0 RBI, 0 SB","2026 Contract Status: Pre-Arb Eligible",87,"https://www.baseball-reference.com/req/2025011210/images/headshots/5/5e79a71c_mlbam.jpg"
marshbr02,"Brandon Marsh","Team: Philadelphia Phillies (majors)","Position: Outfielder",Bats: Left  •  Throws: Right,"6-2, 215lb (188cm, 97kg)","Born: December 18, 1997 (Age: 28-292d) in Buford, GA us","Debut: July 18, 2021 (Age 23-212d, 22,389th in major league history)
   vs. SEA 4 AB, 0 H, 0 HR, 0 RBI, 0 SB","2026 Contract Status: Signed thru 2026, 1 yr/$5.2M (26)",16-16,"https://www.baseball-reference.com/req/2025011210/images/headshots/4/42de9b3f_mlbam.jpg"
marteke01,"Ketel Marte","Team: Arizona Diamondbacks (majors)","Positions: Second Baseman, Shortstop and Centerfielder",Bats: Both  •  Throws: Right,"6-0, 210lb (183cm, 95kg)","Born: October 12, 1993 (Age: 32-359d) in Nizao, Dominican Republic do","Debut: July 31, 2015 (Age 21-292d, 20,898th in major league history)
   vs. MIN 4 AB, 0 H, 0 HR, 0 RBI, 0 SB","2026 Contract Status: Signed thru 2030, 6 yrs/$105M (25-30) & 31 player option",4-4-4-4,"https://www.baseball-reference.com/req/2025011210/images/headshots/d/d70d4384_mlbam.jpg"
marteno01,"Noelvi Marté","Team: Cincinnati Reds (minors, 40-man)","Positions: Third Baseman and Rightfielder",Bats: Right  •  Throws: Right,"6-2, 216lb (188cm, 97kg)","Born: October 16, 2001 (Age: 24-355d) in Cotui, Dominican Republic do","Debut: August 19, 2023 (Age 21-307d, 22,993rd in major league history)
   vs. TOR 0 AB, 0 H, 0 HR, 0 RBI, 1 SB","2026 Contract Status: Pre-Arb Eligible",16-4,"https://www.baseball-reference.com/req/2025011210/images/headshots/f/fa71fa98_mlbam.jpg"
martest01,"Starling Marte","undefined","Position: Outfielder",Bats: Right  •  Throws: Right,"6-0, 195lb (183cm, 88kg)","Born: October 9, 1988 (Age: 37-362d) in Santo Domingo, Dominican Republic do","Debut: July 26, 2012 (Age 23-291d, 20,190th in major league history)
   vs. HOU 4 AB, 2 H, 1 HR, 1 RBI, 0 SB","2026 Contract Status: Signed thru 2026, 1 yr/$1M (26)",6-2-6-2-6-0,"https://www.baseball-reference.com/req/2025011210/images/headshots/1/13ab5ed2_mlbam.jpg"
martian02,"Angel Martínez","Team: Cleveland Guardians (majors)","Positions: Outfielder and Second Baseman",Bats: Both  •  Throws: Right,"5-11, 200lb (180cm, 90kg)","Born: January 27, 2002 (Age: 24-252d) in Santo Domingo, Dominican Republic do","Debut: June 22, 2024 (Age 22-147d, 23,179th in major league history)
   vs. TOR 3 AB, 0 H, 0 HR, 0 RBI, 0 SB","2026 Contract Status: Pre-Arb Eligible",1,"https://www.baseball-reference.com/req/2025011210/images/headshots/7/730d0a1a_mlbam.jpg"
martiau01,"Austin Martin","Team: Minnesota Twins (majors)","Positions: Outfielder and Second Baseman",Bats: Right  •  Throws: Right,"5-10, 185lb (178cm, 83kg)","Born: March 23, 1999 (Age: 27-197d) in DeLand, FL us","Debut: March 30, 2024 (Age 25-007d, 23,069th in major league history)
   vs. KCR 0 AB, 0 H, 0 HR, 0 RBI, 0 SB","2026 Contract Status: Pre-Arb Eligible",82-16,"https://www.baseball-reference.com/req/2025011210/images/headshots/e/e9559db3_mlbam.jpg"
martiom01,"Omar Martínez","Team: Los Angeles Angels (minors)","Position: Catcher",Bats: Left  •  Throws: Right,"5-11, 192lb (180cm, 87kg)","Born: July 5, 2001 (Age: 25-093d) in San Felix, Venezuela ve","Debut: May 8, 2026 (Age 24-307d, 23,623rd in major league history)","2026 Contract Status: Not Updated",66,"https://www.baseball-reference.com/req/2025011210/images/headshots/5/5054213c_mlbam.jpg"
martiru02,"Rudy Martin","Team: Toronto Blue Jays (majors, 10-day IL)","Positions: Designated Hitter, Leftfielder and Pinch Runner",Bats: Left  •  Throws: Left,"5-5, 155lb (165cm, 70kg)","Born: January 31, 1996 (Age: 30-248d) in Memphis, TN us","Debut: September 11, 2026 (Age 30-223d, 23,794th in major league history)","2026 Contract Status: Not Updated",1,"https://www.baseball-reference.com/req/2025011210/images/headshots/c/c05bc044_milb.jpg"
massemi02,"Michael Massey","Team: Kansas City Royals (majors)","Positions: Second Baseman and Leftfielder",Bats: Left  •  Throws: Right,"6-0, 195lb (183cm, 88kg)","Born: March 22, 1998 (Age: 28-198d) in Palos Park, IL us","Debut: July 15, 2022 (Age 24-115d, 22,675th in major league history)
   vs. TOR 1 AB, 0 H, 0 HR, 0 RBI, 0 SB","2026 Contract Status: Signed thru 2026, 1 yr/$1.57M (26)",19,"https://www.baseball-reference.com/req/2025011210/images/headshots/1/121b985e_mlbam.jpg"
mastrmi01,"Miles Mastrobuoni","Team: Seattle Mariners (minors)","Positions: Third Baseman, Pinch Hitter and Outfielder",Bats: Left  •  Throws: Right,"5-9, 185lb (175cm, 83kg)","Born: October 31, 1995 (Age: 30-340d) in San Ramon, CA us","Debut: September 22, 2022 (Age 26-326d, 22,775th in major league history)
   vs. TOR 0 AB, 0 H, 0 HR, 0 RBI, 0 SB","2026 Contract Status: Pre-Arb Eligible",78-20-21,"https://www.baseball-reference.com/req/2025011210/images/headshots/d/dace462a_mlbam.jpg"
mateojo01,"Jorge Mateo","Team: Tampa Bay Rays (majors)","Positions: Shortstop, Second Baseman and Outfielder",Bats: Right  •  Throws: Right,"6-0, 200lb (183cm, 90kg)","Born: June 23, 1995 (Age: 31-105d) in Santo Domingo, Dominican Republic do","Debut: August 13, 2020 (Age 25-051d, 22,101st in major league history)
   vs. LAD 3 AB, 0 H, 0 HR, 0 RBI, 0 SB","2026 Contract Status: Signed thru 2026, 1 yr/$1M (26)",3-26-3-2-9,"https://www.baseball-reference.com/req/2025011210/images/headshots/8/80aea907_mlbam.jpg"
matoslu02,"Luis Matos","Team: Milwaukee Brewers (minors, 60-day IL)","Position: Outfielder",Bats: Right  •  Throws: Right,"5-11, 205lb (180cm, 92kg)","Born: January 28, 2002 (Age: 24-251d) in Valera, Venezuela ve","Debut: June 14, 2023 (Age 21-137d, 22,903rd in major league history)
   vs. STL 3 AB, 1 H, 0 HR, 0 RBI, 0 SB","2026 Contract Status: Pre-Arb Eligible",29-21,"https://www.baseball-reference.com/req/2025011210/images/headshots/d/d1f7ed58_mlbam.jpg"
matthbr01,"Brice Matthews","Team: Houston Astros (majors, 10-day IL)","Positions: Outfielder, Second Baseman and Third Baseman",Bats: Right  •  Throws: Right,"5-10, 190lb (178cm, 86kg)","Born: March 16, 2002 (Age: 24-204d) in Houston, TX us","Debut: July 11, 2025 (Age 23-117d, 23,472nd in major league history)
   vs. TEX 4 AB, 0 H, 0 HR, 0 RBI, 0 SB","2026 Contract Status: Pre-Arb Eligible",28-0,"https://www.baseball-reference.com/req/2025011210/images/headshots/e/e05b852a_mlbam.jpg"
mauriro01,"Ronny Mauricio","Team: New York Mets (majors)","Positions: Third Baseman, Second Baseman and Shortstop",Bats: Both  •  Throws: Right,"6-3, 166lb (190cm, 75kg)","Born: April 4, 2001 (Age: 25-185d) in San Pedro de Macoris, Dominican Republic do","Debut: September 1, 2023 (Age 22-150d, 23,009th in major league history)
   vs. SEA 3 AB, 2 H, 0 HR, 0 RBI, 0 SB","2026 Contract Status: Pre-Arb Eligible",10-0,"https://www.baseball-reference.com/req/2025011210/images/headshots/2/233b23a2_mlbam.jpg"
mayerma01,"Marcelo Mayer","Team: San Francisco Giants (majors)","Positions: Second Baseman, Third Baseman and Shortstop",Bats: Left  •  Throws: Right,"6-3, 188lb (190cm, 85kg)","Born: December 12, 2002 (Age: 23-298d) in Chula Vista, CA us","Debut: May 24, 2025 (Age 22-163d, 23,410th in major league history)
   vs. BAL 4 AB, 0 H, 0 HR, 0 RBI, 0 SB","2026 Contract Status: Pre-Arb Eligible",39-11-7,"https://www.baseball-reference.com/req/2025011210/images/headshots/9/942bc316_mlbam.jpg"
mayoco01,"Coby Mayo","Team: Baltimore Orioles (majors)","Positions: First Baseman and Third Baseman",Bats: Right  •  Throws: Right,"6-5, 225lb (196cm, 102kg)","Born: December 10, 2001 (Age: 24-300d) in Coral Springs, FL us","Debut: August 2, 2024 (Age 22-236d, 23,227th in major league history)
   vs. CLE 2 AB, 0 H, 0 HR, 0 RBI, 0 SB","2026 Contract Status: Pre-Arb Eligible",16,"https://www.baseball-reference.com/req/2025011210/images/headshots/c/ca05f29f_mlbam.jpg"
mcadoch01,"Charles McAdoo","Team: Toronto Blue Jays (majors)","Positions: Second Baseman, First Baseman and Third Baseman",Bats: Right  •  Throws: Right,"6-0, 210lb (183cm, 95kg)","Born: March 6, 2002 (Age: 24-214d) in Walnut Creek, CA us","Debut: May 29, 2026 (Age 24-084d, 23,654th in major league history)","2026 Contract Status: Not Updated",26,"https://www.baseball-reference.com/req/2025011210/images/headshots/2/27887348_mlbam.jpg"
mccanja02,"James McCann","Team: Arizona Diamondbacks (majors)","Position: Catcher",Bats: Right  •  Throws: Right,"6-2, 235lb (188cm, 106kg)","Born: June 13, 1990 (Age: 36-115d) in Santa Barbara, CA us","Debut: September 1, 2014 (Age 24-080d, 20,679th in major league history)
   vs. CLE 0 AB, 0 H, 0 HR, 0 RBI, 0 SB","2026 Contract Status: Free Agent",34-33-33-27-8,"https://www.baseball-reference.com/req/2025011210/images/headshots/8/8eeedad0_mlbam.jpg"
mccarja02,"Jake McCarthy","Team: Colorado Rockies (majors)","Position: Outfielder",Bats: Left  •  Throws: Left,"6-0, 213lb (183cm, 96kg)","Born: July 30, 1997 (Age: 29-068d) in Scranton, PA us","Debut: August 27, 2021 (Age 24-028d, 22,432nd in major league history)
   vs. PHI 3 AB, 0 H, 0 HR, 0 RBI, 0 SB","2026 Contract Status: Signed thru 2026, 1 yr/$1.53M (26)",30-31-31-31,"https://www.baseball-reference.com/req/2025011210/images/headshots/d/dac90005_mlbam.jpg"
mccragr01,"Grant McCray","Team: San Francisco Giants (majors)","Position: Outfielder",Bats: Left  •  Throws: Right,"6-1, 195lb (185cm, 88kg)","Born: December 7, 2000 (Age: 25-303d) in Billings, MT us","Debut: August 14, 2024 (Age 23-251d, 23,244th in major league history)
   vs. ATL 4 AB, 0 H, 0 HR, 0 RBI, 0 SB","2026 Contract Status: Pre-Arb Eligible",58,"https://www.baseball-reference.com/req/2025011210/images/headshots/9/9480c376_mlbam.jpg"
mccutan01,"Andrew McCutchen","undefined","Position: Centerfielder",Bats: Right  •  Throws: Right,"5-10, 190lb (178cm, 86kg)","Born: October 10, 1986 (Age: 39-361d) in Fort Meade, FL us","Debut: June 4, 2009 (Age 22-237d, 19,504th in major league history)
   vs. NYM 4 AB, 2 H, 0 HR, 1 RBI, 1 SB","2026 Contract Status: Free Agent",22-22-26-22-24-4,"https://www.baseball-reference.com/req/2025011210/images/headshots/f/f3998f8d_mlbam.jpg"
mcgonke01,"Kevin McGonigle","Team: Detroit Tigers (majors)","Positions: Shortstop and Third Baseman",Bats: Left  •  Throws: Right,"5-9, 187lb (175cm, 84kg)","Born: August 18, 2004 (Age: 22-049d) in Media, PA us","Debut: March 26, 2026 (Age 21-220d, 23,550th in major league history)","2026 Contract Status: Signed thru 2034, 9 yrs/$150.78M (26-34)",7,"https://www.baseball-reference.com/req/2025011210/images/headshots/b/b507662b_mlbam.jpg"
mcguire01,"Reese McGuire","undefined","Position: Catcher",Bats: Left  •  Throws: Right,"6-0, 230lb (183cm, 104kg)","Born: March 2, 1995 (Age: 31-218d) in Seattle, WA us","Debut: September 6, 2018 (Age 23-188d, 21,731st in major league history)
   vs. CLE 4 AB, 1 H, 0 HR, 0 RBI, 0 SB","2026 Contract Status: Signed thru 2026, 1 yr/$1.2M (26)",70-10-7-21-3-20-30,"https://www.baseball-reference.com/req/2025011210/images/headshots/7/74e4a496_mlbam.jpg"
mckinza01,"Zach McKinstry","Team: Detroit Tigers (majors)","Positions: Rightfielder, Third Baseman and Second Baseman",Bats: Left  •  Throws: Right,"5-11, 180lb (180cm, 81kg)","Born: April 29, 1995 (Age: 31-160d) in Toledo, OH us","Debut: September 16, 2020 (Age 25-140d, 22,204th in major league history)
   vs. SDP 1 AB, 0 H, 0 HR, 0 RBI, 0 SB","2026 Contract Status: Signed thru 2026, 1 yr/$4.2M (26)",8-6-39,"https://www.baseball-reference.com/req/2025011210/images/headshots/d/d358c925_mlbam.jpg"
mclaima01,"Matt McLain","Team: Cincinnati Reds (majors)","Positions: Second Baseman and Shortstop",Bats: Right  •  Throws: Right,"5-8, 180lb (173cm, 81kg)","Born: August 6, 1999 (Age: 27-061d) in Orange, CA us","Debut: May 15, 2023 (Age 23-282d, 22,865th in major league history)
   vs. COL 4 AB, 1 H, 0 HR, 0 RBI, 0 SB","2026 Contract Status: Signed thru 2026, 1 yr/$2.3M (26)",9,"https://www.baseball-reference.com/req/2025011210/images/headshots/4/49e0a124_mlbam.jpg"
mcmahry01,"Ryan McMahon","Team: New York Yankees (majors)","Positions: Third Baseman, Second Baseman and First Baseman",Bats: Left  •  Throws: Right,"6-2, 211lb (188cm, 95kg)","Born: December 14, 1994 (Age: 31-296d) in Yorba Linda, CA us","Debut: August 12, 2017 (Age 22-241d, 21,428th in major league history)
   vs. MIA 1 AB, 0 H, 0 HR, 0 RBI, 0 SB","2026 Contract Status: Signed thru 2027, 6 yrs/$70M (22-27)",1-24-19,"https://www.baseball-reference.com/req/2025011210/images/headshots/6/6731e251_mlbam.jpg"
mcneije01,"Jeff McNeil","Team: Athletics (majors)","Positions: Second Baseman, Outfielder and Third Baseman",Bats: Left  •  Throws: Right,"6-0, 195lb (183cm, 88kg)","Born: April 8, 1992 (Age: 34-181d) in Santa Barbara, CA us","Debut: July 24, 2018 (Age 26-107d, 21,652nd in major league history)
   vs. SDP 1 AB, 1 H, 0 HR, 0 RBI, 0 SB","2026 Contract Status: Signed thru 2026, 4 yrs/$50M (23-26) & 27 team option",68-6-1-22,"https://www.baseball-reference.com/req/2025011210/images/headshots/9/9f9b5610_mlbam.jpg"
meadcu01,"Curtis Mead","Team: Boston Red Sox (majors, 10-day IL)","Positions: Third Baseman, First Baseman and Second Baseman",Bats: Right  •  Throws: Right,"6-1, 225lb (185cm, 102kg)","Born: October 26, 2000 (Age: 25-345d) in Adelaide, Australia au","Debut: August 4, 2023 (Age 22-282d, 22,972nd in major league history)
   vs. DET 1 AB, 1 H, 0 HR, 0 RBI, 0 SB","2026 Contract Status: Pre-Arb Eligible",25-29-45-25,"https://www.baseball-reference.com/req/2025011210/images/headshots/4/4828b852_mlbam.jpg"
meadopa01,"Parker Meadows","Team: Detroit Tigers (majors, 60-day IL)","Position: Centerfielder",Bats: Left  •  Throws: Right,"6-5, 205lb (196cm, 92kg)","Born: November 2, 1999 (Age: 26-338d) in Atlanta, GA us","Debut: August 21, 2023 (Age 23-292d, 22,994th in major league history)
   vs. CHC 5 AB, 1 H, 0 HR, 0 RBI, 0 SB","2026 Contract Status: Pre-Arb Eligible",22,"https://www.baseball-reference.com/req/2025011210/images/headshots/d/d874b115_mlbam.jpg"
mecklwa01,"Wade Meckler","Team: Los Angeles Angels (majors)","Position: Leftfielder",Bats: Left  •  Throws: Right,"5-9, 190lb (175cm, 86kg)","Born: April 21, 2000 (Age: 26-168d) in Anaheim, CA us","Debut: August 14, 2023 (Age 23-115d, 22,987th in major league history)
   vs. TBR 3 AB, 0 H, 0 HR, 0 RBI, 0 SB","2026 Contract Status: Pre-Arb Eligible",53-53,"https://www.baseball-reference.com/req/2025011210/images/headshots/f/ff778cee_mlbam.jpg"
medervi01,"Víctor Mederos","Team: Atlanta Braves (majors)","Position: Pitcher",Bats: Right  •  Throws: Right,"6-2, 222lb (188cm, 100kg)","Born: June 8, 2001 (Age: 25-120d) in Santa Clara, Cuba cu","Debut: June 30, 2023 (Age 22-022d, 22,932nd in major league history)
   vs. ARI 2.0 IP, 1 H, 2 SO, 2 BB, 1 ER","2026 Contract Status: Pre-Arb Eligible",58-62-58,"https://www.baseball-reference.com/req/2025011210/images/headshots/5/5dbe130b_mlbam.jpg"
meidrch01,"Chase Meidroth","Team: Chicago White Sox (majors)","Positions: Second Baseman and Shortstop",Bats: Right  •  Throws: Right,"5-9, 190lb (175cm, 86kg)","Born: July 23, 2001 (Age: 25-075d) in Torrance, CA us","Debut: April 11, 2025 (Age 23-262d, 23,341st in major league history)
   vs. BOS 1 AB, 1 H, 0 HR, 0 RBI, 0 SB","2026 Contract Status: Pre-Arb Eligible",10,"https://www.baseball-reference.com/req/2025011210/images/headshots/4/4d662d6e_mlbam.jpg"
melenmj01,"MJ Melendez","Team: New York Mets (minors)","Positions: Leftfielder and Catcher",Bats: Left  •  Throws: Right,"6-0, 190lb (183cm, 86kg)","Born: November 29, 1998 (Age: 27-311d) in Daytona Beach, FL us","Debut: May 3, 2022 (Age 23-155d, 22,565th in major league history)
   vs. STL 3 AB, 1 H, 0 HR, 0 RBI, 0 SB","2026 Contract Status: Signed thru 2026, 1 yr/$1.5M (26)",1-1,"https://www.baseball-reference.com/req/2025011210/images/headshots/3/38aff0a8_mlbam.jpg"
menesjo01,"Joey Meneses","Team: Athletics (minors)","Positions: Designated Hitter, First Baseman and Rightfielder",Bats: Right  •  Throws: Right,"6-4, 235lb (193cm, 106kg)","Born: May 6, 1992 (Age: 34-153d) in Culiacan, Mexico mx","Debut: August 2, 2022 (Age 30-088d, 22,690th in major league history)
   vs. NYM 4 AB, 1 H, 1 HR, 1 RBI, 0 SB","2026 Contract Status: Not Updated",45-13,"https://www.baseball-reference.com/req/2025011210/images/headshots/1/1afce307_mlbam.jpg"
merrija01,"Jackson Merrill","Team: San Diego Padres (majors)","Position: Centerfielder",Bats: Left  •  Throws: Right,"6-2, 195lb (188cm, 88kg)","Born: April 19, 2003 (Age: 23-170d) in Baltimore, MD us","Debut: March 20, 2024 (Age 20-336d, 23,052nd in major league history)
   vs. LAD 3 AB, 0 H, 0 HR, 0 RBI, 0 SB","2026 Contract Status: Signed thru 2035, 10 yrs/$156M (26-35)",3,"https://www.baseball-reference.com/req/2025011210/images/headshots/3/340ee4ba_mlbam.jpg"
mesavi01,"Víctor Mesa Jr.","Team: Tampa Bay Rays (majors)","Position: Rightfielder",Bats: Left  •  Throws: Left,"5-11, 195lb (180cm, 88kg)","Born: September 8, 2001 (Age: 25-028d) in La Habana, Cuba cu","Debut: May 26, 2025 (Age 23-260d, 23,415th in major league history)
   vs. SDP 1 AB, 0 H, 0 HR, 0 RBI, 0 SB","2026 Contract Status: Pre-Arb Eligible",10-25,"https://www.baseball-reference.com/req/2025011210/images/headshots/8/87226322_mlbam.jpg"
meyerja02,"Jake Meyers","Team: Houston Astros (majors, 60-day IL)","Position: Centerfielder",Bats: Right  •  Throws: Left,"6-0, 200lb (183cm, 90kg)","Born: June 18, 1996 (Age: 30-110d) in Omaha, NE us","Debut: August 1, 2021 (Age 25-044d, 22,404th in major league history)
   vs. SFG 1 AB, 0 H, 0 HR, 0 RBI, 0 SB","2026 Contract Status: Signed thru 2026, 1 yr/$3.55M (26)",6,"https://www.baseball-reference.com/req/2025011210/images/headshots/7/706fb7e4_mlbam.jpg"
mikolmi01,"Miles Mikolas","undefined","Position: Pitcher",Bats: Right  •  Throws: Right,"6-4, 230lb (193cm, 104kg)","Born: August 23, 1988 (Age: 38-044d) in Jupiter, FL us","Debut: May 5, 2012 (Age 23-256d, 20,103rd in major league history)
   vs. MIA 1.0 IP, 1 H, 2 SO, 1 BB, 1 ER","2026 Contract Status: Signed thru 2026, 1 yr/$2.25M (26)",39-36-39-36,"https://www.baseball-reference.com/req/2025011210/images/headshots/a/a6fddfb0_mlbam.jpg"
milladr01,"Drew Millas","Team: Washington Nationals (majors, 60-day IL)","Position: Catcher",Bats: Both  •  Throws: Right,"6-0, 204lb (183cm, 92kg)","Born: January 15, 1998 (Age: 28-264d) in St. Louis, MO us","Debut: August 28, 2023 (Age 25-225d, 23,003rd in major league history)
   vs. TOR 1 AB, 0 H, 0 HR, 0 RBI, 0 SB","2026 Contract Status: Pre-Arb Eligible",81-14,"https://www.baseball-reference.com/req/2025011210/images/headshots/6/6793f127_mlbam.jpg"
misneka01,"Kameron Misner","Team: Philadelphia Phillies (minors, 40-man)","Position: Outfielder",Bats: Left  •  Throws: Left,"6-3, 220lb (190cm, 99kg)","Born: January 9, 1998 (Age: 28-270d) in Poplar Bluff, MO us","Debut: August 2, 2024 (Age 26-206d, 23,227th in major league history)
   vs. HOU 1 AB, 0 H, 0 HR, 0 RBI, 0 SB","2026 Contract Status: Pre-Arb Eligible",26-26,"https://www.baseball-reference.com/req/2025011210/images/headshots/0/093c719f_mlbam.jpg"
mitchga01,"Garrett Mitchell","Team: Milwaukee Brewers (majors)","Position: Centerfielder",Bats: Left  •  Throws: Right,"6-2, 229lb (188cm, 103kg)","Born: September 4, 1998 (Age: 28-032d) in Orange, CA us","Debut: August 27, 2022 (Age 23-357d, 22,729th in major league history)
   vs. CHC 0 AB, 0 H, 0 HR, 0 RBI, 0 SB","2026 Contract Status: Signed thru 2026, 1 yr/$950k (26)",5,"https://www.baseball-reference.com/req/2025011210/images/headshots/b/ba50f158_mlbam.jpg"
monasan01,"Andruw Monasterio","Team: Boston Red Sox (majors)","Positions: Shortstop, Third Baseman and Second Baseman",Bats: Right  •  Throws: Right,"5-11, 195lb (180cm, 88kg)","Born: May 30, 1997 (Age: 29-129d) in Caracas, Venezuela ve","Debut: May 28, 2023 (Age 25-363d, 22,879th in major league history)
   vs. SFG 1 AB, 0 H, 0 HR, 0 RBI, 0 SB","2026 Contract Status: Pre-Arb Eligible",14-32,"https://www.baseball-reference.com/req/2025011210/images/headshots/5/5a55ac62_mlbam.jpg"
moncayo01,"Yoán Moncada","Team: Los Angeles Angels (majors, 60-day IL)","Positions: Third Baseman and Second Baseman",Bats: Both  •  Throws: Right,"6-0, 220lb (183cm, 99kg)","Born: May 27, 1995 (Age: 31-132d) in Cienfuegos, Cuba cu","Debut: September 2, 2016 (Age 21-098d, 21,193rd in major league history)
   vs. OAK 1 AB, 0 H, 0 HR, 0 RBI, 0 SB","2026 Contract Status: Signed thru 2026, 1 yr/$4M (26)",65-10-5-10,"https://www.baseball-reference.com/req/2025011210/images/headshots/a/a1f9b20b_mlbam.jpg"
moniami01,"Mickey Moniak","Team: Colorado Rockies (majors)","Position: Outfielder",Bats: Left  •  Throws: Right,"6-1, 209lb (185cm, 94kg)","Born: May 13, 1998 (Age: 28-146d) in Encinitas, CA us","Debut: September 16, 2020 (Age 22-126d, 22,204th in major league history)
   vs. NYM 0 AB, 0 H, 0 HR, 0 RBI, 0 SB","2026 Contract Status: Signed thru 2026, 1 yr/$4M (26)",16-16-22,"https://www.baseball-reference.com/req/2025011210/images/headshots/1/1f506229_mlbam.jpg"
montela01,"Lázaro Montes","Team: Seattle Mariners (majors)","Positions: Rightfielder, Pinch Hitter and Designated Hitter",Bats: Left  •  Throws: Right,"6-5, 250lb (196cm, 113kg)","Born: October 22, 2004 (Age: 21-349d) in La Habana, Cuba cu","Debut: September 1, 2026 (Age 21-314d, 23,775th in major league history)","2026 Contract Status: Not Updated",99,"https://www.baseball-reference.com/req/2025011210/images/headshots/1/129078c7_mlbam.jpg"
montgbr01,"Braden Montgomery","Team: Chicago White Sox (majors)","Position: Rightfielder",Bats: Both  •  Throws: Right,"6-2, 220lb (188cm, 99kg)","Born: April 16, 2003 (Age: 23-173d) in Des Moines, IA us","Debut: June 9, 2026 (Age 23-054d, 23,672nd in major league history)","2026 Contract Status: Not Updated",24,"https://www.baseball-reference.com/req/2025011210/images/headshots/8/8b796b2d_mlbam.jpg"
montgco01,"Colson Montgomery","Team: Chicago White Sox (majors)","Positions: Shortstop and Third Baseman",Bats: Left  •  Throws: Right,"6-3, 230lb (190cm, 104kg)","Born: February 27, 2002 (Age: 24-221d) in Holland, IN us","Debut: July 4, 2025 (Age 23-127d, 23,463rd in major league history)
   vs. COL 2 AB, 0 H, 0 HR, 0 RBI, 0 SB","2026 Contract Status: Pre-Arb Eligible",12,"https://www.baseball-reference.com/req/2025011210/images/headshots/b/b303bcd1_mlbam.jpg"
moorech03,"Christian Moore","Team: Los Angeles Angels (majors)","Positions: Second Baseman and Leftfielder",Bats: Right  •  Throws: Right,"6-0, 210lb (183cm, 95kg)","Born: October 21, 2002 (Age: 23-350d) in Brooklyn, NY us","Debut: June 13, 2025 (Age 22-235d, 23,441st in major league history)
   vs. BAL 3 AB, 0 H, 0 HR, 0 RBI, 0 SB","2026 Contract Status: Pre-Arb Eligible",4,"https://www.baseball-reference.com/req/2025011210/images/headshots/4/4719594e_mlbam.jpg"
mooredy01,"Dylan Moore","Team: Philadelphia Phillies (minors)","Positions: Outfielder, Second Baseman and Shortstop",Bats: Right  •  Throws: Right,"6-1, 205lb (185cm, 92kg)","Born: August 2, 1992 (Age: 34-065d) in Yorba Linda, CA us","Debut: March 20, 2019 (Age 26-230d, 21,750th in major league history)
   vs. OAK 0 AB, 0 H, 0 HR, 0 RBI, 1 SB","2026 Contract Status: Free Agent",25-25-25,"https://www.baseball-reference.com/req/2025011210/images/headshots/6/6596c8a7_mlbam.jpg"
morabni01,"Nick Morabito","Team: New York Mets (majors)","Positions: Leftfielder and Pinch Runner",Bats: Right  •  Throws: Right,"5-10, 185lb (178cm, 83kg)","Born: May 7, 2003 (Age: 23-152d) in McLean, VA us","Debut: May 19, 2026 (Age 23-012d, 23,636th in major league history)","2026 Contract Status: Not Updated",55-8,"https://www.baseball-reference.com/req/2025011210/images/headshots/3/3d0538d2_mlbam.jpg"
moralyo01,"Yohandy Morales","Team: Washington Nationals (majors)","Positions: First Baseman and Pinch Hitter",Bats: Right  •  Throws: Right,"6-3, 225lb (190cm, 102kg)","Born: October 9, 2001 (Age: 24-362d) in Miami, FL us","Debut: September 1, 2026 (Age 24-327d, 23,775th in major league history)","2026 Contract Status: Not Updated",28,"https://www.baseball-reference.com/req/2025011210/images/headshots/5/520dbb63_mlbam.jpg"
morelch01,"Christopher Morel","Team: New York Mets (majors)","Positions: Outfielder, Designated Hitter and Third Baseman",Bats: Right  •  Throws: Right,"6-0, 200lb (183cm, 90kg)","Born: June 24, 1999 (Age: 27-104d) in Santiago, Dominican Republic do","Debut: May 17, 2022 (Age 22-327d, 22,590th in major league history)
   vs. PIT 1 AB, 1 H, 1 HR, 1 RBI, 0 SB","2026 Contract Status: Signed thru 2026, 1 yr/$2M (26)",5-24-5-28,"https://www.baseball-reference.com/req/2025011210/images/headshots/8/8c1c5a6d_mlbam.jpg"
morenga01,"Gabriel Moreno","Team: Arizona Diamondbacks (majors)","Position: Catcher",Bats: Right  •  Throws: Right,"5-9, 200lb (175cm, 90kg)","Born: February 14, 2000 (Age: 26-234d) in Barquisimeto, Venezuela ve","Debut: June 11, 2022 (Age 22-117d, 22,631st in major league history)
   vs. DET 4 AB, 1 H, 0 HR, 0 RBI, 0 SB","2026 Contract Status: Signed thru 2026, 1 yr/$2.55M (26)",55-14-14,"https://www.baseball-reference.com/req/2025011210/images/headshots/3/333a87aa_mlbam.jpg"
mountry01,"Ryan Mountcastle","Team: Baltimore Orioles (majors, 60-day IL)","Positions: First Baseman and Leftfielder",Bats: Right  •  Throws: Right,"6-3, 230lb (190cm, 104kg)","Born: February 18, 1997 (Age: 29-230d) in Winter Springs, FL us","Debut: August 21, 2020 (Age 23-185d, 22,139th in major league history)
   vs. BOS 2 AB, 0 H, 0 HR, 0 RBI, 0 SB","2026 Contract Status: Signed thru 2026, 1 yr/$6.79M (26) & 27 team option",6,"https://www.baseball-reference.com/req/2025011210/images/headshots/3/3b8220e7_mlbam.jpg"
mullice01,"Cedric Mullins","Team: Tampa Bay Rays (majors)","Position: Centerfielder",Bats: Left  •  Throws: Left,"5-7, 175lb (170cm, 79kg)","Born: October 1, 1994 (Age: 32-005d) in Greensboro, NC us","Debut: August 10, 2018 (Age 23-313d, 21,674th in major league history)
   vs. BOS 4 AB, 3 H, 0 HR, 2 RBI, 0 SB","2026 Contract Status: Signed thru 2026, 1 yr/$7M (26) & 27 mutual option",3-31-28-31,"https://www.baseball-reference.com/req/2025011210/images/headshots/2/24bf4355_mlbam.jpg"
muncyma01,"Max Muncy","Team: Los Angeles Dodgers (majors)","Positions: Third Baseman, First Baseman and Second Baseman",Bats: Left  •  Throws: Right,"5-10, 215lb (178cm, 97kg)","Born: August 25, 1990 (Age: 36-042d) in Midland, TX us","Debut: April 25, 2015 (Age 24-243d, 20,779th in major league history)
   vs. HOU 4 AB, 1 H, 0 HR, 0 RBI, 0 SB","2026 Contract Status: Signed thru 2027, 2 yrs/$20M (26-27) & 28 team option",50-12-13,"https://www.baseball-reference.com/req/2025011210/images/headshots/6/65e6cf19_mlbam.jpg"
muncyma02,"Max Muncy","Team: Athletics (majors, 10-day IL)","Positions: Third Baseman, Second Baseman and Shortstop",Bats: Right  •  Throws: Right,"6-0, 180lb (183cm, 81kg)","Born: August 25, 2002 (Age: 24-042d) in Camarillo, CA us","Debut: March 27, 2025 (Age 22-214d, 23,310th in major league history)
   vs. SEA 3 AB, 0 H, 0 HR, 0 RBI, 0 SB","2026 Contract Status: Pre-Arb Eligible",10-3,"https://www.baseball-reference.com/req/2025011210/images/headshots/c/c9fd0345_mlbam.jpg"
murakmu01,"Munetaka Murakami","Team: Chicago White Sox (majors)","Position: First Baseman",Bats: Left  •  Throws: Right,"6-2, 213lb (188cm, 96kg)","Born: February 2, 2000 (Age: 26-246d) in Kumamoto, Japan jp","Debut: March 26, 2026 (Age 26-052d, 23,550th in major league history)","2026 Contract Status: Not Updated",5,"https://www.baseball-reference.com/req/2025011210/images/headshots/1/19ea8fef_mlbam.jpg"
murphse01,"Sean Murphy","Team: Atlanta Braves (majors)","Position: Catcher",Bats: Right  •  Throws: Right,"6-3, 228lb (190cm, 103kg)","Born: October 4, 1994 (Age: 32-002d) in Peekskill, NY us","Debut: September 4, 2019 (Age 24-335d, 21,983rd in major league history)
   vs. LAA 3 AB, 1 H, 1 HR, 1 RBI, 0 SB","2026 Contract Status: Signed thru 2028, 6 yrs/$73M (23-28) & 29 team option",12-12,"https://www.baseball-reference.com/req/2025011210/images/headshots/b/b469610e_mlbam.jpg"
murrabj01,"B.J. Murray","Team: Chicago Cubs (minors, 40-man)","Positions: First Baseman and Pinch Hitter",Bats: Both  •  Throws: Right,"5-11, 205lb (180cm, 92kg)","Born: January 5, 2000 (Age: 26-274d) in Nassau, Bahamas bs","Debut: September 1, 2026 (Age 26-239d, 23,775th in major league history)","2026 Contract Status: Not Updated",83,"https://www.baseball-reference.com/req/2025011210/images/headshots/f/fafeb2b6_mlbam.jpg"
murrata01,"Tanner Murray","Team: Chicago White Sox (majors, 60-day IL)","Positions: Leftfielder, Third Baseman and Shortstop",Bats: Right  •  Throws: Right,"6-1, 190lb (185cm, 86kg)","Born: September 3, 1999 (Age: 27-033d) in Santa Clara, CA us","Debut: April 5, 2026 (Age 26-214d, 23,574th in major league history)","2026 Contract Status: Not Updated",41,"https://www.baseball-reference.com/req/2025011210/images/headshots/1/1c6c0184_mlbam.jpg"
myersda01,"Dane Myers","Team: Cincinnati Reds (majors)","Position: Centerfielder",Bats: Right  •  Throws: Right,"6-0, 205lb (183cm, 92kg)","Born: March 8, 1996 (Age: 30-212d) in Columbus, TX us","Debut: July 4, 2023 (Age 27-118d, 22,937th in major league history)
   vs. STL 3 AB, 2 H, 0 HR, 1 RBI, 0 SB","2026 Contract Status: Pre-Arb Eligible",54-17,"https://www.baseball-reference.com/req/2025011210/images/headshots/6/6f24950c_mlbam.jpg"
narvaca01,"Carlos Narváez","Team: Baltimore Orioles (majors)","Position: Catcher",Bats: Right  •  Throws: Right,"5-11, 190lb (180cm, 86kg)","Born: November 26, 1998 (Age: 27-314d) in Maracay, Venezuela ve","Debut: July 20, 2024 (Age 25-237d, 23,213th in major league history)
   vs. TBR 1 AB, 1 H, 0 HR, 0 RBI, 0 SB","2026 Contract Status: Pre-Arb Eligible",94-75-75,"https://www.baseball-reference.com/req/2025011210/images/headshots/3/3721d9f7_mlbam.jpg"
navarbr01,"Brian Navarreto","Team: Miami Marlins (majors)","Position: Catcher",Bats: Right  •  Throws: Right,"6-1, 233lb (185cm, 105kg)","Born: December 29, 1994 (Age: 31-281d) in Bayamon, Puerto Rico pr","Debut: August 23, 2020 (Age 25-238d, 22,149th in major league history)
   vs. WSN 3 AB, 2 H, 0 HR, 0 RBI, 0 SB","2026 Contract Status: Pre-Arb Eligible",87-70-64,"https://www.baseball-reference.com/req/2025011210/images/headshots/a/a86ebbbf_mlbam.jpg"
naylobo01,"Bo Naylor","Team: Milwaukee Brewers (majors)","Position: Catcher",Bats: Left  •  Throws: Right,"5-9, 205lb (175cm, 92kg)","Born: February 21, 2000 (Age: 26-227d) in Mississauga, ON, Canada ca","Debut: October 1, 2022 (Age 22-222d, 22,782nd in major league history)
   vs. KCR 2 AB, 0 H, 0 HR, 0 RBI, 0 SB","2026 Contract Status: Pre-Arb Eligible",44-23-14,"https://www.baseball-reference.com/req/2025011210/images/headshots/1/11ffa8a9_mlbam.jpg"
naylojo01,"Josh Naylor","Team: Seattle Mariners (majors)","Positions: First Baseman and Outfielder",Bats: Left  •  Throws: Left,"5-10, 235lb (178cm, 106kg)","Born: June 22, 1997 (Age: 29-106d) in Mississauga, ON, Canada ca","Debut: May 24, 2019 (Age 21-336d, 21,840th in major league history)
   vs. TOR 4 AB, 0 H, 0 HR, 0 RBI, 0 SB","2026 Contract Status: Signed thru 2030, 5 yrs/$92.5M (26-30)",22-22-31-22-22-12,"https://www.baseball-reference.com/req/2025011210/images/headshots/c/c863fb37_mlbam.jpg"
netoza01,"Zach Neto","Team: Los Angeles Angels (majors)","Position: Shortstop",Bats: Right  •  Throws: Right,"5-11, 185lb (180cm, 83kg)","Born: January 31, 2001 (Age: 25-248d) in Miami, FL us","Debut: April 15, 2023 (Age 22-074d, 22,825th in major league history)
   vs. BOS 4 AB, 0 H, 0 HR, 0 RBI, 0 SB","2026 Contract Status: Signed thru 2026, 1 yr/$4.15M (26)",9,"https://www.baseball-reference.com/req/2025011210/images/headshots/9/99c490f1_mlbam.jpg"
nimmobr01,"Brandon Nimmo","Team: Texas Rangers (majors)","Position: Outfielder",Bats: Left  •  Throws: Right,"6-1, 206lb (185cm, 93kg)","Born: March 27, 1993 (Age: 33-193d) in Cheyenne, WY us","Debut: June 26, 2016 (Age 23-091d, 21,101st in major league history)
   vs. ATL 4 AB, 0 H, 0 HR, 0 RBI, 0 SB","2026 Contract Status: Signed thru 2030, 8 yrs/$162M (23-30)",9-24,"https://www.baseball-reference.com/req/2025011210/images/headshots/f/f6e0a3dd_mlbam.jpg"
nishiri01,"Rikuu Nishida","Team: Chicago White Sox (minors, 40-man)","Positions: Rightfielder and Second Baseman",Bats: Left  •  Throws: Right,"5-6, 150lb (168cm, 68kg)","Born: May 6, 2001 (Age: 25-153d) in Osaka, Japan jp","Debut: May 25, 2026 (Age 25-019d, 23,645th in major league history)","2026 Contract Status: Not Updated",51,"https://www.baseball-reference.com/req/2025011210/images/headshots/a/a5fb3703_milb.jpg"
nootbla01,"Lars Nootbaar","Team: Arizona Diamondbacks (majors)","Position: Outfielder",Bats: Left  •  Throws: Right,"6-1, 205lb (185cm, 92kg)","Born: September 8, 1997 (Age: 29-028d) in El Segundo, CA us","Debut: June 22, 2021 (Age 23-287d, 22,353rd in major league history)
   vs. DET 3 AB, 0 H, 0 HR, 1 RBI, 0 SB","2026 Contract Status: Signed thru 2026, 1 yr/$5.35M (26)",68-21-21,"https://www.baseball-reference.com/req/2025011210/images/headshots/0/077f74b1_mlbam.jpg"
norbyco01,"Connor Norby","Team: Colorado Rockies (majors)","Positions: Third Baseman, First Baseman and Second Baseman",Bats: Right  •  Throws: Right,"5-10, 180lb (178cm, 81kg)","Born: June 8, 2000 (Age: 26-120d) in Brooklyn Park, MN us","Debut: June 3, 2024 (Age 23-361d, 23,154th in major league history)
   vs. TOR 3 AB, 0 H, 0 HR, 0 RBI, 0 SB","2026 Contract Status: Pre-Arb Eligible",12-24-1-35,"https://www.baseball-reference.com/req/2025011210/images/headshots/4/43d88135_mlbam.jpg"
nunezna01,"Nasim Nuñez","Team: Washington Nationals (majors)","Positions: Second Baseman and Shortstop",Bats: Both  •  Throws: Right,"5-8, 165lb (173cm, 74kg)","Born: August 18, 2000 (Age: 26-049d) in Bronx, NY us","Debut: March 30, 2024 (Age 23-225d, 23,069th in major league history)
   vs. CIN 0 AB, 0 H, 0 HR, 0 RBI, 1 SB","2026 Contract Status: Pre-Arb Eligible",26,"https://www.baseball-reference.com/req/2025011210/images/headshots/e/e9091b65_mlbam.jpg"
ohearry01,"Ryan O'Hearn","Team: Pittsburgh Pirates (majors)","Positions: First Baseman and Rightfielder",Bats: Left  •  Throws: Left,"6-2, 220lb (188cm, 99kg)","Born: July 26, 1993 (Age: 33-072d) in Dunedin, FL us","Debut: July 31, 2018 (Age 25-005d, 21,657th in major league history)
   vs. CHW 3 AB, 1 H, 1 HR, 2 RBI, 0 SB","2026 Contract Status: Signed thru 2027, 2 yrs/$29M (26-27)",66-32-32-29,"https://www.baseball-reference.com/req/2025011210/images/headshots/7/7b084b1d_mlbam.jpg"
ohopplo01,"Logan O'Hoppe","Team: Texas Rangers (minors, 40-man)","Position: Catcher",Bats: Right  •  Throws: Right,"6-2, 225lb (188cm, 102kg)","Born: February 9, 2000 (Age: 26-239d) in West Islip, NY us","Debut: September 28, 2022 (Age 22-231d, 22,780th in major league history)
   vs. OAK 3 AB, 1 H, 0 HR, 0 RBI, 0 SB","2026 Contract Status: Signed thru 2026, 1 yr/$2.63M (26)",14-4,"https://www.baseball-reference.com/req/2025011210/images/headshots/b/bc765323_mlbam.jpg"
ohtansh01,"Shohei Ohtani","Team: Los Angeles Dodgers (majors)","Positions: Designated Hitter and Pitcher",Bats: Left  •  Throws: Right,"6-4, 210lb (193cm, 95kg)","Born: July 5, 1994 (Age: 32-093d) in Oshu, Japan jp","Debut: March 29, 2018 (Age 23-267d, 21,503rd in major league history)
   vs. OAK 5 AB, 1 H, 0 HR, 0 RBI, 0 SB","2026 Contract Status: Signed thru 2033, 10 yrs/$282.17M (24-33)",17-17,"https://www.baseball-reference.com/req/2025011210/images/headshots/2/270bfa31_mlbam.jpg"
okamoka01,"Kazuma Okamoto","Team: Toronto Blue Jays (majors)","Positions: Third Baseman and First Baseman",Bats: Right  •  Throws: Right,"6-1, 220lb (185cm, 99kg)","Born: June 30, 1996 (Age: 30-098d) in Gojo, Japan jp","Debut: March 27, 2026 (Age 29-270d, 23,558th in major league history)","2026 Contract Status: Not Updated",7,"https://www.baseball-reference.com/req/2025011210/images/headshots/c/c6b64865_mlbam.jpg"
olivaja01,"Jared Oliva","Team: Tampa Bay Rays (minors)","Position: Outfielder",Bats: Right  •  Throws: Right,"6-2, 202lb (188cm, 91kg)","Born: November 27, 1995 (Age: 30-313d) in Santa Clarita, CA us","Debut: September 21, 2020 (Age 24-299d, 22,214th in major league history)
   vs. CHC 1 AB, 0 H, 0 HR, 0 RBI, 0 SB","2026 Contract Status: Not Updated",76-14-56,"https://www.baseball-reference.com/req/2025011210/images/headshots/b/be7bf2b1_mlbam.jpg"
olsonma02,"Matt Olson","Team: Atlanta Braves (majors)","Position: First Baseman",Bats: Left  •  Throws: Right,"6-4, 225lb (193cm, 102kg)","Born: March 29, 1994 (Age: 32-191d) in Atlanta, GA us","Debut: September 12, 2016 (Age 22-167d, 21,227th in major league history)
   vs. KCR 0 AB, 0 H, 0 HR, 0 RBI, 0 SB","2026 Contract Status: Signed thru 2029, 8 yrs/$168M (22-29) & 30 team option",13-26-28-28,"https://www.baseball-reference.com/req/2025011210/images/headshots/d/d56aad2b_mlbam.jpg"
oneilty01,"Tyler O'Neill","Team: Baltimore Orioles (majors, 60-day IL)","Position: Leftfielder",Bats: Right  •  Throws: Right,"5-9, 200lb (175cm, 90kg)","Born: June 22, 1995 (Age: 31-106d) in Burnaby, BC, Canada ca","Debut: April 19, 2018 (Age 22-301d, 21,542nd in major league history)
   vs. CHC 1 AB, 0 H, 0 HR, 0 RBI, 0 SB","2026 Contract Status: Signed thru 2027, 3 yrs/$49.5M (25-27)",41-27-17-9,"https://www.baseball-reference.com/req/2025011210/images/headshots/7/76d31fbd_mlbam.jpg"
orneljo01,"Jonathan Ornelas","Team: Milwaukee Brewers (minors)","Positions: Shortstop, Third Baseman and Second Baseman",Bats: Right  •  Throws: Right,"6-1, 196lb (185cm, 88kg)","Born: May 26, 2000 (Age: 26-133d) in Glendale, AZ us","Debut: August 7, 2023 (Age 23-073d, 22,978th in major league history)
   vs. OAK 0 AB, 0 H, 0 HR, 0 RBI, 0 SB","2026 Contract Status: Not Updated",36-21-24-19-11-13,"https://www.baseball-reference.com/req/2025011210/images/headshots/1/104210c1_mlbam.jpg"
ortizab01,"Abimelec Ortiz","Team: Washington Nationals (majors)","Position: First Baseman",Bats: Left  •  Throws: Left,"5-10, 230lb (178cm, 104kg)","Born: February 22, 2002 (Age: 24-226d) in Bayamon, Puerto Rico pr","Debut: July 12, 2026 (Age 24-140d, 23,714th in major league history)","2026 Contract Status: Not Updated",81,"https://www.baseball-reference.com/req/2025011210/images/headshots/f/ffe717a3_mlbam.jpg"
ortizjo06,"Joey Ortiz","Team: Milwaukee Brewers (majors)","Positions: Shortstop and Third Baseman",Bats: Right  •  Throws: Right,"5-10, 192lb (178cm, 87kg)","Born: July 14, 1998 (Age: 28-084d) in Garden Grove, CA us","Debut: April 27, 2023 (Age 24-287d, 22,842nd in major league history)
   vs. DET 3 AB, 1 H, 0 HR, 3 RBI, 0 SB","2026 Contract Status: Pre-Arb Eligible",65-3,"https://www.baseball-reference.com/req/2025011210/images/headshots/1/17e7e436_mlbam.jpg"
osunaal02,"Alejandro Osuna","Team: Texas Rangers (majors)","Position: Leftfielder",Bats: Left  •  Throws: Left,"5-9, 185lb (175cm, 83kg)","Born: October 10, 2002 (Age: 23-361d) in Ahome, Mexico mx","Debut: May 25, 2025 (Age 22-227d, 23,412th in major league history)
   vs. CHW 3 AB, 0 H, 0 HR, 0 RBI, 0 SB","2026 Contract Status: Pre-Arb Eligible",19,"https://www.baseball-reference.com/req/2025011210/images/headshots/8/8c04349e_mlbam.jpg"
outmaja01,"James Outman","Team: Detroit Tigers (minors)","Position: Centerfielder",Bats: Left  •  Throws: Right,"6-2, 215lb (188cm, 97kg)","Born: May 14, 1997 (Age: 29-145d) in Redwood City, CA us","Debut: July 31, 2022 (Age 25-078d, 22,685th in major league history)
   vs. COL 4 AB, 3 H, 1 HR, 3 RBI, 0 SB","2026 Contract Status: Pre-Arb Eligible",77-33-43-30-43,"https://www.baseball-reference.com/req/2025011210/images/headshots/3/3fcfedcf_mlbam.jpg"
ozunama01,"Marcell Ozuna","undefined","Positions: Outfielder and Designated Hitter",Bats: Right  •  Throws: Right,"6-1, 251lb (185cm, 113kg)","Born: November 12, 1990 (Age: 35-328d) in Santo Domingo, Dominican Republic do","Debut: April 30, 2013 (Age 22-169d, 20,313th in major league history)
   vs. NYM 3 AB, 1 H, 0 HR, 0 RBI, 0 SB","2026 Contract Status: Signed thru 2026, 1 yr/$12M (26) & 27 mutual option",48-13-23-20-24,"https://www.baseball-reference.com/req/2025011210/images/headshots/1/184190ef_mlbam.jpg"
pachecr01,"Cristian Pache","Team: New York Mets (majors)","Position: Centerfielder",Bats: Right  •  Throws: Right,"6-2, 215lb (188cm, 97kg)","Born: November 19, 1998 (Age: 27-321d) in Santo Domingo Centro, Dominican Republic do","Debut: August 21, 2020 (Age 21-276d, 22,139th in major league history)
   vs. PHI 4 AB, 1 H, 0 HR, 0 RBI, 0 SB","2026 Contract Status: Not Updated",14-25-20-19-26-20-71,"https://www.baseball-reference.com/req/2025011210/images/headshots/a/aad23cca_mlbam.jpg"
pagesan01,"Andy Pages","Team: Los Angeles Dodgers (majors)","Position: Centerfielder",Bats: Right  •  Throws: Right,"6-1, 212lb (185cm, 96kg)","Born: December 8, 2000 (Age: 25-302d) in La Habana, Cuba cu","Debut: April 16, 2024 (Age 23-130d, 23,103rd in major league history)
   vs. WSN 4 AB, 1 H, 0 HR, 0 RBI, 0 SB","2026 Contract Status: Pre-Arb Eligible",84-44,"https://www.baseball-reference.com/req/2025011210/images/headshots/8/8ab80f5b_mlbam.jpg"
pagespe02,"Pedro Pagés","Team: St. Louis Cardinals (majors)","Position: Catcher",Bats: Right  •  Throws: Right,"5-11, 245lb (180cm, 111kg)","Born: September 17, 1998 (Age: 28-019d) in Maracay, Venezuela ve","Debut: April 7, 2024 (Age 25-203d, 23,087th in major league history)
   vs. MIA 1 AB, 0 H, 0 HR, 0 RBI, 0 SB","2026 Contract Status: Pre-Arb Eligible",43,"https://www.baseball-reference.com/req/2025011210/images/headshots/e/e20b9e21_mlbam.jpg"
palacri01,"Richie Palacios","Team: Tampa Bay Rays (majors)","Positions: Second Baseman and Outfielder",Bats: Left  •  Throws: Right,"5-8, 185lb (173cm, 83kg)","Born: May 16, 1997 (Age: 29-143d) in Brooklyn, NY us","Debut: April 25, 2022 (Age 24-344d, 22,550th in major league history)
   vs. LAA 3 AB, 2 H, 0 HR, 0 RBI, 0 SB","2026 Contract Status: Signed thru 2026, 1 yr/$945k (26)",9-67-1,"https://www.baseball-reference.com/req/2025011210/images/headshots/1/1ec26401_mlbam.jpg"
paredis01,"Isaac Paredes","Team: Houston Astros (majors)","Positions: Third Baseman, First Baseman and Second Baseman",Bats: Right  •  Throws: Right,"5-11, 213lb (180cm, 96kg)","Born: February 18, 1999 (Age: 27-230d) in Hermosillo, Mexico mx","Debut: August 17, 2020 (Age 21-181d, 22,121st in major league history)
   vs. CHW 4 AB, 1 H, 0 HR, 2 RBI, 0 SB","2026 Contract Status: Signed thru 2026, 1 yr/$9.35M (26) & 27 team option",19-17-17-15,"https://www.baseball-reference.com/req/2025011210/images/headshots/c/c06ec0de_mlbam.jpg"
parisky01,"Kyren Paris","Team: Los Angeles Angels (majors, 10-day IL)","Positions: Second Baseman, Centerfielder and Shortstop",Bats: Right  •  Throws: Right,"5-10, 180lb (178cm, 81kg)","Born: November 11, 2001 (Age: 24-329d) in Oakley, CA us","Debut: September 1, 2023 (Age 21-294d, 23,009th in major league history)
   vs. OAK 2 AB, 0 H, 0 HR, 0 RBI, 0 SB","2026 Contract Status: Pre-Arb Eligible",19,"https://www.baseball-reference.com/req/2025011210/images/headshots/c/cdd6b57a_mlbam.jpg"
pasquvi01,"Vinnie Pasquantino","Team: Kansas City Royals (majors)","Position: First Baseman",Bats: Left  •  Throws: Left,"6-3, 245lb (190cm, 111kg)","Born: October 10, 1997 (Age: 28-361d) in Richmond, VA us","Debut: June 28, 2022 (Age 24-261d, 22,654th in major league history)
   vs. TEX 4 AB, 0 H, 0 HR, 0 RBI, 0 SB","2026 Contract Status: Signed thru 2027, 2 yrs/$11.1M (26-27)",9,"https://www.baseball-reference.com/req/2025011210/images/headshots/f/f7055dea_mlbam.jpg"
paulegr01,"Graham Pauley","Team: Miami Marlins (majors)","Positions: Third Baseman, First Baseman and Second Baseman",Bats: Left  •  Throws: Right,"6-1, 200lb (185cm, 90kg)","Born: September 24, 2000 (Age: 26-012d) in Alpharetta, GA us","Debut: March 20, 2024 (Age 23-178d, 23,052nd in major league history)
   vs. LAD 1 AB, 0 H, 0 HR, 0 RBI, 0 SB","2026 Contract Status: Pre-Arb Eligible",22-21,"https://www.baseball-reference.com/req/2025011210/images/headshots/a/a3dbb4f4_mlbam.jpg"
peckjo01,"John Peck","Team: Detroit Tigers (majors)","Position: Shortstop",Bats: Right  •  Throws: Right,"6-0, 185lb (183cm, 83kg)","Born: July 18, 2002 (Age: 24-080d) in Moorpark, CA us","Debut: August 31, 2026 (Age 24-044d, 23,774th in major league history)","2026 Contract Status: Not Updated",18,"https://www.baseball-reference.com/req/2025011210/images/headshots/9/9dc5b1f7_mlbam.jpg"
pederjo01,"Joc Pederson","Team: Texas Rangers (majors, 10-day IL)","Positions: Outfielder and Designated Hitter",Bats: Left  •  Throws: Left,"6-1, 220lb (185cm, 99kg)","Born: April 21, 1992 (Age: 34-168d) in Palo Alto, CA us","Debut: September 1, 2014 (Age 22-133d, 20,679th in major league history)
   vs. WSN 1 AB, 0 H, 0 HR, 0 RBI, 0 SB","2026 Contract Status: Signed thru 2026, 2 yrs/$37M (25-26) & 27 mutual option",65-31-24-22-23-3-4-3,"https://www.baseball-reference.com/req/2025011210/images/headshots/c/cbfe7ac9_mlbam.jpg"
penaje02,"Jeremy Peña","Team: Houston Astros (majors)","Position: Shortstop",Bats: Right  •  Throws: Right,"6-0, 202lb (183cm, 91kg)","Born: September 22, 1997 (Age: 29-014d) in Santo Domingo, Dominican Republic do","Debut: April 7, 2022 (Age 24-197d, 22,488th in major league history)
   vs. LAA 4 AB, 0 H, 0 HR, 0 RBI, 0 SB","2026 Contract Status: Signed thru 2026, 1 yr/$9.48M (26)",3,"https://www.baseball-reference.com/req/2025011210/images/headshots/6/6d0c2e4f_mlbam.jpg"
perazos02,"Oswald Peraza","Team: Los Angeles Angels (majors)","Positions: Third Baseman, Second Baseman and Shortstop",Bats: Right  •  Throws: Right,"5-11, 200lb (180cm, 90kg)","Born: June 15, 2000 (Age: 26-113d) in Barquisimeto, Venezuela ve","Debut: September 2, 2022 (Age 22-079d, 22,739th in major league history)
   vs. TBR 1 AB, 0 H, 0 HR, 0 RBI, 0 SB","2026 Contract Status: Pre-Arb Eligible",91-18-10-2,"https://www.baseball-reference.com/req/2025011210/images/headshots/8/8debd41f_mlbam.jpg"
perdoge01,"Geraldo Perdomo","Team: Arizona Diamondbacks (majors)","Positions: Shortstop and Second Baseman",Bats: Both  •  Throws: Right,"6-2, 210lb (188cm, 95kg)","Born: October 22, 1999 (Age: 26-349d) in Santo Domingo, Dominican Republic do","Debut: April 3, 2021 (Age 21-163d, 22,238th in major league history)
   vs. SDP 1 AB, 0 H, 0 HR, 0 RBI, 0 SB","2026 Contract Status: Signed thru 2029, 4 yrs/$45M (26-29) & 30 team option",2-2,"https://www.baseball-reference.com/req/2025011210/images/headshots/b/b9f840a3_mlbam.jpg"
peredjh01,"Jhonny Pereda","Team: Seattle Mariners (majors)","Positions: Catcher and Pitcher",Bats: Right  •  Throws: Right,"6-1, 202lb (185cm, 91kg)","Born: April 18, 1996 (Age: 30-171d) in San Juan, Venezuela ve","Debut: April 17, 2024 (Age 27-365d, 23,107th in major league history)
   vs. SFG 2 AB, 0 H, 0 HR, 0 RBI, 0 SB","2026 Contract Status: Pre-Arb Eligible",89-64-65-5,"https://www.baseball-reference.com/req/2025011210/images/headshots/4/4f389d87_mlbam.jpg"
pereiev01,"Everson Pereira","Team: St. Louis Cardinals (majors, 10-day IL)","Position: Outfielder",Bats: Right  •  Throws: Right,"5-11, 203lb (180cm, 92kg)","Born: April 10, 2001 (Age: 25-179d) in Cabudare, Venezuela ve","Debut: August 22, 2023 (Age 22-134d, 22,996th in major league history)
   vs. WSN 3 AB, 0 H, 0 HR, 0 RBI, 0 SB","2026 Contract Status: Pre-Arb Eligible",80-45-28-21,"https://www.baseball-reference.com/req/2025011210/images/headshots/7/7f114ac2_mlbam.jpg"
perezju03,"Junior Pérez","Team: Chicago White Sox (minors, 40-man)","Position: Outfielder",Bats: Right  •  Throws: Right,"6-0, 165lb (183cm, 74kg)","Born: July 4, 2001 (Age: 25-094d) in San Cristobal, Dominican Republic do","Debut: June 18, 2026 (Age 24-349d, 23,684th in major league history)","2026 Contract Status: Not Updated",37,"https://www.baseball-reference.com/req/2025011210/images/headshots/2/29cdc41b_mlbam.jpg"
perezsa02,"Salvador Perez","Team: Kansas City Royals (majors)","Positions: Catcher and First Baseman",Bats: Right  •  Throws: Right,"6-2, 255lb (188cm, 115kg)","Born: May 10, 1990 (Age: 36-149d) in Valencia, Venezuela ve","Debut: August 10, 2011 (Age 21-092d, 19,971st in major league history)
   vs. TBR 3 AB, 1 H, 0 HR, 1 RBI, 0 SB","2026 Contract Status: Signed thru 2027, 2 yrs/$20.72M (26-27)",13,"https://www.baseball-reference.com/req/2025011210/images/headshots/b/b6654965_mlbam.jpg"
perezwe01,"Wenceel Pérez","Team: Detroit Tigers (majors, 60-day IL)","Position: Rightfielder",Bats: Both  •  Throws: Right,"5-11, 203lb (180cm, 92kg)","Born: October 30, 1999 (Age: 26-341d) in Azua, Dominican Republic do","Debut: April 8, 2024 (Age 24-161d, 23,088th in major league history)
   vs. PIT 2 AB, 0 H, 0 HR, 0 RBI, 0 SB","2026 Contract Status: Pre-Arb Eligible",46,"https://www.baseball-reference.com/req/2025011210/images/headshots/7/70dd19e5_mlbam.jpg"
perkibl01,"Blake Perkins","Team: Cleveland Guardians (minors, 40-man)","Position: Centerfielder",Bats: Both  •  Throws: Right,"6-0, 185lb (183cm, 83kg)","Born: September 10, 1996 (Age: 30-026d) in Litchfield Park, AZ us","Debut: April 19, 2023 (Age 26-221d, 22,830th in major league history)
   vs. SEA 0 AB, 0 H, 0 HR, 0 RBI, 0 SB","2026 Contract Status: Pre-Arb Eligible",16,"https://www.baseball-reference.com/req/2025011210/images/headshots/3/3f9bc524_mlbam.jpg"
petertr01,"Tristan Peters","Team: Chicago White Sox (majors)","Position: Centerfielder",Bats: Left  •  Throws: Right,"6-0, 180lb (183cm, 81kg)","Born: February 29, 2000 (Age: 26-219d) in Winkler, MB, Canada ca","Debut: August 8, 2025 (Age 25-161d, 23,490th in major league history)
   vs. SEA 3 AB, 0 H, 0 HR, 0 RBI, 0 SB","2026 Contract Status: Pre-Arb Eligible",25-29,"https://www.baseball-reference.com/req/2025011210/images/headshots/2/240aac10_mlbam.jpg"
phamth01,"Tommy Pham","Team: Chicago White Sox (majors)","Position: Leftfielder",Bats: Right  •  Throws: Right,"6-1, 225lb (185cm, 102kg)","Born: March 8, 1988 (Age: 38-212d) in Las Vegas, NV us","Debut: September 9, 2014 (Age 26-185d, 20,717th in major league history)
   vs. CIN 1 AB, 0 H, 0 HR, 0 RBI, 0 SB","2026 Contract Status: Free Agent",60-28-29-28-28-22-28-28-28-29-22-28-39-21,"https://www.baseball-reference.com/req/2025011210/images/headshots/6/6e62bd4f_mlbam.jpg"
pinanyo01,"Yohendrick Piñango","Team: Toronto Blue Jays (minors, 40-man)","Position: Leftfielder",Bats: Left  •  Throws: Left,"5-10, 170lb (178cm, 77kg)","Born: May 7, 2002 (Age: 24-152d) in Carora, Venezuela ve","Debut: April 26, 2026 (Age 23-354d, 23,603rd in major league history)","2026 Contract Status: Not Updated",24,"https://www.baseball-reference.com/req/2025011210/images/headshots/2/23d1c04b_mlbam.jpg"
pinckan01,"Andrew Pinckney","Team: Washington Nationals (minors, 40-man)","Position: Outfielder",Bats: Right  •  Throws: Right,"6-4, 215lb (193cm, 97kg)","Born: December 7, 2000 (Age: 25-303d) in Tuscaloosa, AL us","Debut: August 5, 2026 (Age 25-241d, 23,741st in major league history)","2026 Contract Status: Not Updated",45,"https://www.baseball-reference.com/req/2025011210/images/headshots/0/0c1fe2ed_mlbam.jpg"
piperke01,"Kenny Piper","Team: Tampa Bay Rays (minors, 40-man)","Positions: Catcher and Pinch Runner",Bats: Right  •  Throws: Right,"5-10, 190lb (178cm, 86kg)","Born: July 12, 1998 (Age: 28-086d) in Florissant, MO us","Debut: August 3, 2026 (Age 28-022d, 23,733rd in major league history)","2026 Contract Status: Not Updated",50,"https://www.baseball-reference.com/req/2025011210/images/headshots/2/27322b76_mlbam.jpg"
polanjo01,"Jorge Polanco","Team: New York Mets (majors, 60-day IL)","Positions: Shortstop and Second Baseman",Bats: Both  •  Throws: Right,"6-0, 208lb (183cm, 94kg)","Born: July 5, 1993 (Age: 33-093d) in San Pedro de Macoris, Dominican Republic do","Debut: June 26, 2014 (Age 20-356d, 20,610th in major league history)
   vs. LAA 0 AB, 0 H, 0 HR, 0 RBI, 0 SB","2026 Contract Status: Signed thru 2027, 2 yrs/$40M (26-27)",11-11-7-11,"https://www.baseball-reference.com/req/2025011210/images/headshots/0/088d3244_mlbam.jpg"
portelo01,"Logan Porter","Team: Los Angeles Angels (minors, 40-man)","Positions: Catcher and Pitcher",Bats: Right  •  Throws: Right,"5-11, 212lb (180cm, 96kg)","Born: July 12, 1995 (Age: 31-086d) in Phoenix, AZ us","Debut: September 12, 2023 (Age 28-062d, 23,029th in major league history)
   vs. CHW 4 AB, 2 H, 0 HR, 2 RBI, 0 SB","2026 Contract Status: Not Updated",88-13-33,"https://www.baseball-reference.com/req/2025011210/images/headshots/3/3c219fff_mlbam.jpg"
pozoyo01,"Yohel Pozo","Team: Baltimore Orioles (majors)","Positions: Catcher, Pinch Hitter and First Baseman",Bats: Right  •  Throws: Right,"5-11, 201lb (180cm, 91kg)","Born: June 14, 1997 (Age: 29-114d) in Maracaibo, Venezuela ve","Debut: August 13, 2021 (Age 24-060d, 22,422nd in major league history)
   vs. OAK 4 AB, 2 H, 1 HR, 3 RBI, 0 SB","2026 Contract Status: Pre-Arb Eligible",37-63-79,"https://www.baseball-reference.com/req/2025011210/images/headshots/8/8c19f251_mlbam.jpg"
prattco01,"Cooper Pratt","Team: Milwaukee Brewers (majors)","Position: Shortstop",Bats: Right  •  Throws: Right,"6-4, 210lb (193cm, 95kg)","Born: August 18, 2004 (Age: 22-049d) in Hialeah, FL us","Debut: June 16, 2026 (Age 21-302d, 23,681st in major league history)","2026 Contract Status: Signed thru 2033, 8 yrs/$95M (26-33) & 34 team option",12,"https://www.baseball-reference.com/req/2025011210/images/headshots/6/63bc6e30_mlbam.jpg"
priceco01,"Collin Price","Team: Houston Astros (minors, 40-man)","Positions: Catcher, Pinch Hitter and First Baseman",Bats: Right  •  Throws: Right,"6-4, 225lb (193cm, 102kg)","Born: November 15, 1999 (Age: 26-325d) in Suwanee, GA us","Debut: June 4, 2026 (Age 26-201d, 23,666th in major league history)","2026 Contract Status: Not Updated",37,"https://www.baseball-reference.com/req/2025011210/images/headshots/1/1684408c_mlbam.jpg"
prietce01,"César Prieto","Team: St. Louis Cardinals (majors)","Positions: Third Baseman, Pinch Hitter and Second Baseman",Bats: Left  •  Throws: Right,"5-9, 195lb (175cm, 88kg)","Born: May 10, 1999 (Age: 27-149d) in Cienfuegos, Cuba cu","Debut: August 29, 2025 (Age 26-111d, 23,515th in major league history)
   vs. CIN 1 AB, 0 H, 0 HR, 0 RBI, 0 SB","2026 Contract Status: Pre-Arb Eligible",31,"https://www.baseball-reference.com/req/2025011210/images/headshots/1/1c59de6b_mlbam.jpg"
queroed01,"Edgar Quero","Team: Chicago White Sox (minors, 40-man)","Position: Catcher",Bats: Both  •  Throws: Right,"5-10, 205lb (178cm, 92kg)","Born: April 6, 2003 (Age: 23-183d) in Cienfuegos, Cuba cu","Debut: April 17, 2025 (Age 22-011d, 23,349th in major league history)
   vs. ATH 3 AB, 0 H, 0 HR, 0 RBI, 0 SB","2026 Contract Status: Pre-Arb Eligible",7-26,"https://www.baseball-reference.com/req/2025011210/images/headshots/3/305127cd_mlbam.jpg"
queroje01,"Jeferson Quero","Team: Milwaukee Brewers (minors, 40-man)","Position: Catcher",Bats: Right  •  Throws: Right,"6-0, 203lb (183cm, 92kg)","Born: October 8, 2002 (Age: 23-363d) in Barquisimeto, Venezuela ve","Debut: March 29, 2026 (Age 23-172d, 23,565th in major league history)","2026 Contract Status: Not Updated",15,"https://www.baseball-reference.com/req/2025011210/images/headshots/2/284f81ec_mlbam.jpg"
rafaece01,"Ceddanne Rafaela","Team: Boston Red Sox (majors)","Positions: Centerfielder, Shortstop and Second Baseman",Bats: Right  •  Throws: Right,"5-10, 165lb (178cm, 74kg)","Born: September 18, 2000 (Age: 26-018d) in Willemstad, Curacao cw","Debut: August 28, 2023 (Age 22-344d, 23,003rd in major league history)
   vs. HOU 1 AB, 1 H, 0 HR, 0 RBI, 0 SB","2026 Contract Status: Signed thru 2031, 8 yrs/$50M (24-31) & 32 team option",43-3,"https://www.baseball-reference.com/req/2025011210/images/headshots/9/9f811bb1_mlbam.jpg"
raleica01,"Cal Raleigh","Team: Seattle Mariners (majors)","Position: Catcher",Bats: Both  •  Throws: Right,"6-2, 235lb (188cm, 106kg)","Born: November 26, 1996 (Age: 29-314d) in Harrisonburg, VA us","Debut: July 11, 2021 (Age 24-227d, 22,384th in major league history)
   vs. LAA 4 AB, 0 H, 0 HR, 0 RBI, 0 SB","2026 Contract Status: Signed thru 2030, 6 yrs/$105M (25-30) & 31 vesting option",29,"https://www.baseball-reference.com/req/2025011210/images/headshots/a/a4e8f44e_mlbam.jpg"
raleylu01,"Luke Raley","Team: Seattle Mariners (majors, 60-day IL)","Positions: Outfielder and First Baseman",Bats: Left  •  Throws: Right,"6-3, 235lb (190cm, 106kg)","Born: September 19, 1994 (Age: 32-017d) in Hinckley, OH us","Debut: April 9, 2021 (Age 26-202d, 22,254th in major league history)
   vs. WSN 1 AB, 0 H, 0 HR, 0 RBI, 0 SB","2026 Contract Status: Signed thru 2026, 1 yr/$2.05M (26)",37-62-55-20,"https://www.baseball-reference.com/req/2025011210/images/headshots/5/58117e59_mlbam.jpg"
ramirag01,"Agustín Ramírez","Team: Miami Marlins (majors)","Positions: Designated Hitter and Catcher",Bats: Right  •  Throws: Right,"6-1, 210lb (185cm, 95kg)","Born: September 10, 2001 (Age: 25-026d) in Santo Domingo, Dominican Republic do","Debut: April 21, 2025 (Age 23-223d, 23,362nd in major league history)
   vs. CIN 3 AB, 2 H, 0 HR, 0 RBI, 1 SB","2026 Contract Status: Pre-Arb Eligible",50,"https://www.baseball-reference.com/req/2025011210/images/headshots/b/bacbf7fa_mlbam.jpg"
ramirjo01,"José Ramírez","Team: Cleveland Guardians (majors)","Positions: Third Baseman, Second Baseman and Shortstop",Bats: Both  •  Throws: Right,"5-8, 190lb (173cm, 86kg)","Born: September 17, 1992 (Age: 34-019d) in Bani, Dominican Republic do","Debut: September 1, 2013 (Age 20-349d, 20,453rd in major league history)
   vs. DET 0 AB, 0 H, 0 HR, 0 RBI, 0 SB","2026 Contract Status: Signed thru 2032, 7 yrs/$128.5M (26-32)",62-11,"https://www.baseball-reference.com/req/2025011210/images/headshots/e/e3e66986_mlbam.jpg"
ramirpe01,"Pedro Ramírez","Team: Chicago Cubs (majors)","Positions: Second Baseman, Third Baseman and First Baseman",Bats: Both  •  Throws: Right,"5-9, 165lb (175cm, 74kg)","Born: April 1, 2004 (Age: 22-188d) in Temblador, Venezuela ve","Debut: May 23, 2026 (Age 22-052d, 23,642nd in major league history)","2026 Contract Status: Not Updated",75,"https://www.baseball-reference.com/req/2025011210/images/headshots/4/46d05166_mlbam.jpg"
ramoshe02,"Heliot Ramos","Team: New York Yankees (majors)","Position: Leftfielder",Bats: Right  •  Throws: Right,"5-11, 235lb (180cm, 106kg)","Born: September 7, 1999 (Age: 27-029d) in Humacao, Puerto Rico pr","Debut: April 10, 2022 (Age 22-215d, 22,514th in major league history)
   vs. MIA 3 AB, 2 H, 0 HR, 0 RBI, 0 SB","2026 Contract Status: Pre-Arb Eligible",53-12-17-34,"https://www.baseball-reference.com/req/2025011210/images/headshots/c/c5578b37_mlbam.jpg"
ravejo01,"John Rave","Team: Kansas City Royals (majors)","Position: Outfielder",Bats: Left  •  Throws: Left,"5-10, 194lb (178cm, 87kg)","Born: December 30, 1997 (Age: 28-280d) in Canton, IL us","Debut: May 26, 2025 (Age 27-147d, 23,415th in major league history)
   vs. CIN 2 AB, 0 H, 0 HR, 0 RBI, 0 SB","2026 Contract Status: Pre-Arb Eligible",26-16,"https://www.baseball-reference.com/req/2025011210/images/headshots/9/917b2744_mlbam.jpg"
realmjt01,"J.T. Realmuto","Team: Philadelphia Phillies (majors)","Position: Catcher",Bats: Right  •  Throws: Right,"6-0, 212lb (183cm, 96kg)","Born: March 18, 1991 (Age: 35-202d) in Del City, OK us","Debut: June 5, 2014 (Age 23-079d, 20,580th in major league history)
   vs. TBR 4 AB, 2 H, 0 HR, 3 RBI, 0 SB","2026 Contract Status: Signed thru 2028, 3 yrs/$45M (26-28)",60-20-11-10,"https://www.baseball-reference.com/req/2025011210/images/headshots/9/969737fb_mlbam.jpg"
refsnro01,"Rob Refsnyder","undefined","Positions: Outfielder, Pinch Hitter and Second Baseman",Bats: Right  •  Throws: Right,"5-11, 215lb (180cm, 97kg)","Born: March 26, 1991 (Age: 35-194d) in Seoul, South Korea kr","Debut: July 11, 2015 (Age 24-107d, 20,886th in major league history)
   vs. BOS 3 AB, 0 H, 0 HR, 0 RBI, 0 SB","2026 Contract Status: Signed thru 2026, 1 yr/$6.25M (26)",64-38-30-39-8-14-38-30-30,"https://www.baseball-reference.com/req/2025011210/images/headshots/0/08c68ab4_mlbam.jpg"
rengilu01,"Luis Rengifo","Team: San Diego Padres (majors, 60-day IL)","Positions: Second Baseman, Third Baseman and Shortstop",Bats: Both  •  Throws: Right,"5-9, 204lb (175cm, 92kg)","Born: February 26, 1997 (Age: 29-222d) in Naguanagua, Venezuela ve","Debut: April 25, 2019 (Age 22-058d, 21,803rd in major league history)
   vs. NYY 4 AB, 1 H, 0 HR, 0 RBI, 0 SB","2026 Contract Status: Signed thru 2026, 1 yr/$3.5M (26) & 27 mutual option",4-2-13-21,"https://www.baseball-reference.com/req/2025011210/images/headshots/5/5398c546_mlbam.jpg"
reyesfe01,"Félix Reyes","Team: Philadelphia Phillies (majors, 60-day IL)","Positions: Leftfielder, First Baseman and Third Baseman",Bats: Right  •  Throws: Right,"6-3, 195lb (190cm, 88kg)","Born: March 26, 2001 (Age: 25-194d) in Bani, Dominican Republic do","Debut: April 18, 2026 (Age 25-023d, 23,592nd in major league history)","2026 Contract Status: Not Updated",29,"https://www.baseball-reference.com/req/2025011210/images/headshots/0/0f491cd0_mlbam.jpg"
reynobr01,"Bryan Reynolds","Team: Pittsburgh Pirates (majors)","Position: Outfielder",Bats: Both  •  Throws: Right,"6-2, 210lb (188cm, 95kg)","Born: January 27, 1995 (Age: 31-252d) in Baltimore, MD us","Debut: April 20, 2019 (Age 24-083d, 21,793rd in major league history)
   vs. SFG 2 AB, 1 H, 0 HR, 0 RBI, 0 SB","2026 Contract Status: Signed thru 2030, 8 yrs/$106.75M (23-30) & 31 team option",10,"https://www.baseball-reference.com/req/2025011210/images/headshots/6/6b3d4f0c_mlbam.jpg"
ricebe01,"Ben Rice","Team: New York Yankees (majors)","Positions: First Baseman, Designated Hitter and Catcher",Bats: Left  •  Throws: Right,"6-2, 228lb (188cm, 103kg)","Born: February 22, 1999 (Age: 27-226d) in Cohasset, MA us","Debut: June 18, 2024 (Age 25-117d, 23,173rd in major league history)
   vs. BAL 4 AB, 1 H, 0 HR, 0 RBI, 0 SB","2026 Contract Status: Pre-Arb Eligible",93-22,"https://www.baseball-reference.com/req/2025011210/images/headshots/8/8a617cf2_mlbam.jpg"
rileyau01,"Austin Riley","Team: Atlanta Braves (majors)","Positions: Third Baseman and Leftfielder",Bats: Right  •  Throws: Right,"6-1, 225lb (185cm, 102kg)","Born: April 2, 1997 (Age: 29-187d) in Memphis, TN us","Debut: May 15, 2019 (Age 22-043d, 21,832nd in major league history)
   vs. STL 3 AB, 1 H, 1 HR, 1 RBI, 0 SB","2026 Contract Status: Signed thru 2032, 10 yrs/$212M (23-32) & 33 team option",27,"https://www.baseball-reference.com/req/2025011210/images/headshots/9/9c38fff5_mlbam.jpg"
rincoga01,"Gabriel Rincones Jr.","Team: Philadelphia Phillies (minors, 40-man)","Position: Rightfielder",Bats: Left  •  Throws: Right,"6-3, 225lb (190cm, 102kg)","Born: March 3, 2001 (Age: 25-217d) in Boynton Beach, FL us","Debut: June 12, 2026 (Age 25-101d, 23,674th in major league history)","2026 Contract Status: Not Updated",17,"https://www.baseball-reference.com/req/2025011210/images/headshots/5/552e1bf4_mlbam.jpg"
rittery01,"Ryan Ritter","Team: Colorado Rockies (minors, 40-man)","Positions: Second Baseman and Shortstop",Bats: Right  •  Throws: Right,"6-1, 209lb (185cm, 94kg)","Born: November 10, 2000 (Age: 25-330d) in Evergreen Park, IL us","Debut: June 6, 2025 (Age 24-208d, 23,430th in major league history)
   vs. NYM 4 AB, 1 H, 0 HR, 0 RBI, 0 SB","2026 Contract Status: Pre-Arb Eligible",8,"https://www.baseball-reference.com/req/2025011210/images/headshots/f/fe9fc3b2_mlbam.jpg"
rivasle01,"Leo Rivas","Team: Seattle Mariners (majors)","Positions: Shortstop, Second Baseman and Third Baseman",Bats: Both  •  Throws: Right,"5-7, 150lb (170cm, 68kg)","Born: October 10, 1997 (Age: 28-361d) in Maracay, Venezuela ve","Debut: April 28, 2024 (Age 26-201d, 23,116th in major league history)
   vs. ARI 2 AB, 1 H, 0 HR, 0 RBI, 0 SB","2026 Contract Status: Pre-Arb Eligible",76,"https://www.baseball-reference.com/req/2025011210/images/headshots/a/a0160fd2_mlbam.jpg"
riverse01,"Sebastián Rivero","Team: Los Angeles Angels (minors, 40-man)","Position: Catcher",Bats: Right  •  Throws: Right,"6-1, 210lb (185cm, 95kg)","Born: November 16, 1998 (Age: 27-324d) in Maracay, Venezuela ve","Debut: May 8, 2021 (Age 22-173d, 22,303rd in major league history)
   vs. CHW 4 AB, 0 H, 0 HR, 0 RBI, 0 SB","2026 Contract Status: Pre-Arb Eligible",48-38,"https://www.baseball-reference.com/req/2025011210/images/headshots/b/b422a00e_mlbam.jpg"
roberlu01,"Luis Robert Jr.","Team: Baltimore Orioles (majors, 10-day IL)","Position: Centerfielder",Bats: Right  •  Throws: Right,"6-2, 225lb (188cm, 102kg)","Born: August 3, 1997 (Age: 29-064d) in Ciego de Avila, Cuba cu","Debut: July 24, 2020 (Age 22-356d, 22,013th in major league history)
   vs. MIN 4 AB, 2 H, 0 HR, 0 RBI, 0 SB","2026 Contract Status: Signed thru 2026, 7 yrs/$70M (20-26) & 27 team option",88-88-88,"https://www.baseball-reference.com/req/2025011210/images/headshots/c/c115568b_mlbam.jpg"
robinch04,"Chuckie Robinson","Team: Atlanta Braves (minors)","Position: Catcher",Bats: Right  •  Throws: Right,"6-0, 215lb (183cm, 97kg)","Born: December 14, 1994 (Age: 31-296d) in Danville, IL us","Debut: August 24, 2022 (Age 27-253d, 22,723rd in major league history)
   vs. PHI 2 AB, 1 H, 0 HR, 0 RBI, 0 SB","2026 Contract Status: Pre-Arb Eligible",73-47-52,"https://www.baseball-reference.com/req/2025011210/images/headshots/a/adcd4148_mlbam.jpg"
roblevi01,"Víctor Robles","Team: Seattle Mariners (majors)","Position: Centerfielder",Bats: Right  •  Throws: Right,"6-0, 193lb (183cm, 87kg)","Born: May 19, 1997 (Age: 29-140d) in Santo Domingo Este, Dominican Republic do","Debut: September 7, 2017 (Age 20-111d, 21,486th in major league history)
   vs. PHI 1 AB, 0 H, 0 HR, 0 RBI, 0 SB","2026 Contract Status: Signed thru 2026, 2 yrs/$9.75M (25-26) & 27 team option",14-16-10,"https://www.baseball-reference.com/req/2025011210/images/headshots/b/bab8e489_mlbam.jpg"
rocchbr01,"Brayan Rocchio","Team: Cleveland Guardians (majors)","Positions: Shortstop and Second Baseman",Bats: Both  •  Throws: Right,"5-9, 170lb (175cm, 77kg)","Born: January 13, 2001 (Age: 25-266d) in Caracas, Venezuela ve","Debut: May 16, 2023 (Age 22-123d, 22,867th in major league history)
   vs. CHW 2 AB, 1 H, 0 HR, 0 RBI, 0 SB","2026 Contract Status: Pre-Arb Eligible",6-4,"https://www.baseball-reference.com/req/2025011210/images/headshots/5/534f406c_mlbam.jpg"
roddebr01,"Brock Rodden","Team: Seattle Mariners (majors, 10-day IL)","Positions: Third Baseman and Shortstop",Bats: Both  •  Throws: Right,"5-7, 170lb (170cm, 77kg)","Born: May 25, 2000 (Age: 26-134d) in Durant, OK us","Debut: August 14, 2026 (Age 26-081d, 23,752nd in major league history)","2026 Contract Status: Not Updated",90,"https://www.baseball-reference.com/req/2025011210/images/headshots/0/0ca10c0f_mlbam.jpg"
rodenal01,"Alan Roden","Team: Minnesota Twins (majors)","Position: Outfielder",Bats: Left  •  Throws: Right,"5-11, 215lb (180cm, 97kg)","Born: December 22, 1999 (Age: 26-288d) in Middleton, WI us","Debut: March 27, 2025 (Age 25-095d, 23,310th in major league history)
   vs. BAL 2 AB, 1 H, 0 HR, 0 RBI, 0 SB","2026 Contract Status: Pre-Arb Eligible",18-19-18,"https://www.baseball-reference.com/req/2025011210/images/headshots/2/2be387da_mlbam.jpg"
rodriem01,"Emmanuel Rodríguez","Team: Minnesota Twins (majors)","Position: Outfielder",Bats: Left  •  Throws: Left,"5-11, 210lb (180cm, 95kg)","Born: February 28, 2003 (Age: 23-220d) in Santiago, Dominican Republic do","Debut: September 12, 2026 (Age 23-196d, 23,796th in major league history)","2026 Contract Status: Not Updated",21,"https://www.baseball-reference.com/req/2025011210/images/headshots/6/63b30d6a_mlbam.jpg"
rodrien01,"Endy Rodríguez","Team: Pittsburgh Pirates (majors, 60-day IL)","Positions: Catcher and First Baseman",Bats: Both  •  Throws: Right,"6-0, 207lb (183cm, 93kg)","Born: May 26, 2000 (Age: 26-133d) in Santiago, Dominican Republic do","Debut: July 17, 2023 (Age 23-052d, 22,953rd in major league history)
   vs. CLE 4 AB, 0 H, 0 HR, 0 RBI, 0 SB","2026 Contract Status: Pre-Arb Eligible",25-5-13,"https://www.baseball-reference.com/req/2025011210/images/headshots/e/e1ebbf03_mlbam.jpg"
rodrihe05,"Héctor Rodríguez","Team: Cincinnati Reds (majors)","Position: Rightfielder",Bats: Left  •  Throws: Right,"5-10, 200lb (178cm, 90kg)","Born: March 11, 2004 (Age: 22-209d) in Santo Domingo, Dominican Republic do","Debut: August 4, 2026 (Age 22-146d, 23,735th in major league history)","2026 Contract Status: Not Updated",43,"https://www.baseball-reference.com/req/2025011210/images/headshots/e/ec1b8fc3_mlbam.jpg"
rodrije02,"Jesús Rodríguez","Team: San Francisco Giants (majors, 60-day IL)","Positions: Catcher, Pinch Hitter and Outfielder",Bats: Right  •  Throws: Right,"5-10, 201lb (178cm, 91kg)","Born: April 23, 2002 (Age: 24-166d) in La Victoria, Venezuela ve","Debut: May 4, 2026 (Age 24-011d, 23,614th in major league history)","2026 Contract Status: Not Updated",79,"https://www.baseball-reference.com/req/2025011210/images/headshots/6/63a49ad1_mlbam.jpg"
rodrijo10,"Johnathan Rodríguez","Team: Athletics (minors, 40-man)","Position: Rightfielder",Bats: Right  •  Throws: Right,"6-2, 224lb (188cm, 101kg)","Born: November 4, 1999 (Age: 26-336d) in Bayamon, Puerto Rico pr","Debut: May 21, 2024 (Age 24-199d, 23,138th in major league history)
   vs. NYM 4 AB, 0 H, 0 HR, 0 RBI, 0 SB","2026 Contract Status: Pre-Arb Eligible",30-62,"https://www.baseball-reference.com/req/2025011210/images/headshots/b/bc1faa70_mlbam.jpg"
rodriju01,"Julio Rodríguez","Team: Seattle Mariners (majors)","Position: Centerfielder",Bats: Right  •  Throws: Right,"6-4, 228lb (193cm, 103kg)","Born: December 29, 2000 (Age: 25-281d) in Loma de Cabrera, Dominican Republic do","Debut: April 8, 2022 (Age 21-100d, 22,496th in major league history)
   vs. MIN 4 AB, 0 H, 0 HR, 0 RBI, 0 SB","2026 Contract Status: Signed thru 2029, 7 yrs/$119.3M (23-29) & 30-34 player option",44,"https://www.baseball-reference.com/req/2025011210/images/headshots/9/984393c9_mlbam.jpg"
rogerja03,"Jake Rogers","Team: Chicago White Sox (majors, paternity leave)","Position: Catcher",Bats: Right  •  Throws: Right,"5-11, 201lb (180cm, 91kg)","Born: April 18, 1995 (Age: 31-171d) in Canyon, TX us","Debut: July 30, 2019 (Age 24-103d, 21,928th in major league history)
   vs. LAA 4 AB, 2 H, 0 HR, 1 RBI, 0 SB","2026 Contract Status: Signed thru 2026, 1 yr/$3.05M (26)",34-27-46-28,"https://www.baseball-reference.com/req/2025011210/images/headshots/3/39ab47fe_mlbam.jpg"
rojasjo01,"Josh Rojas","Team: Kansas City Royals (majors)","Positions: Third Baseman, Second Baseman and Outfielder",Bats: Left  •  Throws: Right,"6-1, 200lb (185cm, 90kg)","Born: June 30, 1994 (Age: 32-098d) in Litchfield Park, AZ us","Debut: August 12, 2019 (Age 25-043d, 21,950th in major league history)
   vs. COL 4 AB, 2 H, 0 HR, 1 RBI, 0 SB","2026 Contract Status: Not Updated",9-10-4-5-40,"https://www.baseball-reference.com/req/2025011210/images/headshots/b/b25bce57_mlbam.jpg"
rojasmi02,"Miguel Rojas","Team: Los Angeles Dodgers (majors)","Positions: Shortstop, Second Baseman and Third Baseman",Bats: Right  •  Throws: Right,"5-10, 188lb (178cm, 85kg)","Born: February 24, 1989 (Age: 37-224d) in Los Teques, Venezuela ve","Debut: June 6, 2014 (Age 25-102d, 20,582nd in major league history)
   vs. COL 0 AB, 0 H, 0 HR, 0 RBI, 0 SB","2026 Contract Status: Signed thru 2026, 1 yr/$5.5M (26)",72-19-19-11-11,"https://www.baseball-reference.com/req/2025011210/images/headshots/3/32451568_mlbam.jpg"
romodr01,"Drew Romo","Team: Chicago White Sox (majors)","Position: Catcher",Bats: Both  •  Throws: Right,"6-0, 205lb (183cm, 92kg)","Born: August 29, 2001 (Age: 25-038d) in Fountain Valley, CA us","Debut: August 17, 2024 (Age 22-354d, 23,249th in major league history)
   vs. SDP 4 AB, 0 H, 0 HR, 0 RBI, 0 SB","2026 Contract Status: Pre-Arb Eligible",3-36,"https://www.baseball-reference.com/req/2025011210/images/headshots/6/6a5bd59c_mlbam.jpg"
rookebr01,"Brent Rooker","Team: Athletics (majors, 60-day IL)","Positions: Designated Hitter and Outfielder",Bats: Right  •  Throws: Right,"6-3, 225lb (190cm, 102kg)","Born: November 1, 1994 (Age: 31-339d) in Germantown, TN us","Debut: September 4, 2020 (Age 25-308d, 22,175th in major league history)
   vs. DET 1 AB, 0 H, 0 HR, 0 RBI, 0 SB","2026 Contract Status: Signed thru 2029, 5 yrs/$60M (25-29) & 30 vesting option",50-12-55-25,"https://www.baseball-reference.com/req/2025011210/images/headshots/6/665cc19a_mlbam.jpg"
rortvbe01,"Ben Rortvedt","Team: Los Angeles Dodgers (minors)","Position: Catcher",Bats: Left  •  Throws: Right,"5-10, 210lb (178cm, 95kg)","Born: September 25, 1997 (Age: 29-011d) in Madison, WI us","Debut: April 30, 2021 (Age 23-217d, 22,287th in major league history)
   vs. KCR 3 AB, 1 H, 0 HR, 1 RBI, 0 SB","2026 Contract Status: Signed thru 2026, 1 yr/$1.25M (26)",70-38-30-47,"https://www.baseball-reference.com/req/2025011210/images/headshots/7/790b568f_mlbam.jpg"
rosaram01,"Amed Rosario","Team: New York Yankees (majors)","Positions: Shortstop, Third Baseman and Second Baseman",Bats: Right  •  Throws: Right,"6-1, 227lb (185cm, 102kg)","Born: November 20, 1995 (Age: 30-320d) in Santo Domingo, Dominican Republic do","Debut: August 1, 2017 (Age 21-254d, 21,413th in major league history)
   vs. COL 4 AB, 1 H, 0 HR, 0 RBI, 0 SB","2026 Contract Status: Signed thru 2026, 1 yr/$2.5M (26)",1-1-31-10-27-38-13-14,"https://www.baseball-reference.com/req/2025011210/images/headshots/3/33fdfb35_mlbam.jpg"
rossbe01,"Ben Ross","Team: Minnesota Twins (majors)","Positions: Shortstop, Second Baseman and Third Baseman",Bats: Right  •  Throws: Right,"6-0, 180lb (183cm, 81kg)","Born: June 6, 2001 (Age: 25-122d) in Springfield, OH us","Debut: September 1, 2026 (Age 25-087d, 23,775th in major league history)","2026 Contract Status: Not Updated",1,"https://www.baseball-reference.com/req/2025011210/images/headshots/c/ce4e0d71_mlbam.jpg"
rosssh01,"Shawn Ross","Team: Toronto Blue Jays (minors, 40-man)","Positions: First Baseman and Catcher",Bats: Right  •  Throws: Right,"6-0, 215lb (183cm, 97kg)","Born: September 30, 1999 (Age: 27-006d) in Santurce, Puerto Rico pr","Debut: July 25, 2026 (Age 26-298d, 23,724th in major league history)","2026 Contract Status: Not Updated",73,"https://www.baseball-reference.com/req/2025011210/images/headshots/2/23ab70d2_mlbam.jpg"
ruizes01,"Esteury Ruiz","Team: Miami Marlins (majors)","Position: Outfielder",Bats: Right  •  Throws: Right,"5-11, 169lb (180cm, 76kg)","Born: February 15, 1999 (Age: 27-233d) in Azua, Dominican Republic do","Debut: July 12, 2022 (Age 23-147d, 22,668th in major league history)
   vs. COL 4 AB, 2 H, 0 HR, 1 RBI, 0 SB","2026 Contract Status: Pre-Arb Eligible",43-13-1-27-3,"https://www.baseball-reference.com/req/2025011210/images/headshots/e/ebc3099d_mlbam.jpg"
ruizke01,"Keibert Ruiz","Team: Washington Nationals (majors)","Position: Catcher",Bats: Both  •  Throws: Right,"5-11, 238lb (180cm, 107kg)","Born: July 20, 1998 (Age: 28-078d) in Valencia, Venezuela ve","Debut: August 16, 2020 (Age 22-027d, 22,114th in major league history)
   vs. LAA 4 AB, 1 H, 1 HR, 1 RBI, 0 SB","2026 Contract Status: Signed thru 2030, 8 yrs/$50M (23-30) & 31-32 team option",25-20,"https://www.baseball-reference.com/req/2025011210/images/headshots/d/d80d2c11_mlbam.jpg"
rumfitj01,"TJ Rumfield","Team: Colorado Rockies (majors)","Position: First Baseman",Bats: Left  •  Throws: Right,"6-5, 238lb (196cm, 107kg)","Born: May 17, 2000 (Age: 26-142d) in Richmond, VA us","Debut: March 27, 2026 (Age 25-314d, 23,558th in major league history)","2026 Contract Status: Not Updated",7,"https://www.baseball-reference.com/req/2025011210/images/headshots/c/c3fb5abe_mlbam.jpg"
rushida01,"Dalton Rushing","Team: Los Angeles Dodgers (majors)","Positions: Catcher and First Baseman",Bats: Left  •  Throws: Right,"6-0, 220lb (183cm, 99kg)","Born: February 21, 2001 (Age: 25-227d) in Memphis, TN us","Debut: May 15, 2025 (Age 24-083d, 23,400th in major league history)
   vs. ATH 4 AB, 2 H, 0 HR, 0 RBI, 0 SB","2026 Contract Status: Pre-Arb Eligible",68,"https://www.baseball-reference.com/req/2025011210/images/headshots/2/25a0949a_mlbam.jpg"
rutscad01,"Adley Rutschman","Team: Boston Red Sox (majors)","Position: Catcher",Bats: Both  •  Throws: Right,"6-1, 230lb (185cm, 104kg)","Born: February 6, 1998 (Age: 28-242d) in Portland, OR us","Debut: May 21, 2022 (Age 24-104d, 22,598th in major league history)
   vs. TBR 3 AB, 1 H, 0 HR, 0 RBI, 0 SB","2026 Contract Status: Signed thru 2026, 1 yr/$7.25M (26)",35-31,"https://www.baseball-reference.com/req/2025011210/images/headshots/0/064c7618_mlbam.jpg"
sabataa01,"Aaron Sabato","Team: Minnesota Twins (majors)","Positions: First Baseman and Pinch Hitter",Bats: Right  •  Throws: Right,"6-0, 230lb (183cm, 104kg)","Born: June 4, 1999 (Age: 27-124d) in Rye, NY us","Debut: September 21, 2026 (Age 27-109d, 23,801st in major league history)","2026 Contract Status: Not Updated",31,"https://www.baseball-reference.com/req/2025011210/images/headshots/c/ca811892_mlbam.jpg"
saggeth01,"Thomas Saggese","Team: St. Louis Cardinals (majors)","Positions: Second Baseman, Shortstop and Third Baseman",Bats: Right  •  Throws: Right,"5-10, 185lb (178cm, 83kg)","Born: April 10, 2002 (Age: 24-179d) in Carlsbad, CA us","Debut: September 10, 2024 (Age 22-153d, 23,289th in major league history)
   vs. CIN 4 AB, 0 H, 0 HR, 0 RBI, 0 SB","2026 Contract Status: Pre-Arb Eligible",25,"https://www.baseball-reference.com/req/2025011210/images/headshots/a/a631bf89_mlbam.jpg"
salaset01,"Ethan Salas","Team: San Diego Padres (majors)","Positions: Catcher, Pinch Hitter and Designated Hitter",Bats: Left  •  Throws: Right,"6-1, 185lb (185cm, 83kg)","Born: June 1, 2006 (Age: 20-127d) in Kissimmee, FL us","Debut: September 2, 2026 (Age 20-093d, 23,786th in major league history)","2026 Contract Status: Not Updated",8,"https://www.baseball-reference.com/req/2025011210/images/headshots/c/c1c0259e_mlbam.jpg"
salazce01,"César Salazar","Team: Houston Astros (minors)","Positions: Catcher, Pinch Hitter and Pitcher",Bats: Left  •  Throws: Right,"5-8, 198lb (173cm, 89kg)","Born: March 15, 1996 (Age: 30-205d) in Hermosillo, Mexico mx","Debut: April 2, 2023 (Age 27-018d, 22,810th in major league history)
   vs. CHW 0 AB, 0 H, 0 HR, 0 RBI, 0 SB","2026 Contract Status: Pre-Arb Eligible",18,"https://www.baseball-reference.com/req/2025011210/images/headshots/e/e32eff85_mlbam.jpg"
sanchal04,"Ali Sánchez","Team: New York Yankees (majors)","Position: Catcher",Bats: Right  •  Throws: Right,"6-0, 200lb (183cm, 90kg)","Born: January 20, 1997 (Age: 29-259d) in Carora, Venezuela ve","Debut: August 10, 2020 (Age 23-203d, 22,099th in major league history)
   vs. WSN 1 AB, 0 H, 0 HR, 0 RBI, 0 SB","2026 Contract Status: Not Updated",70-41-47-20-18-39,"https://www.baseball-reference.com/req/2025011210/images/headshots/f/fa41214c_mlbam.jpg"
sanchga02,"Gary Sánchez","Team: Milwaukee Brewers (majors)","Position: Catcher",Bats: Right  •  Throws: Right,"6-2, 251lb (188cm, 113kg)","Born: December 2, 1992 (Age: 33-308d) in Santo Domingo, Dominican Republic do","Debut: October 3, 2015 (Age 22-305d, 20,982nd in major league history)
   vs. BAL 1 AB, 0 H, 0 HR, 0 RBI, 0 SB","2026 Contract Status: Signed thru 2026, 1 yr/$1.5M (26)",73-57-24-24-33-99-99-99,"https://www.baseball-reference.com/req/2025011210/images/headshots/a/a3a58791_mlbam.jpg"
sanchje02,"Jesús Sánchez","Team: Arizona Diamondbacks (majors, designated for assignment)","Position: Outfielder",Bats: Left  •  Throws: Right,"6-3, 222lb (190cm, 100kg)","Born: October 7, 1997 (Age: 28-364d) in Higuey, Dominican Republic do","Debut: August 21, 2020 (Age 22-319d, 22,139th in major league history)
   vs. WSN 4 AB, 0 H, 0 HR, 0 RBI, 0 SB","2026 Contract Status: Signed thru 2026, 1 yr/$6.8M (26)",76-7-12-4-12-18,"https://www.baseball-reference.com/req/2025011210/images/headshots/e/ec0fcbe7_mlbam.jpg"
sanojja01,"Javier Sanoja","Team: Miami Marlins (majors)","Positions: Third Baseman, Outfielder and Second Baseman",Bats: Right  •  Throws: Right,"5-7, 150lb (170cm, 68kg)","Born: September 3, 2002 (Age: 24-033d) in Maracay, Venezuela ve","Debut: September 7, 2024 (Age 22-004d, 23,280th in major league history)
   vs. PHI 1 AB, 0 H, 0 HR, 1 RBI, 0 SB","2026 Contract Status: Pre-Arb Eligible",86-46-8,"https://www.baseball-reference.com/req/2025011210/images/headshots/8/8645de29_mlbam.jpg"
santaca01,"Carlos Santana","undefined","Positions: First Baseman and Catcher",Bats: Both  •  Throws: Right,"5-10, 210lb (178cm, 95kg)","Born: April 8, 1986 (Age: 40-181d) in Santo Domingo, Dominican Republic do","Debut: June 11, 2010 (Age 24-064d, 19,692nd in major league history)
   vs. WSN 3 AB, 0 H, 0 HR, 0 RBI, 0 SB","2026 Contract Status: Signed thru 2026, 1 yr/$2M (26)",41-41-41-41-41-41-30-41-41,"https://www.baseball-reference.com/req/2025011210/images/headshots/6/66b8643d_mlbam.jpg"
schanno01,"Nolan Schanuel","Team: Los Angeles Angels (majors, 10-day IL)","Position: First Baseman",Bats: Left  •  Throws: Right,"6-2, 220lb (188cm, 99kg)","Born: February 14, 2002 (Age: 24-234d) in Boca Raton, FL us","Debut: August 18, 2023 (Age 21-185d, 22,991st in major league history)
   vs. TBR 4 AB, 1 H, 0 HR, 0 RBI, 0 SB","2026 Contract Status: Pre-Arb Eligible",18,"https://www.baseball-reference.com/req/2025011210/images/headshots/6/6b5d784d_mlbam.jpg"
schmica01,"Casey Schmitt","Team: San Francisco Giants (majors, 60-day IL)","Positions: Second Baseman, Third Baseman and Shortstop",Bats: Right  •  Throws: Right,"6-0, 215lb (183cm, 97kg)","Born: March 1, 1999 (Age: 27-219d) in San Diego, CA us","Debut: May 9, 2023 (Age 24-069d, 22,861st in major league history)
   vs. WSN 4 AB, 2 H, 1 HR, 1 RBI, 0 SB","2026 Contract Status: Pre-Arb Eligible",6-10,"https://www.baseball-reference.com/req/2025011210/images/headshots/b/b33cc1ab_mlbam.jpg"
schneda03,"Davis Schneider","Team: Toronto Blue Jays (majors)","Positions: Leftfielder and Second Baseman",Bats: Right  •  Throws: Right,"5-8, 190lb (173cm, 86kg)","Born: January 26, 1999 (Age: 27-253d) in Berlin, NJ us","Debut: August 4, 2023 (Age 24-190d, 22,972nd in major league history)
   vs. BOS 5 AB, 2 H, 1 HR, 1 RBI, 0 SB","2026 Contract Status: Pre-Arb Eligible",36,"https://www.baseball-reference.com/req/2025011210/images/headshots/0/00c76880_mlbam.jpg"
schneda04,"Daniel Schneemann","Team: Cleveland Guardians (majors)","Positions: Outfielder, Second Baseman and Third Baseman",Bats: Left  •  Throws: Right,"6-0, 185lb (183cm, 83kg)","Born: January 23, 1997 (Age: 29-256d) in San Diego, CA us","Debut: June 2, 2024 (Age 27-131d, 23,152nd in major league history)
   vs. WSN 3 AB, 1 H, 0 HR, 2 RBI, 0 SB","2026 Contract Status: Pre-Arb Eligible",10,"https://www.baseball-reference.com/req/2025011210/images/headshots/f/fb47711b_mlbam.jpg"
schuema01,"Max Schuemann","Team: New York Yankees (minors, 40-man)","Positions: Shortstop, Outfielder and Third Baseman",Bats: Right  •  Throws: Right,"6-0, 198lb (183cm, 89kg)","Born: June 11, 1997 (Age: 29-117d) in Kalamazoo, MI us","Debut: April 12, 2024 (Age 26-306d, 23,096th in major league history)
   vs. WSN 0 AB, 0 H, 0 HR, 0 RBI, 0 SB","2026 Contract Status: Pre-Arb Eligible",12-30,"https://www.baseball-reference.com/req/2025011210/images/headshots/7/7caae4be_mlbam.jpg"
schwaky01,"Kyle Schwarber","Team: Philadelphia Phillies (majors)","Positions: Leftfielder and Designated Hitter",Bats: Left  •  Throws: Right,"5-11, 229lb (180cm, 103kg)","Born: March 5, 1993 (Age: 33-215d) in Middletown, OH us","Debut: June 16, 2015 (Age 22-103d, 20,851st in major league history)
   vs. CLE 1 AB, 0 H, 0 HR, 0 RBI, 0 SB","2026 Contract Status: Signed thru 2030, 5 yrs/$150M (26-30)",12-12-18-12,"https://www.baseball-reference.com/req/2025011210/images/headshots/2/2a82d8dc_mlbam.jpg"
scottvi01,"Victor Scott II","Team: St. Louis Cardinals (majors)","Position: Centerfielder",Bats: Left  •  Throws: Left,"5-10, 190lb (178cm, 86kg)","Born: February 12, 2001 (Age: 25-236d) in Atlanta, GA us","Debut: March 28, 2024 (Age 23-045d, 23,057th in major league history)
   vs. LAD 3 AB, 0 H, 0 HR, 0 RBI, 1 SB","2026 Contract Status: Pre-Arb Eligible",11,"https://www.baseball-reference.com/req/2025011210/images/headshots/e/ef03d04c_mlbam.jpg"
seageco01,"Corey Seager","Team: Texas Rangers (majors)","Position: Shortstop",Bats: Left  •  Throws: Right,"6-4, 215lb (193cm, 97kg)","Born: April 27, 1994 (Age: 32-162d) in Charlotte, NC us","Debut: September 3, 2015 (Age 21-129d, 20,945th in major league history)
   vs. SDP 4 AB, 2 H, 0 HR, 2 RBI, 0 SB","2026 Contract Status: Signed thru 2031, 10 yrs/$325M (22-31)",5-5,"https://www.baseball-reference.com/req/2025011210/images/headshots/7/73dd747b_mlbam.jpg"
seiglan01,"Anthony Seigler","Team: Boston Red Sox (majors, 10-day IL)","Positions: Second Baseman and Third Baseman",Bats: Both  •  Throws: Right,"5-9, 192lb (175cm, 87kg)","Born: June 20, 1999 (Age: 27-108d) in Fort Defiance, AZ us","Debut: July 2, 2025 (Age 26-012d, 23,458th in major league history)
   vs. NYM 3 AB, 0 H, 0 HR, 0 RBI, 0 SB","2026 Contract Status: Pre-Arb Eligible",18-48,"https://www.baseball-reference.com/req/2025011210/images/headshots/d/d3e2f8e7_mlbam.jpg"
semiema01,"Marcus Semien","Team: New York Mets (majors)","Positions: Second Baseman and Shortstop",Bats: Right  •  Throws: Right,"6-0, 195lb (183cm, 88kg)","Born: September 17, 1990 (Age: 36-019d) in San Francisco, CA us","Debut: September 4, 2013 (Age 22-352d, 20,465th in major league history)
   vs. NYY 4 AB, 2 H, 0 HR, 1 RBI, 0 SB","2026 Contract Status: Signed thru 2028, 7 yrs/$175M (22-28)",5-10-10-2-10,"https://www.baseball-reference.com/req/2025011210/images/headshots/b/b4fe5909_mlbam.jpg"
sengeha01,"Hayden Senger","Team: New York Mets (minors, 40-man)","Position: Catcher",Bats: Right  •  Throws: Right,"6-1, 210lb (185cm, 95kg)","Born: April 3, 1997 (Age: 29-186d) in Hamilton, OH us","Debut: March 27, 2025 (Age 27-358d, 23,310th in major league history)
   vs. HOU 1 AB, 0 H, 0 HR, 0 RBI, 0 SB","2026 Contract Status: Pre-Arb Eligible",30-6,"https://www.baseball-reference.com/req/2025011210/images/headshots/a/aeef80b5_mlbam.jpg"
sernaja01,"Jared Serna","Team: Miami Marlins (majors)","Position: Second Baseman",Bats: Right  •  Throws: Right,"5-7, 174lb (170cm, 78kg)","Born: June 1, 2002 (Age: 24-127d) in Guaymas, Mexico mx","Debut: September 1, 2026 (Age 24-092d, 23,775th in major league history)","2026 Contract Status: Not Updated",68,"https://www.baseball-reference.com/req/2025011210/images/headshots/e/e65e6baf_mlbam.jpg"
servebr01,"Brian Serven","Team: Athletics (majors)","Position: Catcher",Bats: Right  •  Throws: Right,"6-0, 207lb (183cm, 93kg)","Born: May 5, 1995 (Age: 31-154d) in Palm Desert, CA us","Debut: May 18, 2022 (Age 27-013d, 22,594th in major league history)
   vs. SFG 2 AB, 0 H, 0 HR, 0 RBI, 0 SB","2026 Contract Status: Not Updated",6-15-10,"https://www.baseball-reference.com/req/2025011210/images/headshots/e/e1a70543_mlbam.jpg"
shawma01,"Matt Shaw","Team: Chicago Cubs (majors)","Positions: Third Baseman, Rightfielder and Second Baseman",Bats: Right  •  Throws: Right,"5-10, 185lb (178cm, 83kg)","Born: November 6, 2001 (Age: 24-334d) in Springfield, MA us","Debut: March 18, 2025 (Age 23-132d, 23,307th in major league history)
   vs. LAD 4 AB, 0 H, 0 HR, 0 RBI, 0 SB","2026 Contract Status: Pre-Arb Eligible",6,"https://www.baseball-reference.com/req/2025011210/images/headshots/d/df27ecca_mlbam.jpg"
sheetga01,"Gavin Sheets","Team: San Diego Padres (majors)","Positions: Outfielder, Designated Hitter and First Baseman",Bats: Left  •  Throws: Left,"6-3, 235lb (190cm, 106kg)","Born: April 23, 1996 (Age: 30-166d) in Lutherville, MD us","Debut: June 29, 2021 (Age 25-067d, 22,368th in major league history)
   vs. MIN 4 AB, 2 H, 0 HR, 2 RBI, 0 SB","2026 Contract Status: Signed thru 2026, 1 yr/$4.5M (26)",32-30,"https://www.baseball-reference.com/req/2025011210/images/headshots/2/29a03f08_mlbam.jpg"
shewmbr01,"Braden Shewmake","Team: Houston Astros (minors)","Positions: Shortstop, Third Baseman and Second Baseman",Bats: Left  •  Throws: Right,"6-3, 200lb (190cm, 90kg)","Born: November 19, 1997 (Age: 28-321d) in Wylie, TX us","Debut: May 5, 2023 (Age 25-167d, 22,857th in major league history)
   vs. BAL 4 AB, 0 H, 0 HR, 0 RBI, 0 SB","2026 Contract Status: Pre-Arb Eligible",24-17-28-13,"https://www.baseball-reference.com/req/2025011210/images/headshots/8/846922fa_mlbam.jpg"
shortza01,"Zack Short","Team: New York Mets (minors)","Positions: Shortstop, Second Baseman and Third Baseman",Bats: Right  •  Throws: Right,"5-10, 180lb (178cm, 81kg)","Born: May 29, 1995 (Age: 31-130d) in Kingston, NY us","Debut: April 21, 2021 (Age 25-327d, 22,270th in major league history)
   vs. PIT 1 AB, 0 H, 0 HR, 0 RBI, 0 SB","2026 Contract Status: Not Updated",59-21-18-59-38-15-40,"https://www.baseball-reference.com/req/2025011210/images/headshots/b/b8f99220_mlbam.jpg"
sianimi01,"Michael Siani","Team: Detroit Tigers (minors)","Position: Centerfielder",Bats: Left  •  Throws: Left,"5-11, 195lb (180cm, 88kg)","Born: July 16, 1999 (Age: 27-082d) in Glenside, PA us","Debut: September 22, 2022 (Age 23-068d, 22,775th in major league history)
   vs. MIL 3 AB, 0 H, 0 HR, 0 RBI, 0 SB","2026 Contract Status: Pre-Arb Eligible",67-38-63-22-83,"https://www.baseball-reference.com/req/2025011210/images/headshots/2/28afea79_mlbam.jpg"
simonro01,"Ronny Simón","Team: Pittsburgh Pirates (majors)","Positions: Outfielder and Second Baseman",Bats: Both  •  Throws: Right,"5-8, 196lb (173cm, 88kg)","Born: April 17, 2000 (Age: 26-172d) in La Romana, Dominican Republic do","Debut: April 21, 2025 (Age 25-004d, 23,362nd in major league history)
   vs. CIN 4 AB, 1 H, 0 HR, 1 RBI, 0 SB","2026 Contract Status: Pre-Arb Eligible",41-63,"https://www.baseball-reference.com/req/2025011210/images/headshots/a/a88c44ba_mlbam.jpg"
simpsch01,"Chandler Simpson","Team: Tampa Bay Rays (majors)","Position: Leftfielder",Bats: Left  •  Throws: Right,"5-11, 170lb (180cm, 77kg)","Born: November 18, 2000 (Age: 25-322d) in Atlanta, GA us","Debut: April 19, 2025 (Age 24-152d, 23,353rd in major league history)
   vs. NYY 5 AB, 1 H, 0 HR, 1 RBI, 0 SB","2026 Contract Status: Pre-Arb Eligible",14,"https://www.baseball-reference.com/req/2025011210/images/headshots/4/4b5fa8a7_mlbam.jpg"
sirijo01,"Jose Siri","Team: Los Angeles Angels (majors)","Position: Centerfielder",Bats: Right  •  Throws: Right,"6-2, 210lb (188cm, 95kg)","Born: July 22, 1995 (Age: 31-076d) in Sabana Grande de Boya, Dominican Republic do","Debut: September 3, 2021 (Age 26-043d, 22,442nd in major league history)
   vs. SDP 0 AB, 0 H, 0 HR, 0 RBI, 0 SB","2026 Contract Status: Not Updated",26-22-19-28,"https://www.baseball-reference.com/req/2025011210/images/headshots/2/23707edc_mlbam.jpg"
slateau01,"Austin Slater","Team: Tampa Bay Rays (minors)","Positions: Outfielder, Pinch Hitter and First Baseman",Bats: Right  •  Throws: Right,"6-1, 205lb (185cm, 92kg)","Born: December 13, 1992 (Age: 33-297d) in Jacksonville, FL us","Debut: June 2, 2017 (Age 24-171d, 21,326th in major league history)
   vs. PHI 5 AB, 1 H, 0 HR, 1 RBI, 0 SB","2026 Contract Status: Signed thru 2026, 1 yr/$1M (26)",53-13-48-15-15-29-15-40-20,"https://www.baseball-reference.com/req/2025011210/images/headshots/c/ce1ba399_mlbam.jpg"
smithca07,"Cam Smith","Team: Houston Astros (majors)","Position: Rightfielder",Bats: Right  •  Throws: Right,"6-3, 224lb (190cm, 101kg)","Born: February 22, 2003 (Age: 23-226d) in Lake Worth, FL us","Debut: March 27, 2025 (Age 22-033d, 23,310th in major league history)
   vs. NYM 3 AB, 1 H, 0 HR, 0 RBI, 0 SB","2026 Contract Status: Pre-Arb Eligible",11,"https://www.baseball-reference.com/req/2025011210/images/headshots/8/8b19aa20_mlbam.jpg"
smithdo02,"Dominic Smith","Team: Atlanta Braves (majors)","Positions: First Baseman and Leftfielder",Bats: Left  •  Throws: Left,"5-11, 224lb (180cm, 101kg)","Born: June 15, 1995 (Age: 31-113d) in Los Angeles, CA us","Debut: August 11, 2017 (Age 22-057d, 21,427th in major league history)
   vs. PHI 3 AB, 1 H, 0 HR, 0 RBI, 0 SB","2026 Contract Status: Free Agent",22-2-22-2-0-7-8,"https://www.baseball-reference.com/req/2025011210/images/headshots/5/560dbcd9_mlbam.jpg"
smithjo11,"Josh Smith","Team: Toronto Blue Jays (majors)","Positions: Third Baseman, Shortstop and Leftfielder",Bats: Left  •  Throws: Right,"5-9, 172lb (175cm, 78kg)","Born: August 7, 1997 (Age: 29-060d) in Baton Rouge, LA us","Debut: May 30, 2022 (Age 24-296d, 22,611th in major league history)
   vs. TBR 4 AB, 3 H, 0 HR, 0 RBI, 0 SB","2026 Contract Status: Signed thru 2026, 1 yr/$3.23M (26)",47-8-9,"https://www.baseball-reference.com/req/2025011210/images/headshots/5/53c21320_mlbam.jpg"
smithpa04,"Pavin Smith","Team: Arizona Diamondbacks (majors)","Positions: Outfielder and First Baseman",Bats: Left  •  Throws: Left,"6-2, 208lb (188cm, 94kg)","Born: February 6, 1996 (Age: 30-242d) in Jupiter, FL us","Debut: September 12, 2020 (Age 24-219d, 22,193rd in major league history)
   vs. SEA 4 AB, 1 H, 0 HR, 0 RBI, 0 SB","2026 Contract Status: Signed thru 2026, 1 yr/$2.25M (26)",26-26,"https://www.baseball-reference.com/req/2025011210/images/headshots/6/6f6c11d6_mlbam.jpg"
smithwi05,"Will Smith","Team: Los Angeles Dodgers (majors)","Position: Catcher",Bats: Right  •  Throws: Right,"5-10, 195lb (178cm, 88kg)","Born: March 28, 1995 (Age: 31-192d) in Louisville, KY us","Debut: May 28, 2019 (Age 24-061d, 21,852nd in major league history)
   vs. NYM 4 AB, 2 H, 0 HR, 0 RBI, 0 SB","2026 Contract Status: Signed thru 2033, 10 yrs/$140M (24-33)",16,"https://www.baseball-reference.com/req/2025011210/images/headshots/e/e1075892_mlbam.jpg"
soderty01,"Tyler Soderstrom","Team: Athletics (majors, 10-day IL)","Positions: Leftfielder, First Baseman and Catcher",Bats: Left  •  Throws: Right,"6-2, 200lb (188cm, 90kg)","Born: November 24, 2001 (Age: 24-316d) in Turlock, CA us","Debut: July 14, 2023 (Age 21-232d, 22,947th in major league history)
   vs. MIN 3 AB, 0 H, 0 HR, 0 RBI, 0 SB","2026 Contract Status: Signed thru 2030, 5 yrs/$35.43M (26-30)",37-21,"https://www.baseball-reference.com/req/2025011210/images/headshots/2/204bb1da_mlbam.jpg"
sogarni01,"Nick Sogard","Team: Boston Red Sox (majors)","Positions: Second Baseman, First Baseman and Third Baseman",Bats: Both  •  Throws: Right,"6-1, 189lb (185cm, 85kg)","Born: September 9, 1997 (Age: 29-027d) in Los Angeles, CA us","Debut: August 2, 2024 (Age 26-328d, 23,227th in major league history)
   vs. TEX 4 AB, 1 H, 0 HR, 2 RBI, 0 SB","2026 Contract Status: Pre-Arb Eligible",75-20,"https://www.baseball-reference.com/req/2025011210/images/headshots/3/323c9b37_mlbam.jpg"
solakni01,"Nick Solak","Team: San Diego Padres (minors)","Positions: Second Baseman, Leftfielder and Third Baseman",Bats: Right  •  Throws: Right,"5-9, 185lb (175cm, 83kg)","Born: January 11, 1995 (Age: 31-268d) in Woodridge, IL us","Debut: August 20, 2019 (Age 24-221d, 21,960th in major league history)
   vs. LAA 3 AB, 1 H, 0 HR, 0 RBI, 0 SB","2026 Contract Status: Not Updated",15-15-46-46-15,"https://www.baseball-reference.com/req/2025011210/images/headshots/2/2ff552c3_mlbam.jpg"
solerjo01,"Jorge Soler","undefined","Positions: Rightfielder and Designated Hitter",Bats: Right  •  Throws: Right,"6-3, 235lb (190cm, 106kg)","Born: February 25, 1992 (Age: 34-223d) in La Habana, Cuba cu","Debut: August 27, 2014 (Age 22-183d, 20,670th in major league history)
   vs. CIN 4 AB, 2 H, 1 HR, 2 RBI, 0 SB","2026 Contract Status: Signed thru 2026, 3 yrs/$42M (24-26)",68-12-12-12-2-2-12,"https://www.baseball-reference.com/req/2025011210/images/headshots/1/16ed1b92_mlbam.jpg"
songsu01,"Sung-Mun Song","Team: San Diego Padres (majors)","Positions: Second Baseman, Shortstop and Third Baseman",Bats: Left  •  Throws: Right,"6-0, 194lb (183cm, 87kg)","Born: August 29, 1996 (Age: 30-038d) in Seoul, South Korea kr","Debut: April 26, 2026 (Age 29-240d, 23,603rd in major league history)","2026 Contract Status: Not Updated",24,"https://www.baseball-reference.com/req/2025011210/images/headshots/1/1bcfaf3f_mlbam.jpg"
sosaed01,"Edmundo Sosa","Team: Philadelphia Phillies (majors)","Positions: Shortstop, Third Baseman and Second Baseman",Bats: Right  •  Throws: Right,"5-11, 210lb (180cm, 95kg)","Born: March 6, 1996 (Age: 30-214d) in Panama, Panama pa","Debut: September 23, 2018 (Age 22-201d, 21,746th in major league history)
   vs. SFG 0 AB, 0 H, 0 HR, 0 RBI, 0 SB","2026 Contract Status: Signed thru 2026, 1 yr/$4.4M (26)",63-33,"https://www.baseball-reference.com/req/2025011210/images/headshots/8/88d33450_mlbam.jpg"
sosale01,"Lenyn Sosa","undefined","Positions: Second Baseman, Third Baseman and First Baseman",Bats: Right  •  Throws: Right,"5-11, 210lb (180cm, 95kg)","Born: January 25, 2000 (Age: 26-254d) in Puerto Ordaz, Venezuela ve","Debut: June 23, 2022 (Age 22-149d, 22,650th in major league history)
   vs. BAL 1 AB, 0 H, 0 HR, 0 RBI, 0 SB","2026 Contract Status: Pre-Arb Eligible",50-50,"https://www.baseball-reference.com/req/2025011210/images/headshots/d/d31643e4_mlbam.jpg"
sotoju01,"Juan Soto","Team: New York Mets (majors)","Position: Outfielder",Bats: Left  •  Throws: Left,"6-1, 224lb (185cm, 101kg)","Born: October 25, 1998 (Age: 27-346d) in Santo Domingo, Dominican Republic do","Debut: May 20, 2018 (Age 19-207d, 21,582nd in major league history)
   vs. LAD 1 AB, 0 H, 0 HR, 0 RBI, 0 SB","2026 Contract Status: Signed thru 2039, 15 yrs/$765M (25-39)",22-22-22-22,"https://www.baseball-reference.com/req/2025011210/images/headshots/e/e36a85e0_mlbam.jpg"
spenclu01,"Lucas Spence","Team: Houston Astros (majors)","Position: Centerfielder",Bats: Left  •  Throws: Left,"6-0, 195lb (183cm, 88kg)","Born: January 27, 2003 (Age: 23-252d) in Chicago Heights, IL us","Debut: July 17, 2026 (Age 23-171d, 23,715th in major league history)","2026 Contract Status: Not Updated",28,"https://www.baseball-reference.com/req/2025011210/images/headshots/f/f0daf8b1_mlbam.jpg"
springe01,"George Springer","Team: Toronto Blue Jays (majors)","Position: Rightfielder",Bats: Right  •  Throws: Right,"6-1, 220lb (185cm, 99kg)","Born: September 19, 1989 (Age: 37-017d) in New Britain, CT us","Debut: April 16, 2014 (Age 24-209d, 20,520th in major league history)
   vs. KCR 5 AB, 1 H, 0 HR, 0 RBI, 0 SB","2026 Contract Status: Signed thru 2026, 6 yrs/$150M (21-26)",4-4,"https://www.baseball-reference.com/req/2025011210/images/headshots/b/b7551d80_mlbam.jpg"
stantmi03,"Giancarlo Stanton","Team: New York Yankees (majors, 60-day IL)","Positions: Rightfielder and Designated Hitter",Bats: Right  •  Throws: Right,"6-5, 245lb (196cm, 111kg)","Born: November 8, 1989 (Age: 36-332d) in Panorama City, CA us","Debut: June 8, 2010 (Age 20-212d, 19,686th in major league history)
   vs. PHI 5 AB, 3 H, 0 HR, 0 RBI, 0 SB","2026 Contract Status: Signed thru 2027, 13 yrs/$325M (15-27) & 28 team option",27-27-27,"https://www.baseball-reference.com/req/2025011210/images/headshots/8/87f6986b_mlbam.jpg"
steersp01,"Spencer Steer","Team: Cincinnati Reds (majors, 60-day IL)","Positions: First Baseman, Leftfielder and Third Baseman",Bats: Right  •  Throws: Right,"5-9, 185lb (175cm, 83kg)","Born: December 7, 1997 (Age: 28-303d) in Long Beach, CA us","Debut: September 2, 2022 (Age 24-269d, 22,739th in major league history)
   vs. COL 2 AB, 2 H, 1 HR, 1 RBI, 0 SB","2026 Contract Status: Signed thru 2026, 1 yr/$4M (26)",12-7,"https://www.baseball-reference.com/req/2025011210/images/headshots/0/0cc83788_mlbam.jpg"
stefami01,"Michael Stefanic","Team: Athletics (majors)","Positions: Second Baseman and Third Baseman",Bats: Right  •  Throws: Right,"5-9, 180lb (175cm, 81kg)","Born: February 24, 1996 (Age: 30-224d) in Boise, ID us","Debut: July 3, 2022 (Age 26-129d, 22,661st in major league history)
   vs. HOU 3 AB, 0 H, 0 HR, 0 RBI, 0 SB","2026 Contract Status: Not Updated",38-16-17,"https://www.baseball-reference.com/req/2025011210/images/headshots/c/c993299b_mlbam.jpg"
stephty01,"Tyler Stephenson","Team: Cincinnati Reds (majors)","Positions: Catcher and First Baseman",Bats: Right  •  Throws: Right,"6-3, 225lb (190cm, 102kg)","Born: August 16, 1996 (Age: 30-051d) in Atlanta, GA us","Debut: July 27, 2020 (Age 23-346d, 22,054th in major league history)
   vs. CHC 2 AB, 2 H, 1 HR, 2 RBI, 0 SB","2026 Contract Status: Signed thru 2026, 1 yr/$6.8M (26)",37,"https://www.baseball-reference.com/req/2025011210/images/headshots/6/6bf7b25c_mlbam.jpg"
stevech02,"Chad Stevens","Team: Colorado Rockies (minors, 40-man)","Positions: Second Baseman, Third Baseman and Shortstop",Bats: Right  •  Throws: Right,"6-3, 218lb (190cm, 98kg)","Born: February 3, 1999 (Age: 27-245d) in Walnut Creek, CA us","Debut: July 3, 2025 (Age 26-150d, 23,462nd in major league history)
   vs. ATL 4 AB, 0 H, 0 HR, 0 RBI, 0 SB","2026 Contract Status: Pre-Arb Eligible",21-39,"https://www.baseball-reference.com/req/2025011210/images/headshots/d/da7fc159_mlbam.jpg"
stewasa02,"Sal Stewart","Team: Cincinnati Reds (majors)","Positions: First Baseman, Third Baseman and Second Baseman",Bats: Right  •  Throws: Right,"6-1, 224lb (185cm, 101kg)","Born: December 7, 2003 (Age: 22-303d) in Miami, FL us","Debut: September 1, 2025 (Age 21-268d, 23,521st in major league history)
   vs. TOR 3 AB, 1 H, 0 HR, 0 RBI, 0 SB","2026 Contract Status: Pre-Arb Eligible",43-27,"https://www.baseball-reference.com/req/2025011210/images/headshots/f/ff1febac_mlbam.jpg"
storytr01,"Trevor Story","Team: Boston Red Sox (majors)","Positions: Shortstop and Second Baseman",Bats: Right  •  Throws: Right,"6-1, 209lb (185cm, 94kg)","Born: November 15, 1992 (Age: 33-325d) in Irving, TX us","Debut: April 4, 2016 (Age 23-141d, 20,986th in major league history)
   vs. ARI 6 AB, 2 H, 2 HR, 4 RBI, 0 SB","2026 Contract Status: Signed thru 2027, 6 yrs/$140M (22-27) & 28 team option",27-27-10,"https://www.baseball-reference.com/req/2025011210/images/headshots/c/c8553f96_mlbam.jpg"
stottbr01,"Bryson Stott","Team: Philadelphia Phillies (majors)","Positions: Second Baseman, Shortstop and Third Baseman",Bats: Left  •  Throws: Right,"6-0, 200lb (183cm, 90kg)","Born: October 6, 1997 (Age: 29-000d) in Las Vegas, NV us","Debut: April 8, 2022 (Age 24-184d, 22,496th in major league history)
   vs. OAK 4 AB, 2 H, 0 HR, 1 RBI, 0 SB","2026 Contract Status: Signed thru 2026, 1 yr/$5.9M (26)",5,"https://www.baseball-reference.com/req/2025011210/images/headshots/c/c40a6e81_mlbam.jpg"
stoweky01,"Kyle Stowers","Team: Miami Marlins (majors)","Positions: Outfielder and First Baseman",Bats: Left  •  Throws: Left,"6-2, 215lb (188cm, 97kg)","Born: January 2, 1998 (Age: 28-277d) in El Cajon, CA us","Debut: June 13, 2022 (Age 24-162d, 22,633rd in major league history)
   vs. TOR 3 AB, 1 H, 0 HR, 1 RBI, 0 SB","2026 Contract Status: Pre-Arb Eligible",83-28-28,"https://www.baseball-reference.com/req/2025011210/images/headshots/f/fbbbe030_mlbam.jpg"
strawmy01,"Myles Straw","Team: Toronto Blue Jays (majors)","Position: Centerfielder",Bats: Right  •  Throws: Right,"5-9, 178lb (175cm, 80kg)","Born: October 17, 1994 (Age: 31-354d) in Garden Grove, CA us","Debut: September 15, 2018 (Age 23-333d, 21,742nd in major league history)
   vs. ARI 0 AB, 0 H, 0 HR, 0 RBI, 0 SB","2026 Contract Status: Signed thru 2026, 5 yrs/$25.5M (22-26) & 27-28 team option",26-3-7-3,"https://www.baseball-reference.com/req/2025011210/images/headshots/6/69f1457a_mlbam.jpg"
stubbga01,"Garrett Stubbs","Team: Philadelphia Phillies (majors)","Positions: Catcher, Leftfielder and Pitcher",Bats: Left  •  Throws: Right,"5-9, 170lb (175cm, 77kg)","Born: May 26, 1993 (Age: 33-133d) in San Diego, CA us","Debut: May 28, 2019 (Age 26-002d, 21,852nd in major league history)
   vs. CHC 4 AB, 2 H, 0 HR, 1 RBI, 0 SB","2026 Contract Status: Signed thru 2026, 1 yr/$925k (26)",11-21,"https://www.baseball-reference.com/req/2025011210/images/headshots/8/818131ee_mlbam.jpg"
suareeu01,"Eugenio Suárez","Team: Cincinnati Reds (majors)","Positions: Third Baseman and Shortstop",Bats: Right  •  Throws: Right,"5-11, 213lb (180cm, 96kg)","Born: July 18, 1991 (Age: 35-080d) in Puerto Ordaz, Venezuela ve","Debut: June 4, 2014 (Age 22-321d, 20,578th in major league history)
   vs. TOR 1 AB, 0 H, 0 HR, 0 RBI, 0 SB","2026 Contract Status: Signed thru 2026, 1 yr/$15M (26) & 27 mutual option",30-7-28-28-28,"https://www.baseball-reference.com/req/2025011210/images/headshots/c/c0a1a243_mlbam.jpg"
sullibr01,"Brett Sullivan","Team: Colorado Rockies (majors)","Positions: Catcher, Pitcher and First Baseman",Bats: Left  •  Throws: Right,"5-11, 190lb (180cm, 86kg)","Born: February 22, 1994 (Age: 32-226d) in Stockton, CA us","Debut: April 18, 2023 (Age 29-055d, 22,829th in major league history)
   vs. ATL 3 AB, 0 H, 0 HR, 0 RBI, 0 SB","2026 Contract Status: Not Updated",29-59-26,"https://www.baseball-reference.com/req/2025011210/images/headshots/0/09f41407_mlbam.jpg"
susacda01,"Daniel Susac","Team: San Francisco Giants (majors, 60-day IL)","Position: Catcher",Bats: Right  •  Throws: Right,"6-5, 210lb (196cm, 95kg)","Born: May 14, 2001 (Age: 25-145d) in Roseville, CA us","Debut: April 1, 2026 (Age 24-322d, 23,572nd in major league history)","2026 Contract Status: Not Updated",6,"https://www.baseball-reference.com/req/2025011210/images/headshots/9/984e8acf_mlbam.jpg"
suzukse01,"Seiya Suzuki","Team: Chicago Cubs (majors)","Positions: Rightfielder and Designated Hitter",Bats: Right  •  Throws: Right,"5-11, 182lb (180cm, 82kg)","Born: August 18, 1994 (Age: 32-049d) in Arakawa, Japan jp","Debut: April 7, 2022 (Age 27-232d, 22,488th in major league history)
   vs. MIL 2 AB, 1 H, 0 HR, 0 RBI, 0 SB","2026 Contract Status: Signed thru 2026, 5 yrs/$85M (22-26)",27,"https://www.baseball-reference.com/req/2025011210/images/headshots/5/5e65a6ae_mlbam.jpg"
swansda01,"Dansby Swanson","Team: Chicago Cubs (majors)","Position: Shortstop",Bats: Right  •  Throws: Right,"6-0, 190lb (183cm, 86kg)","Born: February 11, 1994 (Age: 32-237d) in Kennesaw, GA us","Debut: August 17, 2016 (Age 22-188d, 21,170th in major league history)
   vs. MIN 4 AB, 2 H, 0 HR, 0 RBI, 0 SB","2026 Contract Status: Signed thru 2029, 7 yrs/$177M (23-29)",2-7-7-7,"https://www.baseball-reference.com/req/2025011210/images/headshots/c/c3fbd283_mlbam.jpg"
tatisfe02,"Fernando Tatis Jr.","Team: San Diego Padres (majors)","Positions: Rightfielder, Shortstop and Second Baseman",Bats: Right  •  Throws: Right,"6-3, 217lb (190cm, 98kg)","Born: January 2, 1999 (Age: 27-277d) in San Pedro de Macoris, Dominican Republic do","Debut: March 28, 2019 (Age 20-085d, 21,754th in major league history)
   vs. SFG 3 AB, 2 H, 0 HR, 0 RBI, 0 SB","2026 Contract Status: Signed thru 2034, 14 yrs/$340M (21-34)",23-23,"https://www.baseball-reference.com/req/2025011210/images/headshots/3/38faa7ea_mlbam.jpg"
taverle01,"Leody Taveras","Team: Baltimore Orioles (majors)","Position: Centerfielder",Bats: Both  •  Throws: Right,"6-2, 210lb (188cm, 95kg)","Born: September 8, 1998 (Age: 28-028d) in Tenares, Dominican Republic do","Debut: July 24, 2020 (Age 21-320d, 22,013th in major league history)
   vs. COL 0 AB, 0 H, 0 HR, 0 RBI, 0 SB","2026 Contract Status: Not Updated",65-3-4-30,"https://www.baseball-reference.com/req/2025011210/images/headshots/c/cc538e0d_mlbam.jpg"
tawati01,"Tim Tawa","Team: Arizona Diamondbacks (majors)","Positions: Outfielder, First Baseman and Second Baseman",Bats: Right  •  Throws: Right,"5-11, 205lb (180cm, 92kg)","Born: April 7, 1999 (Age: 27-182d) in West Linn, OR us","Debut: April 5, 2025 (Age 25-363d, 23,336th in major league history)
   vs. WSN 3 AB, 1 H, 0 HR, 1 RBI, 0 SB","2026 Contract Status: Pre-Arb Eligible",13,"https://www.baseball-reference.com/req/2025011210/images/headshots/9/97a7462f_mlbam.jpg"
taylosa04,"Samad Taylor","Team: San Diego Padres (majors)","Positions: Leftfielder and Second Baseman",Bats: Right  •  Throws: Right,"5-8, 160lb (173cm, 72kg)","Born: July 11, 1998 (Age: 28-087d) in Corona, CA us","Debut: June 17, 2023 (Age 24-341d, 22,909th in major league history)
   vs. LAA 3 AB, 1 H, 0 HR, 1 RBI, 0 SB","2026 Contract Status: Pre-Arb Eligible",0-12-0-0,"https://www.baseball-reference.com/req/2025011210/images/headshots/a/a70674bb_mlbam.jpg"
tayloty01,"Tyrone Taylor","Team: Chicago Cubs (majors)","Position: Outfielder",Bats: Right  •  Throws: Right,"6-0, 218lb (183cm, 98kg)","Born: January 22, 1994 (Age: 32-257d) in Torrance, CA us","Debut: September 7, 2019 (Age 25-228d, 21,994th in major league history)
   vs. CHC 0 AB, 0 H, 0 HR, 0 RBI, 0 SB","2026 Contract Status: Signed thru 2026, 1 yr/$3.8M (26)",12-15-15-28-55,"https://www.baseball-reference.com/req/2025011210/images/headshots/9/9ed1043f_mlbam.jpg"
teelky01,"Kyle Teel","Team: Chicago White Sox (majors)","Position: Catcher",Bats: Left  •  Throws: Right,"5-11, 210lb (180cm, 95kg)","Born: February 15, 2002 (Age: 24-233d) in Ridgewood, NJ us","Debut: June 6, 2025 (Age 23-111d, 23,430th in major league history)
   vs. KCR 2 AB, 1 H, 0 HR, 0 RBI, 0 SB","2026 Contract Status: Pre-Arb Eligible",8,"https://www.baseball-reference.com/req/2025011210/images/headshots/5/5cc7dfe3_mlbam.jpg"
tellero01,"Rowdy Tellez","Team: Atlanta Braves (minors)","Position: First Baseman",Bats: Left  •  Throws: Left,"6-3, 273lb (190cm, 123kg)","Born: March 16, 1995 (Age: 31-204d) in Sacramento, CA us","Debut: September 5, 2018 (Age 23-173d, 21,725th in major league history)
   vs. TBR 1 AB, 1 H, 0 HR, 1 RBI, 0 SB","2026 Contract Status: Free Agent",68-44-11-44-23-44-11,"https://www.baseball-reference.com/req/2025011210/images/headshots/e/e57a4c36_mlbam.jpg"
tenajo01,"José Tena","Team: Washington Nationals (majors)","Positions: Third Baseman, Designated Hitter and Second Baseman",Bats: Left  •  Throws: Right,"5-10, 195lb (178cm, 88kg)","Born: March 20, 2001 (Age: 25-200d) in San Cristobal, Dominican Republic do","Debut: August 5, 2023 (Age 22-138d, 22,975th in major league history)
   vs. CHW 2 AB, 0 H, 0 HR, 0 RBI, 0 SB","2026 Contract Status: Pre-Arb Eligible",8-8,"https://www.baseball-reference.com/req/2025011210/images/headshots/e/ebf947e8_mlbam.jpg"
teodobr01,"Bryce Teodosio","Team: Los Angeles Angels (majors)","Position: Centerfielder",Bats: Right  •  Throws: Left,"6-2, 220lb (188cm, 99kg)","Born: June 18, 1999 (Age: 27-110d) in Greenville, SC us","Debut: September 7, 2024 (Age 25-081d, 23,280th in major league history)
   vs. TEX 3 AB, 0 H, 0 HR, 0 RBI, 0 SB","2026 Contract Status: Pre-Arb Eligible",22,"https://www.baseball-reference.com/req/2025011210/images/headshots/6/64445c21_mlbam.jpg"
thomaal01,"Alek Thomas","Team: Los Angeles Dodgers (minors)","Position: Centerfielder",Bats: Left  •  Throws: Left,"5-9, 175lb (175cm, 79kg)","Born: April 28, 2000 (Age: 26-161d) in Chicago, IL us","Debut: May 8, 2022 (Age 22-010d, 22,572nd in major league history)
   vs. COL 3 AB, 1 H, 0 HR, 0 RBI, 0 SB","2026 Contract Status: Signed thru 2026, 1 yr/$1.96M (26)",5-5-9,"https://www.baseball-reference.com/req/2025011210/images/headshots/6/68405d9b_mlbam.jpg"
thomaco03,"Colby Thomas","Team: Philadelphia Phillies (minors, 40-man)","Positions: Outfielder and Pinch Hitter",Bats: Right  •  Throws: Right,"5-10, 190lb (178cm, 86kg)","Born: January 26, 2001 (Age: 25-253d) in Valdosta, GA us","Debut: June 30, 2025 (Age 24-155d, 23,456th in major league history)
   vs. TBR 1 AB, 0 H, 0 HR, 0 RBI, 0 SB","2026 Contract Status: Pre-Arb Eligible",32,"https://www.baseball-reference.com/req/2025011210/images/headshots/d/d990ad65_mlbam.jpg"
thomala02,"Lane Thomas","Team: Atlanta Braves (majors, 10-day IL)","Position: Outfielder",Bats: Right  •  Throws: Right,"5-11, 195lb (180cm, 88kg)","Born: August 23, 1995 (Age: 31-044d) in Knoxville, TN us","Debut: April 17, 2019 (Age 23-237d, 21,790th in major league history)
   vs. MIL 0 AB, 0 H, 0 HR, 0 RBI, 0 SB","2026 Contract Status: Signed thru 2026, 1 yr/$5.25M (26)",35-28-8-15-20,"https://www.baseball-reference.com/req/2025011210/images/headshots/b/baa0b47a_mlbam.jpg"
thompst01,"Sterlin Thompson","Team: Colorado Rockies (minors, 40-man)","Positions: Outfielder and Designated Hitter",Bats: Left  •  Throws: Right,"6-3, 209lb (190cm, 94kg)","Born: June 26, 2001 (Age: 25-102d) in Longmont, CO us","Debut: May 15, 2026 (Age 24-323d, 23,632nd in major league history)","2026 Contract Status: Not Updated",30,"https://www.baseball-reference.com/req/2025011210/images/headshots/6/640a51b7_mlbam.jpg"
toglimi01,"Michael Toglia","Team: Cincinnati Reds (majors, 60-day IL)","Positions: First Baseman and Rightfielder",Bats: Both  •  Throws: Left,"6-5, 226lb (196cm, 102kg)","Born: August 16, 1998 (Age: 28-051d) in Phoenix, AZ us","Debut: August 30, 2022 (Age 24-014d, 22,733rd in major league history)
   vs. ATL 4 AB, 0 H, 0 HR, 0 RBI, 0 SB","2026 Contract Status: Pre-Arb Eligible",29-4-48,"https://www.baseball-reference.com/req/2025011210/images/headshots/5/59255f80_mlbam.jpg"
tolbety01,"Tyler Tolbert","Team: Kansas City Royals (majors)","Positions: Outfielder, Pinch Runner and Shortstop",Bats: Right  •  Throws: Right,"5-10, 185lb (178cm, 83kg)","Born: January 27, 1998 (Age: 28-252d) in Birmingham, AL us","Debut: March 31, 2025 (Age 27-063d, 23,326th in major league history)
   vs. MIL 1 AB, 0 H, 0 HR, 0 RBI, 0 SB","2026 Contract Status: Pre-Arb Eligible",2,"https://www.baseball-reference.com/req/2025011210/images/headshots/3/3ab118a1_mlbam.jpg"
torkesp01,"Spencer Torkelson","Team: Detroit Tigers (majors)","Position: First Baseman",Bats: Right  •  Throws: Right,"6-1, 220lb (185cm, 99kg)","Born: August 26, 1999 (Age: 27-041d) in Petaluma, CA us","Debut: April 8, 2022 (Age 22-225d, 22,496th in major league history)
   vs. CHW 4 AB, 0 H, 0 HR, 0 RBI, 0 SB","2026 Contract Status: Signed thru 2026, 1 yr/$4.08M (26)",20,"https://www.baseball-reference.com/req/2025011210/images/headshots/e/e8b202f2_mlbam.jpg"
torrebr01,"Bryan Torres","Team: St. Louis Cardinals (majors)","Positions: Leftfielder, Second Baseman and Third Baseman",Bats: Left  •  Throws: Right,"5-7, 165lb (170cm, 74kg)","Born: July 2, 1997 (Age: 29-096d) in Caguas, Puerto Rico pr","Debut: May 23, 2026 (Age 28-325d, 23,642nd in major league history)","2026 Contract Status: Not Updated",39,"https://www.baseball-reference.com/req/2025011210/images/headshots/c/c75188d6_mlbam.jpg"
torregl01,"Gleyber Torres","Team: Detroit Tigers (majors)","Positions: Second Baseman and Shortstop",Bats: Right  •  Throws: Right,"5-10, 205lb (178cm, 92kg)","Born: December 13, 1996 (Age: 29-297d) in Caracas, Venezuela ve","Debut: April 22, 2018 (Age 21-130d, 21,548th in major league history)
   vs. TOR 4 AB, 0 H, 0 HR, 0 RBI, 0 SB","2026 Contract Status: Signed thru 2026, 1 yr/$22.03M (26)",25-25,"https://www.baseball-reference.com/req/2025011210/images/headshots/4/46e27a6f_mlbam.jpg"
torrelu01,"Luis Torrens","Team: New York Mets (majors)","Position: Catcher",Bats: Right  •  Throws: Right,"5-11, 217lb (180cm, 98kg)","Born: May 2, 1996 (Age: 30-157d) in Valencia, Venezuela ve","Debut: April 3, 2017 (Age 20-336d, 21,242nd in major league history)
   vs. LAD 1 AB, 0 H, 0 HR, 0 RBI, 0 SB","2026 Contract Status: Signed thru 2028, 1 yr/$2.28M (26), 2 yrs/$11.5M (27-28)",21-21-22-22-13,"https://www.baseball-reference.com/req/2025011210/images/headshots/1/15fd9d1c_mlbam.jpg"
tovarez01,"Ezequiel Tovar","Team: Colorado Rockies (majors)","Position: Shortstop",Bats: Right  •  Throws: Right,"6-0, 192lb (183cm, 87kg)","Born: August 1, 2001 (Age: 25-066d) in Maracay, Venezuela ve","Debut: September 23, 2022 (Age 21-053d, 22,777th in major league history)
   vs. SDP 4 AB, 2 H, 0 HR, 0 RBI, 0 SB","2026 Contract Status: Signed thru 2030, 7 yrs/$63.5M (24-30) & 31 team option",14,"https://www.baseball-reference.com/req/2025011210/images/headshots/4/4c61ea0d_mlbam.jpg"
trammta01,"Taylor Trammell","Team: Houston Astros (majors)","Position: Outfielder",Bats: Left  •  Throws: Left,"6-1, 220lb (185cm, 99kg)","Born: September 13, 1997 (Age: 29-023d) in Powder Springs, GA us","Debut: April 1, 2021 (Age 23-200d, 22,223rd in major league history)
   vs. SFG 3 AB, 0 H, 0 HR, 1 RBI, 0 SB","2026 Contract Status: Signed thru 2026, 1 yr/$900k (26)",20-5-6-33-26,"https://www.baseball-reference.com/req/2025011210/images/headshots/d/d8fe3e94_mlbam.jpg"
trevijo01,"Jose Trevino","Team: Cincinnati Reds (majors)","Position: Catcher",Bats: Right  •  Throws: Right,"5-9, 215lb (175cm, 97kg)","Born: November 28, 1992 (Age: 33-312d) in Corpus Christi, TX us","Debut: June 15, 2018 (Age 25-199d, 21,616th in major league history)
   vs. COL 4 AB, 0 H, 0 HR, 0 RBI, 0 SB","2026 Contract Status: Signed thru 2027, 3 yrs/$14.93M (25-27) & 28 team option",71-56-23-39-35,"https://www.baseball-reference.com/req/2025011210/images/headshots/f/fbab510b_mlbam.jpg"
trianja01,"James Triantos","Team: Chicago Cubs (minors, 40-man)","Positions: Second Baseman and Pinch Hitter",Bats: Right  •  Throws: Right,"5-11, 195lb (180cm, 88kg)","Born: January 29, 2003 (Age: 23-250d) in Fairfax, VA us","Debut: July 25, 2026 (Age 23-177d, 23,724th in major league history)","2026 Contract Status: Not Updated",5,"https://www.baseball-reference.com/req/2025011210/images/headshots/e/ebff3b74_mlbam.jpg"
triolja01,"Jared Triolo","Team: Pittsburgh Pirates (majors)","Positions: Third Baseman, Shortstop and Second Baseman",Bats: Right  •  Throws: Right,"6-3, 212lb (190cm, 96kg)","Born: February 8, 1998 (Age: 28-240d) in Nashua, NH us","Debut: June 28, 2023 (Age 25-140d, 22,929th in major league history)
   vs. SDP 3 AB, 1 H, 0 HR, 0 RBI, 0 SB","2026 Contract Status: Pre-Arb Eligible",19,"https://www.baseball-reference.com/req/2025011210/images/headshots/8/85034516_mlbam.jpg"
trompch01,"Chadwick Tromp","Team: Los Angeles Dodgers (minors)","Position: Catcher",Bats: Right  •  Throws: Right,"5-8, 221lb (173cm, 100kg)","Born: March 21, 1995 (Age: 31-199d) in Oranjestad, Aruba aw","Debut: July 29, 2020 (Age 25-130d, 22,067th in major league history)
   vs. SDP 4 AB, 0 H, 0 HR, 0 RBI, 0 SB","2026 Contract Status: Not Updated",14-60-48-45-41-39,"https://www.baseball-reference.com/req/2025011210/images/headshots/8/88874cc0_mlbam.jpg"
troutmi01,"Mike Trout","Team: Los Angeles Angels (majors)","Position: Centerfielder",Bats: Right  •  Throws: Right,"6-1, 235lb (185cm, 106kg)","Born: August 7, 1991 (Age: 35-060d) in Vineland, NJ us","Debut: July 8, 2011 (Age 19-335d, 19,939th in major league history)
   vs. SEA 3 AB, 0 H, 0 HR, 0 RBI, 0 SB","2026 Contract Status: Signed thru 2030, 12 yrs/$426.5M (19-30)",27,"https://www.baseball-reference.com/req/2025011210/images/headshots/f/f322d40f_mlbam.jpg"
troyto01,"Tommy Troy","Team: Arizona Diamondbacks (minors, 40-man)","Position: Leftfielder",Bats: Right  •  Throws: Right,"5-9, 197lb (175cm, 89kg)","Born: January 17, 2002 (Age: 24-262d) in San Jose, CA us","Debut: May 24, 2026 (Age 24-127d, 23,644th in major league history)","2026 Contract Status: Not Updated",9,"https://www.baseball-reference.com/req/2025011210/images/headshots/6/6c8fd99d_mlbam.jpg"
tuckeky01,"Kyle Tucker","Team: Los Angeles Dodgers (majors)","Position: Rightfielder",Bats: Left  •  Throws: Right,"6-3, 212lb (190cm, 96kg)","Born: January 17, 1997 (Age: 29-262d) in Tampa, FL us","Debut: July 7, 2018 (Age 21-171d, 21,638th in major league history)
   vs. CHW 4 AB, 1 H, 0 HR, 1 RBI, 0 SB","2026 Contract Status: Signed thru 2027, 2 yrs/$114.92M (26-27) & 28-29 player option",3-30-30-23,"https://www.baseball-reference.com/req/2025011210/images/headshots/d/daeb0856_mlbam.jpg"
turanbr02,"Brice Turang","Team: Milwaukee Brewers (majors)","Positions: Second Baseman and Shortstop",Bats: Left  •  Throws: Right,"6-0, 190lb (183cm, 86kg)","Born: November 21, 1999 (Age: 26-319d) in Corona, CA us","Debut: March 30, 2023 (Age 23-129d, 22,791st in major league history)
   vs. CHC 3 AB, 1 H, 0 HR, 0 RBI, 0 SB","2026 Contract Status: Signed thru 2026, 1 yr/$4.15M (26)",0-2,"https://www.baseball-reference.com/req/2025011210/images/headshots/8/822e8fd1_mlbam.jpg"
turnetr01,"Trea Turner","Team: Philadelphia Phillies (majors)","Positions: Shortstop and Second Baseman",Bats: Right  •  Throws: Right,"6-1, 185lb (185cm, 83kg)","Born: June 30, 1993 (Age: 33-098d) in Boynton Beach, FL us","Debut: August 21, 2015 (Age 22-052d, 20,924th in major league history)
   vs. MIL 2 AB, 0 H, 0 HR, 0 RBI, 0 SB","2026 Contract Status: Signed thru 2033, 11 yrs/$300M (23-33)",7-6-7,"https://www.baseball-reference.com/req/2025011210/images/headshots/7/7ba8f9ac_mlbam.jpg"
uriaslu01,"Luis Urías","Team: Toronto Blue Jays (majors, 10-day IL)","Positions: Second Baseman, Third Baseman and Shortstop",Bats: Right  •  Throws: Right,"5-9, 202lb (175cm, 91kg)","Born: June 3, 1997 (Age: 29-125d) in Magdalena de Kino, Mexico mx","Debut: August 28, 2018 (Age 21-086d, 21,698th in major league history)
   vs. SEA 3 AB, 0 H, 0 HR, 0 RBI, 0 SB","2026 Contract Status: Not Updated",9-2-17-16-23-17-48,"https://www.baseball-reference.com/req/2025011210/images/headshots/9/9d0be9c2_mlbam.jpg"
uriasra01,"Ramón Urías","undefined","Positions: Third Baseman, Second Baseman and Shortstop",Bats: Right  •  Throws: Right,"5-9, 185lb (175cm, 83kg)","Born: June 3, 1994 (Age: 32-125d) in Magdalena de Kino, Mexico mx","Debut: August 20, 2020 (Age 26-078d, 22,134th in major league history)
   vs. BOS 1 AB, 0 H, 0 HR, 0 RBI, 0 SB","2026 Contract Status: Signed thru 2026, 1 yr/$2M (26) & 27 mutual option",87-29-29-29,"https://www.baseball-reference.com/req/2025011210/images/headshots/e/e9043c92_mlbam.jpg"
valdees01,"Esmerlyn Valdéz","Team: Pittsburgh Pirates (majors, 10-day IL)","Position: Rightfielder",Bats: Right  •  Throws: Right,"6-2, 234lb (188cm, 106kg)","Born: January 27, 2004 (Age: 22-252d) in San Juan de la Maguana, Dominican Republic do","Debut: May 22, 2026 (Age 22-115d, 23,639th in major league history)","2026 Contract Status: Not Updated",55,"https://www.baseball-reference.com/req/2025011210/images/headshots/7/770dfa1d_mlbam.jpg"
valenbr01,"Brandon Valenzuela","Team: Toronto Blue Jays (majors)","Positions: Catcher and First Baseman",Bats: Both  •  Throws: Right,"6-0, 225lb (183cm, 102kg)","Born: October 2, 2000 (Age: 26-004d) in Hermosillo, Mexico mx","Debut: April 5, 2026 (Age 25-185d, 23,574th in major league history)","2026 Contract Status: Not Updated",59,"https://www.baseball-reference.com/req/2025011210/images/headshots/7/7879b553_mlbam.jpg"
valened01,"Eduardo Valencia","Team: Detroit Tigers (majors)","Positions: Catcher, Designated Hitter and Pinch Hitter",Bats: Right  •  Throws: Right,"6-1, 180lb (185cm, 81kg)","Born: January 25, 2000 (Age: 26-254d) in Valencia, Venezuela ve","Debut: July 9, 2026 (Age 26-165d, 23,712th in major league history)","2026 Contract Status: Not Updated",32,"https://www.baseball-reference.com/req/2025011210/images/headshots/d/d6642c81_mlbam.jpg"
valerge01,"George Valera","Team: Cleveland Guardians (minors)","Positions: Outfielder, Designated Hitter and Pinch Hitter",Bats: Left  •  Throws: Left,"5-10, 195lb (178cm, 88kg)","Born: November 13, 2000 (Age: 25-327d) in Queens, NY us","Debut: September 1, 2025 (Age 24-292d, 23,521st in major league history)
   vs. BOS 1 AB, 0 H, 0 HR, 0 RBI, 0 SB","2026 Contract Status: Pre-Arb Eligible",35-7,"https://www.baseball-reference.com/req/2025011210/images/headshots/0/08740d77_mlbam.jpg"
vargail01,"Ildemaro Vargas","Team: Arizona Diamondbacks (majors)","Positions: Second Baseman, Third Baseman and First Baseman",Bats: Both  •  Throws: Right,"5-11, 202lb (180cm, 91kg)","Born: July 16, 1991 (Age: 35-082d) in Caripito, Venezuela ve","Debut: June 29, 2017 (Age 25-348d, 21,375th in major league history)
   vs. STL 1 AB, 0 H, 0 HR, 0 RBI, 0 SB","2026 Contract Status: 3rd-Year Arb Eligible",15-15-4-16-45-8-4-14-6,"https://www.baseball-reference.com/req/2025011210/images/headshots/4/41844a3f_mlbam.jpg"
vargami01,"Miguel Vargas","Team: Chicago White Sox (majors)","Positions: Third Baseman, First Baseman and Second Baseman",Bats: Right  •  Throws: Right,"6-2, 225lb (188cm, 102kg)","Born: November 17, 1999 (Age: 26-323d) in La Habana, Cuba cu","Debut: August 3, 2022 (Age 22-259d, 22,692nd in major league history)
   vs. SFG 4 AB, 2 H, 0 HR, 2 RBI, 1 SB","2026 Contract Status: Pre-Arb Eligible",71-17-27-20,"https://www.baseball-reference.com/req/2025011210/images/headshots/9/90083a6f_mlbam.jpg"
varshda01,"Daulton Varsho","Team: Houston Astros (majors, 10-day IL)","Positions: Outfielder and Catcher",Bats: Left  •  Throws: Right,"5-8, 207lb (173cm, 93kg)","Born: July 2, 1996 (Age: 30-096d) in Marshfield, WI us","Debut: July 30, 2020 (Age 24-028d, 22,070th in major league history)
   vs. LAD 0 AB, 0 H, 0 HR, 0 RBI, 0 SB","2026 Contract Status: Signed thru 2026, 1 yr/$10.75M (26)",12-25-5-18,"https://www.baseball-reference.com/req/2025011210/images/headshots/7/74fc43a2_mlbam.jpg"
vasqura02,"Randy Vásquez","Team: San Diego Padres (majors)","Position: Pitcher",Bats: Right  •  Throws: Right,"6-0, 165lb (183cm, 74kg)","Born: November 3, 1998 (Age: 27-337d) in Navarette, Dominican Republic do","Debut: May 26, 2023 (Age 24-204d, 22,877th in major league history)
   vs. SDP 4.2 IP, 4 H, 6 SO, 3 BB, 2 ER, L","2026 Contract Status: Pre-Arb Eligible",98-98,"https://www.baseball-reference.com/req/2025011210/images/headshots/2/21fb5c2d_mlbam.jpg"
vaughan01,"Andrew Vaughn","Team: Milwaukee Brewers (majors, 10-day IL)","Positions: First Baseman and Leftfielder",Bats: Right  •  Throws: Right,"5-10, 215lb (178cm, 97kg)","Born: April 3, 1998 (Age: 28-186d) in Santa Rosa, CA us","Debut: April 2, 2021 (Age 22-364d, 22,232nd in major league history)
   vs. LAA 3 AB, 0 H, 0 HR, 0 RBI, 0 SB","2026 Contract Status: Signed thru 2026, 1 yr/$7.65M (26)",25-28,"https://www.baseball-reference.com/req/2025011210/images/headshots/b/bbe99c3e_mlbam.jpg"
vazquch01,"Christian Vázquez","Team: Houston Astros (majors)","Position: Catcher",Bats: Right  •  Throws: Right,"5-8, 205lb (173cm, 92kg)","Born: August 21, 1990 (Age: 36-046d) in Bayamon, Puerto Rico pr","Debut: July 9, 2014 (Age 23-322d, 20,627th in major league history)
   vs. CHW 3 AB, 0 H, 0 HR, 0 RBI, 0 SB","2026 Contract Status: Free Agent",55-7-9-8-2,"https://www.baseball-reference.com/req/2025011210/images/headshots/8/83e3e806_mlbam.jpg"
veenza01,"Zac Veen","Team: Colorado Rockies (majors)","Position: Outfielder",Bats: Left  •  Throws: Right,"6-3, 243lb (190cm, 110kg)","Born: December 12, 2001 (Age: 24-298d) in Port Orange, FL us","Debut: April 8, 2025 (Age 23-117d, 23,339th in major league history)
   vs. MIL 4 AB, 1 H, 0 HR, 0 RBI, 0 SB","2026 Contract Status: Pre-Arb Eligible",13,"https://www.baseball-reference.com/req/2025011210/images/headshots/1/1edbc36e_mlbam.jpg"
velazan01,"Andrew Velazquez","undefined","Positions: Shortstop, Second Baseman and Outfielder",Bats: Both  •  Throws: Right,"5-8, 170lb (173cm, 77kg)","Born: July 14, 1994 (Age: 32-084d) in Bronx, NY us","Debut: September 2, 2018 (Age 24-050d, 21,711th in major league history)
   vs. CLE 0 AB, 0 H, 0 HR, 0 RBI, 0 SB","2026 Contract Status: Not Updated",11-17-13-71-4-45,"https://www.baseball-reference.com/req/2025011210/images/headshots/2/2005572c_mlbam.jpg"
velazne01,"Nelson Velázquez","Team: Houston Astros (majors)","Positions: Outfielder and Designated Hitter",Bats: Right  •  Throws: Right,"5-11, 190lb (180cm, 86kg)","Born: December 26, 1998 (Age: 27-284d) in Carolina, Puerto Rico pr","Debut: May 30, 2022 (Age 23-155d, 22,611th in major league history)
   vs. MIL 3 AB, 1 H, 0 HR, 0 RBI, 0 SB","2026 Contract Status: Not Updated",4-17-38-30,"https://www.baseball-reference.com/req/2025011210/images/headshots/a/a149a141_mlbam.jpg"
vientma01,"Mark Vientos","Team: New York Mets (majors)","Positions: Third Baseman, Designated Hitter and First Baseman",Bats: Right  •  Throws: Right,"6-3, 185lb (190cm, 83kg)","Born: December 11, 1999 (Age: 26-299d) in Norwalk, CT us","Debut: September 11, 2022 (Age 22-274d, 22,758th in major league history)
   vs. MIA 5 AB, 0 H, 0 HR, 0 RBI, 0 SB","2026 Contract Status: Pre-Arb Eligible",27,"https://www.baseball-reference.com/req/2025011210/images/headshots/1/1884994e_mlbam.jpg"
vierlma01,"Matt Vierling","Team: Detroit Tigers (majors, 60-day IL)","Positions: Outfielder and Third Baseman",Bats: Right  •  Throws: Right,"6-1, 205lb (185cm, 92kg)","Born: September 16, 1996 (Age: 30-020d) in St. Louis, MO us","Debut: June 19, 2021 (Age 24-276d, 22,348th in major league history)
   vs. SFG 1 AB, 1 H, 0 HR, 0 RBI, 1 SB","2026 Contract Status: Signed thru 2026, 1 yr/$3.23M (26)",44-19-8,"https://www.baseball-reference.com/req/2025011210/images/headshots/f/fa203bae_mlbam.jpg"
viladry01,"Ryan Vilade","Team: Tampa Bay Rays (majors)","Positions: Outfielder, Pinch Hitter and First Baseman",Bats: Right  •  Throws: Right,"6-1, 226lb (185cm, 102kg)","Born: February 18, 1999 (Age: 27-230d) in Grapevine, TX us","Debut: September 18, 2021 (Age 22-212d, 22,466th in major league history)
   vs. WSN 4 AB, 0 H, 0 HR, 0 RBI, 0 SB","2026 Contract Status: Pre-Arb Eligible",31-50-13-46-26,"https://www.baseball-reference.com/req/2025011210/images/headshots/2/2fa40a59_mlbam.jpg"
vivasjo01,"Jorbit Vivas","Team: Washington Nationals (majors)","Positions: Second Baseman and Third Baseman",Bats: Left  •  Throws: Right,"5-9, 171lb (175cm, 77kg)","Born: March 9, 2001 (Age: 25-211d) in Puerto Cabello, Venezuela ve","Debut: May 2, 2025 (Age 24-054d, 23,385th in major league history)
   vs. TBR 1 AB, 0 H, 0 HR, 0 RBI, 0 SB","2026 Contract Status: Pre-Arb Eligible",90-84,"https://www.baseball-reference.com/req/2025011210/images/headshots/9/92309817_mlbam.jpg"
volpean01,"Anthony Volpe","Team: New York Yankees (majors)","Position: Shortstop",Bats: Right  •  Throws: Right,"5-10, 197lb (178cm, 89kg)","Born: April 28, 2001 (Age: 25-161d) in New York, NY us","Debut: March 30, 2023 (Age 21-336d, 22,791st in major league history)
   vs. SFG 2 AB, 0 H, 0 HR, 0 RBI, 1 SB","2026 Contract Status: Signed thru 2026, 1 yr/$3.48M (26)",11,"https://www.baseball-reference.com/req/2025011210/images/headshots/2/2e4c164f_mlbam.jpg"
wadela01,"LaMonte Wade Jr.","Team: Houston Astros (majors)","Positions: First Baseman and Outfielder",Bats: Left  •  Throws: Left,"5-11, 215lb (180cm, 97kg)","Born: January 1, 1994 (Age: 32-278d) in Baltimore, MD us","Debut: June 28, 2019 (Age 25-178d, 21,897th in major league history)
   vs. CHW 1 AB, 0 H, 0 HR, 0 RBI, 0 SB","2026 Contract Status: Not Updated",30-31-35-31,"https://www.baseball-reference.com/req/2025011210/images/headshots/e/e240f102_mlbam.jpg"
wagamer01,"Eric Wagaman","Team: New York Mets (minors, 40-man)","Positions: First Baseman, Leftfielder and Third Baseman",Bats: Right  •  Throws: Right,"6-4, 210lb (193cm, 95kg)","Born: August 14, 1997 (Age: 29-053d) in Mission Viejo, CA us","Debut: September 10, 2024 (Age 27-027d, 23,289th in major league history)
   vs. MIN 1 AB, 0 H, 0 HR, 0 RBI, 0 SB","2026 Contract Status: Pre-Arb Eligible",34-33-39,"https://www.baseball-reference.com/req/2025011210/images/headshots/1/1264fd99_mlbam.jpg"
wagnewi01,"Will Wagner","Team: San Diego Padres (minors, 40-man)","Positions: Second Baseman, Third Baseman and Pinch Hitter",Bats: Left  •  Throws: Right,"6-0, 210lb (183cm, 95kg)","Born: July 29, 1998 (Age: 28-069d) in Houston, TX us","Debut: August 12, 2024 (Age 26-014d, 23,239th in major league history)
   vs. LAA 4 AB, 3 H, 0 HR, 1 RBI, 0 SB","2026 Contract Status: Pre-Arb Eligible",7-24-7,"https://www.baseball-reference.com/req/2025011210/images/headshots/f/f5ba879e_mlbam.jpg"
waldsry01,"Ryan Waldschmidt","Team: Arizona Diamondbacks (majors)","Position: Centerfielder",Bats: Right  •  Throws: Right,"6-0, 205lb (183cm, 92kg)","Born: October 7, 2002 (Age: 23-364d) in Sarasota, FL us","Debut: May 8, 2026 (Age 23-213d, 23,623rd in major league history)","2026 Contract Status: Not Updated",15,"https://www.baseball-reference.com/req/2025011210/images/headshots/6/639db00c_mlbam.jpg"
walkech02,"Christian Walker","Team: Houston Astros (majors)","Position: First Baseman",Bats: Right  •  Throws: Right,"5-11, 208lb (180cm, 94kg)","Born: March 28, 1991 (Age: 35-192d) in Norristown, PA us","Debut: September 17, 2014 (Age 23-173d, 20,725th in major league history)
   vs. TOR 3 AB, 1 H, 0 HR, 0 RBI, 0 SB","2026 Contract Status: Signed thru 2027, 3 yrs/$60M (25-27)",18-34-53-53-53-8,"https://www.baseball-reference.com/req/2025011210/images/headshots/7/7d9cbe12_mlbam.jpg"
walkejo02,"Jordan Walker","Team: St. Louis Cardinals (majors)","Position: Rightfielder",Bats: Right  •  Throws: Right,"6-6, 250lb (198cm, 113kg)","Born: May 22, 2002 (Age: 24-137d) in Stone Mountain, GA us","Debut: March 30, 2023 (Age 20-312d, 22,791st in major league history)
   vs. TOR 5 AB, 1 H, 0 HR, 1 RBI, 0 SB","2026 Contract Status: Pre-Arb Eligible",18,"https://www.baseball-reference.com/req/2025011210/images/headshots/9/99a4bac3_mlbam.jpg"
wallnma01,"Matt Wallner","Team: Minnesota Twins (minors, 40-man)","Position: Rightfielder",Bats: Left  •  Throws: Right,"6-4, 220lb (193cm, 99kg)","Born: December 12, 1997 (Age: 28-298d) in Forest Lake, MN us","Debut: September 17, 2022 (Age 24-279d, 22,767th in major league history)
   vs. CLE 3 AB, 1 H, 1 HR, 1 RBI, 0 SB","2026 Contract Status: Pre-Arb Eligible",38,"https://www.baseball-reference.com/req/2025011210/images/headshots/4/4835e745_mlbam.jpg"
wallsta01,"Taylor Walls","Team: Tampa Bay Rays (majors)","Positions: Shortstop, Second Baseman and Third Baseman",Bats: Both  •  Throws: Right,"5-9, 185lb (175cm, 83kg)","Born: July 10, 1996 (Age: 30-088d) in Cordele, GA us","Debut: May 22, 2021 (Age 24-316d, 22,321st in major league history)
   vs. TOR 4 AB, 2 H, 0 HR, 0 RBI, 0 SB","2026 Contract Status: Signed thru 2026, 1 yr/$2.45M (26) & 27 team option",6-0,"https://www.baseball-reference.com/req/2025011210/images/headshots/2/23c6f1dc_mlbam.jpg"
waltodo01,"Donovan Walton","Team: Athletics (majors)","Positions: Second Baseman, Shortstop and Third Baseman",Bats: Left  •  Throws: Right,"5-9, 190lb (175cm, 86kg)","Born: May 25, 1994 (Age: 32-134d) in Dallas, TX us","Debut: September 10, 2019 (Age 25-108d, 21,999th in major league history)
   vs. CIN 0 AB, 0 H, 0 HR, 0 RBI, 0 SB","2026 Contract Status: Not Updated",31-8-37-18-18-35-29,"https://www.baseball-reference.com/req/2025011210/images/headshots/a/a028ceae_mlbam.jpg"
wardry01,"Ryan Ward","undefined","Positions: Leftfielder and First Baseman",Bats: Left  •  Throws: Right,"5-10, 200lb (178cm, 90kg)","Born: February 23, 1998 (Age: 28-225d) in Worcester, MA us","Debut: April 19, 2026 (Age 28-055d, 23,593rd in major league history)","2026 Contract Status: Not Updated",67,"https://www.baseball-reference.com/req/2025011210/images/headshots/e/ea684764_mlbam.jpg"
wardta01,"Taylor Ward","Team: Seattle Mariners (majors)","Positions: Leftfielder and Third Baseman",Bats: Right  •  Throws: Right,"6-0, 205lb (183cm, 92kg)","Born: December 14, 1993 (Age: 32-296d) in Dayton, OH us","Debut: August 14, 2018 (Age 24-243d, 21,683rd in major league history)
   vs. SDP 3 AB, 2 H, 0 HR, 1 RBI, 0 SB","2026 Contract Status: Signed thru 2026, 1 yr/$12.18M (26)",3-3-27,"https://www.baseball-reference.com/req/2025011210/images/headshots/e/e5c89504_mlbam.jpg"
watsoka01,"Kahlil Watson","Team: Cleveland Guardians (minors, 40-man)","Position: Rightfielder",Bats: Left  •  Throws: Right,"5-9, 178lb (175cm, 80kg)","Born: April 16, 2003 (Age: 23-173d) in Chase City, VA us","Debut: June 18, 2026 (Age 23-063d, 23,684th in major league history)","2026 Contract Status: Not Updated",31,"https://www.baseball-reference.com/req/2025011210/images/headshots/c/c7717f09_mlbam.jpg"
wellsau01,"Austin Wells","Team: New York Yankees (majors)","Position: Catcher",Bats: Left  •  Throws: Right,"6-1, 220lb (185cm, 99kg)","Born: July 12, 1999 (Age: 27-086d) in Scottsdale, AZ us","Debut: September 1, 2023 (Age 24-051d, 23,009th in major league history)
   vs. HOU 4 AB, 1 H, 0 HR, 0 RBI, 0 SB","2026 Contract Status: Pre-Arb Eligible",88-28,"https://www.baseball-reference.com/req/2025011210/images/headshots/d/d46bbc83_mlbam.jpg"
wendzda01,"Davis Wendzel","undefined","Positions: Third Baseman, First Baseman and Second Baseman",Bats: Right  •  Throws: Right,"5-11, 210lb (180cm, 95kg)","Born: May 23, 1997 (Age: 29-136d) in Irvine, CA us","Debut: April 9, 2024 (Age 26-322d, 23,091st in major league history)
   vs. OAK 3 AB, 0 H, 0 HR, 0 RBI, 0 SB","2026 Contract Status: Not Updated",38-53,"https://www.baseball-reference.com/req/2025011210/images/headshots/e/ea788b7d_mlbam.jpg"
wethejj01,"JJ Wetherholt","Team: St. Louis Cardinals (majors)","Positions: Second Baseman and Shortstop",Bats: Left  •  Throws: Right,"5-9, 190lb (175cm, 86kg)","Born: September 10, 2002 (Age: 24-026d) in Baltimore, MD us","Debut: March 26, 2026 (Age 23-197d, 23,550th in major league history)","2026 Contract Status: Signed thru 2034, 1 yr/$780k (26), 8 yrs/$112.5M (27-34)",26,"https://www.baseball-reference.com/req/2025011210/images/headshots/6/609747a3_mlbam.jpg"
whitcsh01,"Shay Whitcomb","Team: San Francisco Giants (majors)","Positions: Third Baseman, Second Baseman and First Baseman",Bats: Right  •  Throws: Right,"6-0, 202lb (183cm, 91kg)","Born: September 28, 1998 (Age: 28-008d) in Thousand Oaks, CA us","Debut: August 17, 2024 (Age 25-324d, 23,249th in major league history)
   vs. CHW 3 AB, 2 H, 0 HR, 0 RBI, 0 SB","2026 Contract Status: Pre-Arb Eligible",10-14-13,"https://www.baseball-reference.com/req/2025011210/images/headshots/2/2698536e_mlbam.jpg"
whiteel04,"Eli White","Team: Boston Red Sox (majors, 60-day IL)","Position: Outfielder",Bats: Right  •  Throws: Right,"6-2, 195lb (188cm, 88kg)","Born: June 26, 1994 (Age: 32-102d) in Greenville, SC us","Debut: September 1, 2020 (Age 26-067d, 22,167th in major league history)
   vs. HOU 3 AB, 0 H, 0 HR, 0 RBI, 0 SB","2026 Contract Status: Signed thru 2026, 1 yr/$900k (26)",76-41-38-36-38,"https://www.baseball-reference.com/req/2025011210/images/headshots/3/3d5a66d4_mlbam.jpg"
whiteto01,"Tommy White","Team: Athletics (majors)","Positions: First Baseman and Third Baseman",Bats: Right  •  Throws: Right,"6-0, 220lb (183cm, 99kg)","Born: March 2, 2003 (Age: 23-218d) in St. Petersburg, FL us","Debut: July 17, 2026 (Age 23-137d, 23,715th in major league history)","2026 Contract Status: Not Updated",47,"https://www.baseball-reference.com/req/2025011210/images/headshots/e/e0308bb1_mlbam.jpg"
wiemejo01,"Joey Wiemer","Team: Chicago White Sox (minors)","Position: Outfielder",Bats: Right  •  Throws: Right,"6-4, 226lb (193cm, 102kg)","Born: February 11, 1999 (Age: 27-237d) in Sylvania, OH us","Debut: April 1, 2023 (Age 24-049d, 22,804th in major league history)
   vs. CHC 2 AB, 1 H, 0 HR, 0 RBI, 0 SB","2026 Contract Status: Pre-Arb Eligible",28-48-41-21,"https://www.baseball-reference.com/req/2025011210/images/headshots/d/dfae304e_mlbam.jpg"
willial04,"Alika Williams","Team: Athletics (majors)","Positions: Shortstop and Second Baseman",Bats: Right  •  Throws: Right,"6-1, 183lb (185cm, 83kg)","Born: March 12, 1999 (Age: 27-208d) in San Diego, CA us","Debut: July 25, 2023 (Age 24-135d, 22,966th in major league history)
   vs. SDP 0 AB, 0 H, 0 HR, 0 RBI, 0 SB","2026 Contract Status: Not Updated",75-25-12,"https://www.baseball-reference.com/req/2025011210/images/headshots/4/4147996f_mlbam.jpg"
willibe03,"Ben Williamson","Team: Tampa Bay Rays (majors)","Positions: Third Baseman, Second Baseman and Shortstop",Bats: Right  •  Throws: Right,"6-0, 210lb (183cm, 95kg)","Born: November 5, 2000 (Age: 25-335d) in Fairfax, VA us","Debut: April 15, 2025 (Age 24-161d, 23,345th in major league history)
   vs. CIN 3 AB, 1 H, 0 HR, 0 RBI, 0 SB","2026 Contract Status: Pre-Arb Eligible",9-15,"https://www.baseball-reference.com/req/2025011210/images/headshots/7/7246a254_mlbam.jpg"
willica02,"Carson Williams","Team: Tampa Bay Rays (minors, 40-man)","Positions: Shortstop and Second Baseman",Bats: Right  •  Throws: Right,"6-1, 180lb (185cm, 81kg)","Born: June 25, 2003 (Age: 23-103d) in San Diego, CA us","Debut: August 22, 2025 (Age 22-058d, 23,505th in major league history)
   vs. STL 4 AB, 2 H, 1 HR, 3 RBI, 0 SB","2026 Contract Status: Pre-Arb Eligible",77-7,"https://www.baseball-reference.com/req/2025011210/images/headshots/a/ab88c8ed_mlbam.jpg"
willilu01,"Luke Williams","Team: Atlanta Braves (minors)","Positions: Pinch Runner, Outfielder and Third Baseman",Bats: Right  •  Throws: Right,"6-1, 186lb (185cm, 84kg)","Born: August 9, 1996 (Age: 30-058d) in Park Ridge, IL us","Debut: June 8, 2021 (Age 24-303d, 22,338th in major league history)
   vs. ATL 1 AB, 1 H, 0 HR, 0 RBI, 0 SB","2026 Contract Status: Not Updated",30-45-46-37-67-65-37,"https://www.baseball-reference.com/req/2025011210/images/headshots/5/51b99378_mlbam.jpg"
wilsoja05,"Jacob Wilson","Team: Athletics (majors, 60-day IL)","Position: Shortstop",Bats: Right  •  Throws: Right,"6-2, 190lb (188cm, 86kg)","Born: March 30, 2002 (Age: 24-190d) in Los Angeles, CA us","Debut: July 19, 2024 (Age 22-111d, 23,211th in major league history)
   vs. LAA 1 AB, 1 H, 0 HR, 0 RBI, 0 SB","2026 Contract Status: Signed thru 2032, 7 yrs/$70M (26-32) & 33 team option",5,"https://www.baseball-reference.com/req/2025011210/images/headshots/b/bb593c8b_mlbam.jpg"
wilsowe01,"Weston Wilson","Team: Seattle Mariners (majors)","Positions: Leftfielder, Third Baseman and First Baseman",Bats: Right  •  Throws: Right,"6-3, 215lb (190cm, 97kg)","Born: September 11, 1994 (Age: 32-025d) in High Point, NC us","Debut: August 9, 2023 (Age 28-332d, 22,979th in major league history)
   vs. WSN 1 AB, 1 H, 1 HR, 1 RBI, 1 SB","2026 Contract Status: Pre-Arb Eligible",37-32-31,"https://www.baseball-reference.com/req/2025011210/images/headshots/7/7eaa8a6b_mlbam.jpg"
wilsowi03,"Will Wilson","Team: Seattle Mariners (majors, 60-day IL)","Positions: Third Baseman and Second Baseman",Bats: Right  •  Throws: Right,"5-9, 184lb (175cm, 83kg)","Born: July 21, 1998 (Age: 28-077d) in Kings Mountain, NC us","Debut: April 23, 2025 (Age 26-276d, 23,368th in major league history)
   vs. NYY 4 AB, 1 H, 0 HR, 0 RBI, 0 SB","2026 Contract Status: Pre-Arb Eligible",7-7,"https://www.baseball-reference.com/req/2025011210/images/headshots/7/7f43299e_mlbam.jpg"
winnma01,"Masyn Winn","Team: St. Louis Cardinals (majors)","Position: Shortstop",Bats: Right  •  Throws: Right,"5-9, 185lb (175cm, 83kg)","Born: March 21, 2002 (Age: 24-199d) in Katy, TX us","Debut: August 18, 2023 (Age 21-150d, 22,991st in major league history)
   vs. NYM 4 AB, 1 H, 0 HR, 0 RBI, 0 SB","2026 Contract Status: Pre-Arb Eligible",0,"https://www.baseball-reference.com/req/2025011210/images/headshots/2/2cea04fb_mlbam.jpg"
wisdopa01,"Patrick Wisdom","Team: Seattle Mariners (minors, 40-man)","Positions: Third Baseman, First Baseman and Outfielder",Bats: Right  •  Throws: Right,"6-2, 220lb (188cm, 99kg)","Born: August 27, 1991 (Age: 35-040d) in Murrieta, CA us","Debut: August 12, 2018 (Age 26-350d, 21,678th in major league history)
   vs. KCR 4 AB, 2 H, 0 HR, 1 RBI, 0 SB","2026 Contract Status: Not Updated",21-21-59-16-35,"https://www.baseball-reference.com/req/2025011210/images/headshots/0/04a4f5bc_mlbam.jpg"
wittbo02,"Bobby Witt Jr.","Team: Kansas City Royals (majors)","Positions: Shortstop and Third Baseman",Bats: Right  •  Throws: Right,"6-1, 200lb (185cm, 90kg)","Born: June 14, 2000 (Age: 26-114d) in Colleyville, TX us","Debut: April 7, 2022 (Age 21-297d, 22,488th in major league history)
   vs. CLE 4 AB, 1 H, 0 HR, 1 RBI, 0 SB","2026 Contract Status: Signed thru 2030, 7 yrs/$148.78M (24-30) & 31-37 player/team option",7,"https://www.baseball-reference.com/req/2025011210/images/headshots/0/042fbc15_mlbam.jpg"
wongco01,"Connor Wong","Team: Boston Red Sox (majors)","Positions: Catcher and First Baseman",Bats: Right  •  Throws: Right,"5-10, 190lb (178cm, 86kg)","Born: May 19, 1996 (Age: 30-140d) in Houston, TX us","Debut: June 22, 2021 (Age 25-034d, 22,353rd in major league history)
   vs. TBR 0 AB, 0 H, 0 HR, 0 RBI, 0 SB","2026 Contract Status: Signed thru 2026, 1 yr/$1.38M (26)",74-12,"https://www.baseball-reference.com/req/2025011210/images/headshots/8/828fca73_mlbam.jpg"
woodja03,"James Wood","Team: Washington Nationals (majors)","Position: Leftfielder",Bats: Left  •  Throws: Right,"6-6, 234lb (198cm, 106kg)","Born: September 17, 2002 (Age: 24-019d) in Rockville, MD us","Debut: July 1, 2024 (Age 21-288d, 23,196th in major league history)
   vs. NYM 4 AB, 1 H, 0 HR, 0 RBI, 0 SB","2026 Contract Status: Pre-Arb Eligible",50-29,"https://www.baseball-reference.com/req/2025011210/images/headshots/9/9d9912b0_mlbam.jpg"
workmga01,"Gage Workman","Team: San Diego Padres (minors, 40-man)","Positions: Third Baseman, Pinch Hitter and Shortstop",Bats: Left  •  Throws: Right,"6-4, 202lb (193cm, 91kg)","Born: October 24, 1999 (Age: 26-347d) in Chandler, AZ us","Debut: March 29, 2025 (Age 25-156d, 23,318th in major league history)
   vs. ARI 2 AB, 0 H, 0 HR, 0 RBI, 0 SB","2026 Contract Status: Pre-Arb Eligible",25-41-99-99,"https://www.baseball-reference.com/req/2025011210/images/headshots/d/d72f4331_mlbam.jpg"
wynnsau01,"Austin Wynns","Team: Chicago Cubs (minors)","Position: Catcher",Bats: Right  •  Throws: Right,"6-1, 190lb (185cm, 86kg)","Born: December 10, 1990 (Age: 35-300d) in San Diego, CA us","Debut: June 5, 2018 (Age 27-177d, 21,603rd in major league history)
   vs. NYM 3 AB, 1 H, 0 HR, 0 RBI, 0 SB","2026 Contract Status: Signed thru 2026, 1 yr/$1.1M (26)",61-14-29-16-35-38-29-16-38,"https://www.baseball-reference.com/req/2025011210/images/headshots/6/66ef148b_mlbam.jpg"
yastrmi01,"Mike Yastrzemski","Team: Atlanta Braves (majors)","Position: Rightfielder",Bats: Left  •  Throws: Left,"5-10, 180lb (178cm, 81kg)","Born: August 23, 1990 (Age: 36-044d) in Andover, MA us","Debut: May 25, 2019 (Age 28-275d, 21,843rd in major league history)
   vs. ARI 3 AB, 0 H, 0 HR, 0 RBI, 0 SB","2026 Contract Status: Signed thru 2027, 2 yrs/$23M (26-27) & 28 team option",5-18-18,"https://www.baseball-reference.com/req/2025011210/images/headshots/4/46240207_mlbam.jpg"
yelicch01,"Christian Yelich","Team: Milwaukee Brewers (majors)","Position: Leftfielder",Bats: Left  •  Throws: Right,"6-4, 220lb (193cm, 99kg)","Born: December 5, 1991 (Age: 34-305d) in Thousand Oaks, CA us","Debut: July 23, 2013 (Age 21-230d, 20,409th in major league history)
   vs. COL 4 AB, 2 H, 0 HR, 1 RBI, 0 SB","2026 Contract Status: Signed thru 2028, 9 yrs/$215M (20-28) & 29 mutual option",21-22-22,"https://www.baseball-reference.com/req/2025011210/images/headshots/7/76d9fda9_mlbam.jpg"
yorkeni01,"Nick Yorke","Team: Pittsburgh Pirates (minors, 40-man)","Positions: Third Baseman, Second Baseman and Rightfielder",Bats: Right  •  Throws: Right,"5-11, 220lb (180cm, 99kg)","Born: April 2, 2002 (Age: 24-187d) in Newport Beach, CA us","Debut: September 16, 2024 (Age 22-167d, 23,298th in major league history)
   vs. STL 3 AB, 0 H, 0 HR, 0 RBI, 1 SB","2026 Contract Status: Pre-Arb Eligible",38,"https://www.baseball-reference.com/req/2025011210/images/headshots/1/1ee90c73_mlbam.jpg"
yoshima02,"Masataka Yoshida","Team: Boston Red Sox (majors, 10-day IL)","Positions: Designated Hitter and Leftfielder",Bats: Left  •  Throws: Right,"5-8, 192lb (173cm, 87kg)","Born: July 15, 1993 (Age: 33-083d) in Fukui, Japan jp","Debut: March 30, 2023 (Age 29-258d, 22,791st in major league history)
   vs. BAL 4 AB, 2 H, 0 HR, 1 RBI, 0 SB","2026 Contract Status: Signed thru 2027, 5 yrs/$90M (23-27)",7,"https://www.baseball-reference.com/req/2025011210/images/headshots/5/5dbce5bf_mlbam.jpg"
youngco01,"Cole Young","Team: Seattle Mariners (majors)","Positions: Second Baseman and Shortstop",Bats: Left  •  Throws: Right,"5-10, 180lb (178cm, 81kg)","Born: July 29, 2003 (Age: 23-069d) in Pittsburgh, PA us","Debut: May 31, 2025 (Age 21-306d, 23,424th in major league history)
   vs. MIN 4 AB, 1 H, 0 HR, 1 RBI, 0 SB","2026 Contract Status: Pre-Arb Eligible",2,"https://www.baseball-reference.com/req/2025011210/images/headshots/0/0fa3d8c7_mlbam.jpg"
youngja02,"Jared Young","Team: New York Mets (majors, 7-day IL)","Positions: First Baseman and Leftfielder",Bats: Left  •  Throws: Right,"6-2, 200lb (188cm, 90kg)","Born: July 9, 1995 (Age: 31-089d) in Prince George, BC, Canada ca","Debut: September 16, 2022 (Age 27-069d, 22,766th in major league history)
   vs. COL 4 AB, 1 H, 0 HR, 0 RBI, 0 SB","2026 Contract Status: Pre-Arb Eligible",74-18-29,"https://www.baseball-reference.com/req/2025011210/images/headshots/b/bb16b27a_mlbam.jpg"
youngja03,"Jacob Young","Team: Washington Nationals (majors)","Position: Centerfielder",Bats: Right  •  Throws: Right  •  Kicks: Right,"5-11, 192lb (180cm, 87kg)","Born: July 27, 1999 (Age: 27-071d) in Ponte Vedra Beach, FL us","Debut: August 26, 2023 (Age 24-030d, 22,999th in major league history)
   vs. MIA 0 AB, 0 H, 0 HR, 0 RBI, 0 SB","2026 Contract Status: Pre-Arb Eligible",30,"https://www.baseball-reference.com/req/2025011210/images/headshots/8/878c025c_mlbam.jpg"
