player_id,player_name,player_team,position,bats,throws,height,weight,dob,birthplace,debut_date,jersey_numbers,photo_link
abramcj01,CJ Abrams,Washington Nationals,Shortstop  Second Baseman,Left,Right,72,191,2000-10-03,"Alpharetta, GA us",,77-5,https://www.baseball-reference.com/req/2025011210/images/headshots/6/659f674e_mlbam.jpg
abreuwi02,Wilyer Abreu,Boston Red Sox,Rightfielder,Left,Left,70,215,1999-06-24,"Maracaibo, Venezuela ve",2023-08-22,52,https://www.baseball-reference.com/req/2025011210/images/headshots/8/832a7134_mlbam.jpg
acunajo01,Luisangel Acuña,Chicago White Sox,"Shortstop, Second Baseman  Centerfielder",Right,Right,67,181,2002-03-12,"Caracas, Venezuela ve",2024-09-14,2-0,https://www.baseball-reference.com/req/2025011210/images/headshots/a/a36b116c_mlbam.jpg
acunaro01,Ronald Acuña Jr.,Atlanta Braves,Rightfielder,Right,Right,72,205,1997-12-18,"La Guaira, Venezuela ve",2018-04-25,13,https://www.baseball-reference.com/req/2025011210/images/headshots/c/cc15ccfa_mlbam.jpg
adamewi01,Willy Adames,San Francisco Giants,Shortstop,Right,Right,72,216,1995-09-02,"Santiago, Dominican Republic do",2018-05-22,1-27-2,https://www.baseball-reference.com/req/2025011210/images/headshots/c/c774cc57_mlbam.jpg
adelljo01,Jo Adell,Cleveland Guardians,Outfielder,Right,Right,74,215,1999-04-08,"Shelby, NC us",2020-08-04,59-7-7,https://www.baseball-reference.com/req/2025011210/images/headshots/9/98252b93_mlbam.jpg
albieoz01,Ozzie Albies,Atlanta Braves,Second Baseman,Both,Right,67,165,1997-01-07,"Willemstad, Curacao cw",2017-08-01,1-1,https://www.baseball-reference.com/req/2025011210/images/headshots/1/1f8df31a_mlbam.jpg
alcanke01,Kevin Alcántara,Chicago Cubs,Outfielder  Designated Hitter,Right,Right,78,188,2002-07-12,"Santo Domingo, Dominican Republic do",2024-09-25,13,https://www.baseball-reference.com/req/2025011210/images/headshots/4/44e79a46_mlbam.jpg
alexabl01,Blaze Alexander,Baltimore Orioles,"Third Baseman, Second Baseman  Shortstop",Right,Right,71,200,1999-06-11,"Cape Coral, FL us",2024-03-28,9-23,https://www.baseball-reference.com/req/2025011210/images/headshots/1/1cb9035e_mlbam.jpg
alfonel02,Eliezer Alfonzo,Los Angeles Dodgers,Catcher,Both,Right,70,155,1999-09-23,"Barcelona, Venezuela ve",2026-07-05,64,https://www.baseball-reference.com/req/2025011210/images/headshots/3/3284acff_mlbam.jpg
allenni02,Nick Allen,Houston Astros,"Shortstop, Second Baseman  Third Baseman",Right,Right,67,166,1998-10-08,"San Diego, CA us",2022-04-19,2-10-2-20,https://www.baseball-reference.com/req/2025011210/images/headshots/f/f530d51c_mlbam.jpg
alonspe01,Pete Alonso,Baltimore Orioles,First Baseman,Right,Right,75,245,1994-12-07,"Tampa, FL us",2019-03-28,20-25,https://www.baseball-reference.com/req/2025011210/images/headshots/e/e4bd060e_mlbam.jpg
altuvjo01,Jose Altuve,Houston Astros,Second Baseman,Right,Right,66,167,1990-05-06,"Puerto Cabello, Venezuela ve",2011-07-20,27-27,https://www.baseball-reference.com/req/2025011210/images/headshots/f/f0e8fd62_mlbam.jpg
alvarfr01,Francisco Alvarez,New York Mets,Catcher,Right,Right,70,233,2001-11-19,"Guatire, Venezuela ve",2022-09-30,50-4,https://www.baseball-reference.com/req/2025011210/images/headshots/7/7322c14f_mlbam.jpg
alvaryo01,Yordan Alvarez,Houston Astros,Designated Hitter  Leftfielder,Left,Right,76,237,1997-06-27,"Las Tunas, Cuba cu",2019-06-09,44,https://www.baseball-reference.com/req/2025011210/images/headshots/6/6abe077d_mlbam.jpg
amadoad01,Adael Amador,Colorado Rockies,Second Baseman,Both,Right,71,209,2003-04-11,"Santo Domingo, Dominican Republic do",2024-06-09,1,https://www.baseball-reference.com/req/2025011210/images/headshots/9/96b67868_mlbam.jpg
amayami01,Miguel Amaya,Chicago Cubs,Catcher,Right,Right,73,230,1999-03-09,"Chitre, Panama pa",2023-05-04,6-9,https://www.baseball-reference.com/req/2025011210/images/headshots/2/2dd2ecf2_mlbam.jpg
andujmi01,Miguel Andujar,San Diego Padres,"Third Baseman, Leftfielder  Designated Hitter",Right,Right,72,211,1995-03-02,"San Cristobal, Dominican Republic do",2017-06-28,67-41-26-22-38-41,https://www.baseball-reference.com/req/2025011210/images/headshots/1/199bb60b_mlbam.jpg
anthoro01,Roman Anthony,Boston Red Sox,Outfielder  Designated Hitter,Left,Right,75,200,2004-05-13,"West Palm Beach, FL us",2025-06-09,48-19,https://www.baseball-reference.com/req/2025011210/images/headshots/1/19ca305a_mlbam.jpg
antonsa01,Sam Antonacci,Chicago White Sox,Leftfielder  Second Baseman,Left,Right,71,193,2003-02-06,"Springfield, IL us",2026-04-15,17,https://www.baseball-reference.com/req/2025011210/images/headshots/4/41fa00af_mlbam.jpg
arandjo01,Jonathan Aranda,Tampa Bay Rays,First Baseman  Second Baseman,Left,Right,72,215,1998-05-23,"Tijuana, Mexico mx",2022-06-24,62-8,https://www.baseball-reference.com/req/2025011210/images/headshots/c/c24d328e_mlbam.jpg
arciaor01,Orlando Arcia,Cincinnati Reds,Shortstop  Second Baseman,Right,Right,71,187,1994-08-04,"Anaco, Venezuela ve",2016-08-02,3-3-9-11-11-8-11,https://www.baseball-reference.com/req/2025011210/images/headshots/2/2928af2b_mlbam.jpg
arenano01,Nolan Arenado,Arizona Diamondbacks,Third Baseman,Right,Right,74,215,1991-04-16,"Newport Beach, CA us",2013-04-28,28-28-28-28,https://www.baseball-reference.com/req/2025011210/images/headshots/4/4009314f_mlbam.jpg
ariasga01,Gabriel Arias,Chicago Cubs,"Shortstop, Third Baseman  First Baseman",Right,Right,73,217,2000-02-27,"La Victoria, Venezuela ve",2022-04-20,8-13-25-43,https://www.baseball-reference.com/req/2025011210/images/headshots/8/8a8f1711_mlbam.jpg
arozara01,Randy Arozarena,Seattle Mariners,Leftfielder,Right,Right,70,185,1995-02-28,"Mantua, Cuba cu",2019-08-14,66-56-56,https://www.baseball-reference.com/req/2025011210/images/headshots/d/d3eebd0c_mlbam.jpg
arraelu01,Luis Arraez,Philadelphia Phillies,"Second Baseman, First Baseman  Third Baseman",Left,Right,70,186,1997-04-09,"San Felipe, Venezuela ve",2019-05-18,2-3-4-1-4,https://www.baseball-reference.com/req/2025011210/images/headshots/1/136fd76e_mlbam.jpg
arroyed01,Edwin Arroyo,Cincinnati Reds,"Second Baseman, Third Baseman  Shortstop",Both,Right,71,173,2003-08-25,"Arecibo, Puerto Rico pr",2026-06-01,2,https://www.baseball-reference.com/req/2025011210/images/headshots/5/5e9e3630_mlbam.jpg
arroymi01,Michael Arroyo,Seattle Mariners,"Second Baseman, Pinch Hitter  Leftfielder",Right,Right,70,160,2004-11-03,"Cartagena, Colombia co",2026-09-06,96,https://www.baseball-reference.com/req/2025011210/images/headshots/e/e4ab67ba_mlbam.jpg
azocajo01,José Azócar,Atlanta Braves,Outfielder,Right,Right,71,181,1996-05-11,"Guiria, Venezuela ve",2022-04-07,28-28-18-38,https://www.baseball-reference.com/req/2025011210/images/headshots/9/94ed96a5_mlbam.jpg
baderha01,Harrison Bader,San Francisco Giants,Centerfielder,Right,Right,71,219,1994-06-03,"Bronxville, NY us",2017-07-25,48-22-4-44-12-2-9,https://www.baseball-reference.com/req/2025011210/images/headshots/9/99392937_mlbam.jpg
baeji01,Jihwan Bae,Milwaukee Brewers,Centerfielder  Second Baseman,Left,Right,71,185,1999-07-26,"Daegu, South Korea kr",2022-09-23,71-3-0,https://www.baseball-reference.com/req/2025011210/images/headshots/b/bfb49cfd_mlbam.jpg
baezja01,Javier Báez,Detroit Tigers,"Shortstop, Second Baseman  Third Baseman",Right,Right,71,190,1992-12-01,"Bayamon, Puerto Rico pr",2014-08-05,9-23-28,https://www.baseball-reference.com/req/2025011210/images/headshots/c/c8fba9da_mlbam.jpg
baezjo02,Joshua Báez,St. Louis Cardinals,Leftfielder,Right,Right,75,220,2003-06-28,"Boston, MA us",2026-08-15,22,https://www.baseball-reference.com/req/2025011210/images/headshots/f/f4cfa016_mlbam.jpg
bailepa01,Patrick Bailey,Cleveland Guardians,Catcher,Both,Right,72,223,1999-05-29,"Greensboro, NC us",2023-05-19,14-16,https://www.baseball-reference.com/req/2025011210/images/headshots/5/53331867_mlbam.jpg
bakerlu01,Luken Baker,,"Designated Hitter, Pinch Hitter  First Baseman",Right,Right,76,285,1997-03-10,"Houston, TX us",2023-06-04,26-21,https://www.baseball-reference.com/req/2025011210/images/headshots/d/df27aef1_mlbam.jpg
baldwdr01,Drake Baldwin,Atlanta Braves,Catcher  Designated Hitter,Left,Right,72,225,2001-03-28,"Madison, WI us",2025-03-27,30,https://www.baseball-reference.com/req/2025011210/images/headshots/5/58b158bc_mlbam.jpg
ballemo01,Moisés Ballesteros,Los Angeles Angels,"Designated Hitter, Catcher  First Baseman",Left,Right,68,195,2003-11-08,"Los Teques, Venezuela ve",2025-05-13,25-13,https://www.baseball-reference.com/req/2025011210/images/headshots/a/add8e013_mlbam.jpg
bandusc01,Scott Bandura,San Francisco Giants,Outfielder,Left,Right,75,190,2001-08-02,"Philadelphia, PA us",2026-09-13,91,https://www.baseball-reference.com/req/2025011210/images/headshots/d/d2bbd029_milb.jpg
banfiwi01,Will Banfield,Cincinnati Reds,Catcher,Right,Right,72,215,1999-11-18,"Lawrenceville, GA us",2025-08-23,49-60,https://www.baseball-reference.com/req/2025011210/images/headshots/9/99641884_mlbam.jpg
bargead01,Addison Barger,Toronto Blue Jays,Third Baseman  Rightfielder,Left,Right,71,210,1999-11-12,"Bellevue, WA us",2024-04-24,47,https://www.baseball-reference.com/req/2025011210/images/headshots/1/1e5969a9_mlbam.jpg
barrojo01,Jorge Barrosa,Houston Astros,Outfielder,Both,Left,66,175,2001-02-17,"Puerto Cabello, Venezuela ve",2024-04-01,1-14,https://www.baseball-reference.com/req/2025011210/images/headshots/4/45947072_mlbam.jpg
bartjo01,Joey Bart,Chicago White Sox,Catcher,Right,Right,74,242,1996-12-15,"Buford, GA us",2020-08-20,21-60-14-16-25,https://www.baseball-reference.com/req/2025011210/images/headshots/c/c9f82b44_mlbam.jpg
basabos01,Osleivis Basabe,San Francisco Giants,"Second Baseman, Shortstop  Third Baseman",Right,Right,71,197,2000-09-13,"Bobures, Venezuela ve",2023-08-13,37-39,https://www.baseball-reference.com/req/2025011210/images/headshots/7/7c97331e_mlbam.jpg
basalsa01,Samuel Basallo,Baltimore Orioles,"Catcher, Designated Hitter  First Baseman",Left,Right,76,250,2004-08-13,"Santo Domingo, Dominican Republic do",2025-08-17,29,https://www.baseball-reference.com/req/2025011210/images/headshots/d/d87d9daf_mlbam.jpg
batembr01,Brett Bateman,Toronto Blue Jays,Centerfielder,Left,Left,70,170,2002-03-19,St,2026-08-07,21,https://www.baseball-reference.com/req/2025011210/images/headshots/2/266cfaba_mlbam.jpg
batybr01,Brett Baty,New York Mets,"Third Baseman, Second Baseman  Rightfielder",Left,Right,75,210,1999-11-13,"Austin, TX us",2022-08-17,22-7,https://www.baseball-reference.com/req/2025011210/images/headshots/d/de5e1284_mlbam.jpg
bauerja01,Jake Bauers,Milwaukee Brewers,First Baseman  Outfielder,Left,Left,72,216,1995-10-06,"Newport Beach, CA us",2018-06-07,9-10-5-61-9,https://www.baseball-reference.com/req/2025011210/images/headshots/9/9ad51ee7_mlbam.jpg
bazzatr01,Travis Bazzana,Cleveland Guardians,Second Baseman,Left,Right,71,199,2002-08-28,"Hornsby, Australia au",2026-04-28,37,https://www.baseball-reference.com/req/2025011210/images/headshots/8/8435ac1d_mlbam.jpg
beavedy01,Dylan Beavers,Baltimore Orioles,Outfielder,Left,Right,77,220,2001-08-11,"San Luis Obispo, CA us",2025-08-16,12,https://www.baseball-reference.com/req/2025011210/images/headshots/f/f0192a4b_mlbam.jpg
beckjo01,Jordan Beck,Colorado Rockies,Leftfielder,Right,Right,74,227,2001-04-19,"Hazel Green, AL us",2024-04-30,27,https://www.baseball-reference.com/req/2025011210/images/headshots/f/f76957f5_mlbam.jpg
bellico01,Cody Bellinger,New York Yankees,Outfielder  First Baseman,Left,Left,75,204,1995-07-13,"Scottsdale, AZ us",2017-04-25,35-24-35,https://www.baseball-reference.com/req/2025011210/images/headshots/3/32775691_mlbam.jpg
belljo02,Josh Bell,Minnesota Twins,First Baseman  Designated Hitter,Both,Right,75,261,1992-08-14,"Irving, TX us",2016-07-08,55-19-24-55-9-36-56,https://www.baseball-reference.com/req/2025011210/images/headshots/e/e36fd0ee_mlbam.jpg
bengeca01,Carson Benge,New York Mets,Rightfielder,Left,Right,73,184,2003-01-20,"Oklahoma City, OK us",2026-03-26,3,https://www.baseball-reference.com/req/2025011210/images/headshots/9/9aa2645d_mlbam.jpg
beninan01,Andrew Benintendi,Chicago White Sox,Leftfielder,Left,Left,69,185,1994-07-06,"Cincinnati, OH us",2016-08-02,40-16-16-18-23,https://www.baseball-reference.com/req/2025011210/images/headshots/2/2dda886c_mlbam.jpg
bensowi01,Will Benson,Cincinnati Reds,Outfielder,Left,Left,76,230,1998-06-16,"Atlanta, GA us",2022-08-01,29-30,https://www.baseball-reference.com/req/2025011210/images/headshots/b/b8999127_mlbam.jpg
bericvi01,Víctor Bericoto,San Francisco Giants,Outfielder  First Baseman,Right,Right,73,210,2001-12-03,"Maracay, Venezuela ve",2026-05-22,78,https://www.baseball-reference.com/req/2025011210/images/headshots/d/dc057518_mlbam.jpg
bernale01,Leo Bernal,St. Louis Cardinals,Catcher  First Baseman,Both,Right,72,245,2004-02-13,"Panama, Panama pa",2026-09-01,13,https://www.baseball-reference.com/req/2025011210/images/headshots/6/66fa20f6_mlbam.jpg
berrost01,Steward Berroa,Philadelphia Phillies,Outfielder,Both,Right,69,193,1999-06-05,"Santo Domingo, Dominican Republic do",2024-06-23,37-35-39,https://www.baseball-reference.com/req/2025011210/images/headshots/8/8728c5a5_mlbam.jpg
bettsmo01,Mookie Betts,Los Angeles Dodgers,"Rightfielder, Shortstop  Second Baseman",Right,Right,69,180,1992-10-07,"Nashville, TN us",2014-06-29,50-50,https://www.baseball-reference.com/req/2025011210/images/headshots/f/f3a0cc68_mlbam.jpg
bichebo01,Bo Bichette,New York Mets,Shortstop  Third Baseman,Right,Right,71,190,1998-03-05,"Orlando, FL us",2019-07-29,11-19,https://www.baseball-reference.com/req/2025011210/images/headshots/e/e9e70aad_mlbam.jpg
blackty01,Tyler Black,Milwaukee Brewers,"Designated Hitter, First Baseman  Outfielder",Left,Right,72,208,2000-07-26,"Toronto, ON, Canada ca",2024-04-30,7,https://www.baseball-reference.com/req/2025011210/images/headshots/1/18a71616_mlbam.jpg
bledajj01,JJ Bleday,Cincinnati Reds,Outfielder,Left,Left,74,205,1997-11-10,"Danville, PA us",2022-07-23,67-33-22,https://www.baseball-reference.com/req/2025011210/images/headshots/c/c2f7e2c5_mlbam.jpg
blissry01,Ryan Bliss,Seattle Mariners,Second Baseman,Right,Right,67,165,1999-12-13,"Burbank, CA us",2024-05-27,1,https://www.baseball-reference.com/req/2025011210/images/headshots/6/675b5800_mlbam.jpg
bogaexa01,Xander Bogaerts,San Diego Padres,Shortstop  Second Baseman,Right,Right,74,218,1992-10-01,"Oranjestad, Aruba aw",2013-08-20,72-2-2,https://www.baseball-reference.com/req/2025011210/images/headshots/d/dc06acdb_mlbam.jpg
bohmal01,Alec Bohm,Philadelphia Phillies,Third Baseman  First Baseman,Right,Right,76,218,1996-08-03,"Omaha, NE us",2020-08-13,28,https://www.baseball-reference.com/req/2025011210/images/headshots/9/99837e34_mlbam.jpg
boltehe01,Henry Bolte,Athletics,Centerfielder,Right,Right,75,195,2003-08-04,"San Francisco, CA us",2026-05-13,33,https://www.baseball-reference.com/req/2025011210/images/headshots/2/21bbc54b_mlbam.jpg
bowenja01,Jase Bowen,San Diego Padres,Outfielder,Right,Right,72,215,2000-09-02,"Northwood, OH us",2026-06-02,4,https://www.baseball-reference.com/req/2025011210/images/headshots/8/8b9fa3b6_mlbam.jpg
brannja01,Jack Brannigan,Pittsburgh Pirates,Third Baseman  Pinch Hitter,Right,Right,72,201,2001-03-11,"Chicago, IL us",2026-07-07,76,https://www.baseball-reference.com/req/2025011210/images/headshots/8/8eac3bb5_mlbam.jpg
bregmal01,Alex Bregman,Chicago Cubs,Third Baseman  Shortstop,Right,Right,70,190,1994-03-30,"Albuquerque, NM us",2016-07-25,2-2-3,https://www.baseball-reference.com/req/2025011210/images/headshots/e/e8c871b0_mlbam.jpg
brennwi02,Will Brennan,San Francisco Giants,Rightfielder,Left,Left,71,205,1998-02-02,"Colorado Springs, CO us",2022-09-21,63-17-7,https://www.baseball-reference.com/req/2025011210/images/headshots/a/af9b4c1b_mlbam.jpg
bridejo01,Jonah Bride,Texas Rangers,"Third Baseman, First Baseman  Second Baseman",Right,Right,71,200,1995-12-27,"Milwaukee, WI us",2022-06-14,77-26-41-31-37,https://www.baseball-reference.com/req/2025011210/images/headshots/9/9b9869ec_mlbam.jpg
britoju02,Juan Brito,Cincinnati Reds,"Second Baseman, Third Baseman  Rightfielder",Both,Right,72,202,2001-09-24,"Santo Domingo, Dominican Republic do",2026-04-07,34-46,https://www.baseball-reference.com/req/2025011210/images/headshots/9/9a0c9c7f_mlbam.jpg
brujavi01,Vidal Bruján,New York Mets,"Second Baseman, Outfielder  Shortstop",Both,Right,69,180,1998-02-09,"San Pedro de Macoris, Dominican Republic do",2021-07-07,7-17-17-40-17-2,https://www.baseball-reference.com/req/2025011210/images/headshots/c/c218f6ec_mlbam.jpg
burgeja01,Jake Burger,Texas Rangers,First Baseman  Third Baseman,Right,Right,72,230,1996-04-10,St,2021-07-02,30-36-21,https://www.baseball-reference.com/req/2025011210/images/headshots/b/be40fa49_mlbam.jpg
burleal01,Alec Burleson,St. Louis Cardinals,First Baseman  Outfielder,Left,Left,72,225,1998-11-25,"Charlotte, NC us",2022-09-08,41,https://www.baseball-reference.com/req/2025011210/images/headshots/a/a761c954_mlbam.jpg
buschmi02,Michael Busch,Chicago Cubs,First Baseman,Left,Right,71,210,1997-11-09,"Inver Grove Heights, MN us",2023-04-25,83-29,https://www.baseball-reference.com/req/2025011210/images/headshots/c/cb50fef1_mlbam.jpg
butlela01,Lawrence Butler,Athletics,Rightfielder,Left,Right,75,210,2000-07-10,"Burlington, NJ us",2023-08-11,22-4,https://www.baseball-reference.com/req/2025011210/images/headshots/8/8b67bdca_mlbam.jpg
buxtoby01,Byron Buxton,Minnesota Twins,Centerfielder,Right,Right,73,190,1993-12-18,"Baxley, GA us",2015-06-14,25,https://www.baseball-reference.com/req/2025011210/images/headshots/4/4b6d5f1d_mlbam.jpg
cabaljo01,José Caballero,New York Yankees,"Shortstop, Second Baseman  Third Baseman",Right,Right,69,190,1996-08-30,"Las Tablas, Panama pa",2023-04-15,76-7-77-72,https://www.baseball-reference.com/req/2025011210/images/headshots/4/48149e83_mlbam.jpg
cabreos01,Oswaldo Cabrera,Cincinnati Reds,"Outfielder, Third Baseman  Second Baseman",Both,Right,72,200,1999-03-01,"Guarenas, Venezuela ve",2022-08-17,95-16,https://www.baseball-reference.com/req/2025011210/images/headshots/0/038fc554_mlbam.jpg
caglija01,Jac Caglianone,Kansas City Royals,Rightfielder  First Baseman,Left,Left,76,250,2003-02-09,"Tampa, FL us",2025-06-03,14,https://www.baseball-reference.com/req/2025011210/images/headshots/d/d69acf22_mlbam.jpg
caissow01,Owen Caissie,Miami Marlins,Rightfielder,Left,Right,76,190,2002-07-08,"Burlington, ON, Canada ca",2025-08-14,19-17,https://www.baseball-reference.com/req/2025011210/images/headshots/9/9607e458_mlbam.jpg
callabr01,Brett Callahan,Detroit Tigers,Leftfielder  Pinch Hitter,Left,Right,72,195,2001-11-02,"Newark, DE us",2026-08-16,34,https://www.baseball-reference.com/req/2025011210/images/headshots/5/58125c07_milb.jpg
callal02,Alex Call,Los Angeles Dodgers,Outfielder,Right,Right,71,189,1994-09-27,"Burnsville, MN us",2022-07-11,65-62-17-12,https://www.baseball-reference.com/req/2025011210/images/headshots/e/eddce7a8_mlbam.jpg
callity01,Tyler Callihan,Pittsburgh Pirates,"Outfielder, First Baseman  Second Baseman",Left,Right,71,205,2000-06-22,"Jacksonville, FL us",2025-04-30,32-37,https://www.baseball-reference.com/req/2025011210/images/headshots/c/cea82fcb_mlbam.jpg
camarja01,Jair Camargo,Atlanta Braves,"Catcher, Designated Hitter  Pinch Hitter",Right,Right,70,230,1999-07-01,"Barranquilla, Colombia co",2024-04-16,85-78,https://www.baseball-reference.com/req/2025011210/images/headshots/a/a5afeb0a_mlbam.jpg
camerda01,Daz Cameron,Toronto Blue Jays,Outfielder,Right,Right,72,185,1997-01-15,"McDonough, GA us",2020-09-09,41-28-20-23,https://www.baseball-reference.com/req/2025011210/images/headshots/d/de4d33e2_mlbam.jpg
caminju01,Junior Caminero,Tampa Bay Rays,Third Baseman,Right,Right,73,220,2003-07-05,"Santo Domingo, Dominican Republic do",2023-09-23,1-13,https://www.baseball-reference.com/req/2025011210/images/headshots/9/9f9f21fa_mlbam.jpg
campegu01,Gustavo Campero,Los Angeles Angels,Rightfielder,Both,Right,66,183,1997-09-20,"Lorica, Colombia co",2024-09-15,51,https://www.baseball-reference.com/req/2025011210/images/headshots/0/02fae0ae_mlbam.jpg
campulu01,Luis Campusano,San Diego Padres,Catcher,Right,Right,70,232,1998-09-29,"Augusta, GA us",2020-09-04,21-12,https://www.baseball-reference.com/req/2025011210/images/headshots/e/e6d1d015_mlbam.jpg
candeje01,Jeimer Candelario,Los Angeles Angels,Third Baseman  First Baseman,Both,Right,73,222,1993-11-24,"New York, NY us",2016-07-03,7-46-9-9-3-46,https://www.baseball-reference.com/req/2025011210/images/headshots/b/bac9465f_mlbam.jpg
canzodo01,Dominic Canzone,Seattle Mariners,Rightfielder  Designated Hitter,Left,Right,72,190,1997-08-16,"Cleveland, OH us",2023-07-08,6-8,https://www.baseball-reference.com/req/2025011210/images/headshots/1/1b9052f7_mlbam.jpg
caratvi01,Victor Caratini,Minnesota Twins,Catcher  First Baseman,Both,Right,72,225,1993-08-17,"Ponce, Puerto Rico pr",2017-06-28,20-7-17-7-17-37,https://www.baseball-reference.com/req/2025011210/images/headshots/1/1b443135_mlbam.jpg
carlsdy01,Dylan Carlson,,Outfielder,Both,Left,73,200,1998-10-23,"Elk Grove, CA us",2020-08-15,3-10-15-5,https://www.baseball-reference.com/req/2025011210/images/headshots/1/12bb2b45_mlbam.jpg
carpeke01,Kerry Carpenter,Detroit Tigers,Rightfielder  Designated Hitter,Left,Right,73,220,1997-09-02,"Eustis, FL us",2022-08-10,48-30,https://www.baseball-reference.com/req/2025011210/images/headshots/d/dcfb7ca5_mlbam.jpg
carrico01,Cole Carrigg,Colorado Rockies,Centerfielder  Shortstop,Both,Right,74,204,2002-05-08,"Modesto, CA us",2026-06-09,16,https://www.baseball-reference.com/req/2025011210/images/headshots/2/292c46b3_mlbam.jpg
carroco02,Corbin Carroll,Arizona Diamondbacks,Outfielder,Left,Left,70,180,2000-08-21,"Seattle, WA us",2022-08-29,7-7,https://www.baseball-reference.com/req/2025011210/images/headshots/f/fcad53a8_mlbam.jpg
carteev01,Evan Carter,Texas Rangers,Centerfielder,Left,Right,74,190,2002-08-29,"Elizabethton, TN us",2023-09-08,32,https://www.baseball-reference.com/req/2025011210/images/headshots/6/6d141f51_mlbam.jpg
casteni01,Nick Castellanos,,Rightfielder  Third Baseman,Right,Right,75,203,1992-03-04,"Hialeah, FL us",2013-09-01,30-9-6-2-8-21,https://www.baseball-reference.com/req/2025011210/images/headshots/5/5359c0df_mlbam.jpg
castrwi01,Willi Castro,Colorado Rockies,"Outfielder, Second Baseman  Shortstop",Both,Right,72,209,1997-04-24,"Rio Piedras, Puerto Rico pr",2019-08-24,49-9-50-1-3,https://www.baseball-reference.com/req/2025011210/images/headshots/7/787b2ac6_mlbam.jpg
cauleca01,Cam Cauley,Texas Rangers,"Centerfielder, Second Baseman  Pinch Hitter",Right,Right,69,170,2003-02-06,"Houston, TX us",2026-06-29,27,https://www.baseball-reference.com/req/2025011210/images/headshots/2/2560b901_mlbam.jpg
cavandr01,Drew Cavanaugh,San Francisco Giants,Catcher  Pinch Hitter,Left,Right,72,219,2002-01-27,"Troy, MI us",2026-06-26,61,https://www.baseball-reference.com/req/2025011210/images/headshots/4/49f2f611_milb.jpg
chapaan01,Andrés Chaparro,Washington Nationals,"First Baseman, Designated Hitter  Third Baseman",Right,Right,72,200,1999-05-04,"El Vigia, Venezuela ve",2024-08-13,19-87,https://www.baseball-reference.com/req/2025011210/images/headshots/8/84c91f94_mlbam.jpg
chapmma01,Matt Chapman,San Francisco Giants,Third Baseman,Right,Right,73,220,1993-04-28,"Victorville, CA us",2017-06-15,26-26-26,https://www.baseball-reference.com/req/2025011210/images/headshots/f/f4e771ca_mlbam.jpg
chengts01,Tsung-Che Cheng,Boston Red Sox,Shortstop  Second Baseman,Left,Right,68,180,2001-07-26,"Pingtung County, Taiwan tw",2025-04-09,71-39,https://www.baseball-reference.com/req/2025011210/images/headshots/7/74af585d_mlbam.jpg
chishja01,Jazz Chisholm Jr.,New York Yankees,"Second Baseman, Centerfielder  Third Baseman",Left,Right,71,184,1998-02-01,"Nassau, Bahamas bs",2020-09-01,70-2-13,https://www.baseball-reference.com/req/2025011210/images/headshots/f/f265b378_mlbam.jpg
chourja01,Jackson Chourio,Milwaukee Brewers,Outfielder,Right,Right,73,199,2004-03-11,"Maracaibo, Venezuela ve",2024-03-29,11,https://www.baseball-reference.com/req/2025011210/images/headshots/0/02eaeca3_mlbam.jpg
churcna01,Nathan Church,St. Louis Cardinals,Centerfielder,Left,Left,70,180,2000-07-12,"Newport Beach, CA us",2025-08-17,27,https://www.baseball-reference.com/req/2025011210/images/headshots/9/9754ea1e_mlbam.jpg
clarkde02,Denzel Clarke,Athletics,Centerfielder,Right,Right,75,220,2000-05-01,"Toronto, ON, Canada ca",2025-05-23,1,https://www.baseball-reference.com/req/2025011210/images/headshots/1/1d670239_mlbam.jpg
clarkma04,Max Clark,Detroit Tigers,Centerfielder,Left,Left,71,205,2004-12-21,"Franklin, IN us",2026-07-31,15,https://www.baseball-reference.com/req/2025011210/images/headshots/9/91b962d9_mlbam.jpg
clasejo01,Jonatan Clase,Toronto Blue Jays,Leftfielder,Both,Right,70,150,2002-05-23,"Santo Domingo, Dominican Republic do",2024-04-15,5-8,https://www.baseball-reference.com/req/2025011210/images/headshots/9/993b4079_mlbam.jpg
clemeer01,Ernie Clement,Toronto Blue Jays,"Third Baseman, Second Baseman  Shortstop",Right,Right,72,170,1996-03-22,"Rochester, NY us",2021-06-13,28-44-28-22,https://www.baseball-reference.com/req/2025011210/images/headshots/5/5b59d4fe_mlbam.jpg
clemeko01,Kody Clemens,Minnesota Twins,"First Baseman, Second Baseman  Outfielder",Left,Right,72,200,1996-05-15,"Hornell, TX us",2022-05-31,21-23-2-18-2,https://www.baseball-reference.com/req/2025011210/images/headshots/e/ee1209bb_mlbam.jpg
coleza01,Zach Cole,Houston Astros,Outfielder,Left,Right,74,190,2000-08-04,"Springfield, MO us",2025-09-12,16,https://www.baseball-reference.com/req/2025011210/images/headshots/3/36efe8ce_mlbam.jpg
colliis01,Isaac Collins,Kansas City Royals,Leftfielder,Both,Right,68,188,1997-07-22,"Maple Grove, MN us",2024-09-08,6-1,https://www.baseball-reference.com/req/2025011210/images/headshots/8/8d356f58_mlbam.jpg
confomi01,Michael Conforto,Chicago Cubs,Outfielder,Left,Right,71,215,1993-03-01,"Seattle, WA us",2015-07-24,30-8-23-20,https://www.baseball-reference.com/req/2025011210/images/headshots/8/8b2cf761_mlbam.jpg
coningr01,Griffin Conine,Miami Marlins,Outfielder  First Baseman,Left,Right,73,210,1997-07-11,"Plantation, FL us",2024-08-26,56-18,https://www.baseball-reference.com/req/2025011210/images/headshots/c/c1bb1c86_mlbam.jpg
contrwi01,Willson Contreras,Boston Red Sox,Catcher  First Baseman,Right,Right,72,240,1992-05-13,"Puerto Cabello, Venezuela ve",2016-06-17,40-40-40,https://www.baseball-reference.com/req/2025011210/images/headshots/1/1c0afc90_mlbam.jpg
contrwi02,William Contreras,Milwaukee Brewers,Catcher,Right,Right,70,217,1997-12-24,"Puerto Cabello, Venezuela ve",2020-07-24,60-24-24,https://www.baseball-reference.com/req/2025011210/images/headshots/3/3c07bbc0_mlbam.jpg
cookbi01,Billy Cook,Pittsburgh Pirates,"Outfielder, Pinch Runner  First Baseman",Right,Right,72,204,1999-01-07,"Layton, UT us",2024-09-08,28-25,https://www.baseball-reference.com/req/2025011210/images/headshots/b/bd2173ed_mlbam.jpg
correca01,Carlos Correa,Houston Astros,Shortstop  Third Baseman,Right,Right,75,220,1994-09-22,"Ponce, Puerto Rico pr",2015-06-08,1-4,https://www.baseball-reference.com/req/2025011210/images/headshots/3/33687c9b_mlbam.jpg
corteca01,Carlos Cortes,Athletics,"Outfielder, Pinch Hitter  Pitcher",Left,Both,67,197,1997-06-30,"Orlando, FL us",2025-07-23,26,https://www.baseball-reference.com/req/2025011210/images/headshots/8/874b7de4_mlbam.jpg
cowseco01,Colton Cowser,Baltimore Orioles,Outfielder,Left,Right,75,220,2000-03-20,"Houston, TX us",2023-07-05,17,https://www.baseball-reference.com/req/2025011210/images/headshots/4/43222d46_mlbam.jpg
coxjo01,Jonah Cox,San Francisco Giants,Centerfielder  Second Baseman,Right,Right,74,204,2001-08-04,"Louisville, CO us",2026-05-31,53,https://www.baseball-reference.com/req/2025011210/images/headshots/b/bd8f1804_milb.jpg
crawfjp01,J.P. Crawford,Seattle Mariners,Shortstop  Third Baseman,Left,Right,72,202,1995-01-11,"Long Beach, CA us",2017-09-05,2-3,https://www.baseball-reference.com/req/2025011210/images/headshots/7/7b8bd81f_mlbam.jpg
crawfju01,Justin Crawford,Philadelphia Phillies,Centerfielder,Left,Right,74,188,2004-01-13,"Phoenix, AZ us",2026-03-26,2,https://www.baseball-reference.com/req/2025011210/images/headshots/7/74b1cdf1_mlbam.jpg
crewsdy01,Dylan Crews,Washington Nationals,Rightfielder,Right,Right,71,203,2002-02-26,"Altamonte Springs, FL us",2024-08-26,3,https://www.baseball-reference.com/req/2025011210/images/headshots/e/e8399c58_mlbam.jpg
croneja01,Jake Cronenworth,San Diego Padres,"Second Baseman, First Baseman  Shortstop",Left,Right,71,187,1994-01-21,St,2020-07-26,9,https://www.baseball-reference.com/req/2025011210/images/headshots/2/2065b967_mlbam.jpg
crookji01,Jimmy Crooks,St. Louis Cardinals,Catcher,Left,Right,72,230,2001-07-19,"Euless, TX us",2025-08-29,8,https://www.baseball-reference.com/req/2025011210/images/headshots/d/dfe67415_mlbam.jpg
crowape01,Pete Crow-Armstrong,Chicago Cubs,Centerfielder,Left,Left,72,184,2002-03-25,"Sherman Oaks, CA us",2023-09-11,52-4,https://www.baseball-reference.com/req/2025011210/images/headshots/a/a260dfaa_mlbam.jpg
cruzon01,Oneil Cruz,Pittsburgh Pirates,Centerfielder  Shortstop,Left,Right,79,248,1998-10-04,"Nizao, Dominican Republic do",2021-10-02,61-15,https://www.baseball-reference.com/req/2025011210/images/headshots/1/13170be8_mlbam.jpg
cruztr01,Trei Cruz,Detroit Tigers,Outfielder,Both,Right,72,204,1998-07-05,"Toronto, ON, Canada ca",2026-06-19,40,https://www.baseball-reference.com/req/2025011210/images/headshots/8/86b1e4fb_mlbam.jpg
culpeka01,Kaelen Culpepper,Minnesota Twins,Shortstop,Right,Right,70,185,2002-12-29,"Memphis, TN us",2026-08-07,12,https://www.baseball-reference.com/req/2025011210/images/headshots/f/f0ad7579_mlbam.jpg
darnatr01,Travis d'Arnaud,Los Angeles Angels,Catcher,Right,Right,72,210,1989-02-10,"Long Beach, CA us",2013-08-17,15-7-18-72-37-16-25,https://www.baseball-reference.com/req/2025011210/images/headshots/2/2a658101_mlbam.jpg
davidbo02,Bo Davidson,San Francisco Giants,Rightfielder,Left,Right,73,225,2002-07-05,"Charlotte, NC us",2026-09-21,94,https://www.baseball-reference.com/req/2025011210/images/headshots/9/9649293d_mlbam.jpg
davishe01,Henry Davis,Pittsburgh Pirates,Catcher  Rightfielder,Right,Right,71,225,1999-09-21,"Bedford, NY us",2023-06-19,32,https://www.baseball-reference.com/req/2025011210/images/headshots/4/4efd1ad8_mlbam.jpg
deanju01,Justin Dean,Chicago Cubs,Centerfielder,Right,Right,68,185,1996-12-06,"Mauldin, SC us",2025-08-08,75-1,https://www.baseball-reference.com/req/2025011210/images/headshots/7/7f9c1810_mlbam.jpg
delacbr01,Bryan De La Cruz,Philadelphia Phillies,Outfielder,Right,Right,72,175,1996-12-16,"Santo Domingo Este, Dominican Republic do",2021-07-31,77-14-41-14-41,https://www.baseball-reference.com/req/2025011210/images/headshots/8/8bdd1450_mlbam.jpg
delacel01,Elly De La Cruz,Cincinnati Reds,Shortstop  Third Baseman,Both,Right,78,200,2002-01-11,"Sabana Grande de Boya, Dominican Republic do",2023-06-06,44,https://www.baseball-reference.com/req/2025011210/images/headshots/f/f0540df0_mlbam.jpg
delauch01,Chase DeLauter,Cleveland Guardians,Rightfielder  Designated Hitter,Left,Left,75,235,2001-10-08,"Frederick, MD us",2025-10-01,24,https://www.baseball-reference.com/req/2025011210/images/headshots/5/5a9b12f9_mlbam.jpg
delcaad01,Adrian Del Castillo,Arizona Diamondbacks,Designated Hitter  Catcher,Left,Right,69,205,1999-09-27,"Miami, FL us",2024-08-07,25,https://www.baseball-reference.com/req/2025011210/images/headshots/c/c4a87aea_mlbam.jpg
delgara02,Ray Delgado,Houston Astros,"Second Baseman, Third Baseman  Shortstop",Left,Right,72,210,2000-04-04,"La Habana, Cuba cu",2026-06-14,29,https://www.baseball-reference.com/req/2025011210/images/headshots/4/46a4257c_mlbam.jpg
delosde01,Deyvison De Los Santos,Miami Marlins,First Baseman,Right,Right,73,185,2003-06-21,"Santo Domingo, Dominican Republic do",2026-03-29,63,https://www.baseball-reference.com/req/2025011210/images/headshots/4/482c4aa8_mlbam.jpg
delucjo01,Jonny DeLuca,Tampa Bay Rays,Outfielder,Right,Right,70,195,1998-07-10,"Thousand Oaks, CA us",2023-06-07,89-21,https://www.baseball-reference.com/req/2025011210/images/headshots/5/554b8710_mlbam.jpg
depaujo03,Josue De Paula,Los Angeles Dodgers,Designated Hitter  Leftfielder,Left,Left,75,185,2005-05-24,"Brooklyn, NY us",2026-09-11,95,https://www.baseball-reference.com/req/2025011210/images/headshots/1/169b7270_mlbam.jpg
deverra01,Rafael Devers,San Francisco Giants,Third Baseman  First Baseman,Left,Right,72,235,1996-10-24,"Sanchez, Dominican Republic do",2017-07-25,11-16,https://www.baseball-reference.com/req/2025011210/images/headshots/9/910d1ca4_mlbam.jpg
dezenza01,Zach Dezenzo,Houston Astros,Leftfielder  First Baseman,Right,Right,77,220,2000-05-11,"Canton, OH us",2024-08-06,9,https://www.baseball-reference.com/req/2025011210/images/headshots/0/08d4ea7d_mlbam.jpg
diazel01,Elias Díaz,Texas Rangers,Catcher,Right,Right,73,223,1990-11-17,"Maracaibo, Venezuela ve",2015-09-12,66-32-35-15-17-43-35,https://www.baseball-reference.com/req/2025011210/images/headshots/b/b7cafdff_mlbam.jpg
diazya01,Yandy Díaz,Tampa Bay Rays,"First Baseman, Designated Hitter  Third Baseman",Right,Right,72,235,1991-08-08,"Sagua la Grande, Cuba cu",2017-04-03,36-2,https://www.baseball-reference.com/req/2025011210/images/headshots/6/64dfeef1_mlbam.jpg
diazya02,Yainer Diaz,Houston Astros,Catcher  First Baseman,Right,Right,71,195,1998-09-21,"Azua, Dominican Republic do",2022-09-02,63-21,https://www.baseball-reference.com/req/2025011210/images/headshots/6/6cdb363e_mlbam.jpg
dingldi01,Dillon Dingler,Detroit Tigers,Catcher,Right,Right,73,210,1998-09-17,"Massillon, OH us",2024-07-29,38-13,https://www.baseball-reference.com/req/2025011210/images/headshots/8/8e550d12_mlbam.jpg
dominja01,Jasson Domínguez,New York Yankees,Outfielder,Both,Right,69,218,2003-02-07,"Esperanza, Dominican Republic do",2023-09-01,89-24,https://www.baseball-reference.com/req/2025011210/images/headshots/8/812c9b21_mlbam.jpg
donovbr01,Brendan Donovan,Seattle Mariners,"Second Baseman, Leftfielder  Third Baseman",Left,Right,71,210,1997-01-16,"Wurzburg, Germany de",2022-04-25,33-33,https://www.baseball-reference.com/req/2025011210/images/headshots/f/fe5b3f72_mlbam.jpg
doylebr02,Brenton Doyle,Chicago White Sox,Centerfielder,Right,Right,75,223,1998-05-14,"Warrenton, VA us",2023-04-24,9-7,https://www.baseball-reference.com/req/2025011210/images/headshots/6/60e5ec60_mlbam.jpg
dubonma01,Mauricio Dubón,Atlanta Braves,"Outfielder, Second Baseman  Shortstop",Right,Right,71,173,1994-07-19,"San Pedro Sula, Honduras hn",2019-07-07,2-19-1-14-14,https://www.baseball-reference.com/req/2025011210/images/headshots/d/db8c395e_mlbam.jpg
dunnbl01,Blake Dunn,Cincinnati Reds,Outfielder,Right,Right,69,210,1998-09-05,"Holland, MI us",2024-06-04,76-59,https://www.baseball-reference.com/req/2025011210/images/headshots/9/96d6b784_mlbam.jpg
dunnol01,Oliver Dunn,Tampa Bay Rays,"Third Baseman, Pinch Hitter  Shortstop",Left,Right,70,207,1997-09-02,"Salt Lake City, UT us",2024-03-30,15-35,https://www.baseball-reference.com/req/2025011210/images/headshots/f/f3cebb9b_mlbam.jpg
duranez01,Ezequiel Durán,Texas Rangers,"Third Baseman, Shortstop  Outfielder",Right,Right,70,185,1999-05-22,"San Juan de la Maguana, Dominican Republic do",2022-06-04,70-20,https://www.baseball-reference.com/req/2025011210/images/headshots/f/f5cbb98c_mlbam.jpg
duranja01,Jarren Duran,Boston Red Sox,Outfielder,Left,Right,72,205,1996-09-05,"Corona, CA us",2021-07-17,40-16,https://www.baseball-reference.com/req/2025011210/images/headshots/9/905f884b_mlbam.jpg
duranro02,Rodolfo Durán,San Diego Padres,Catcher  Pitcher,Right,Right,68,181,1998-02-19,"Santo Domingo, Dominican Republic do",2026-05-07,48,https://www.baseball-reference.com/req/2025011210/images/headshots/4/42e88d1a_mlbam.jpg
durbica01,Caleb Durbin,Boston Red Sox,Third Baseman,Right,Right,66,183,2000-02-22,"Lake Forest, IL us",2025-04-18,21-5,https://www.baseball-reference.com/req/2025011210/images/headshots/0/013b6998_mlbam.jpg
eatonna01,Nate Eaton,Boston Red Sox,Outfielder  Third Baseman,Right,Right,71,200,1996-12-22,"Chester, VA us",2022-07-14,18-40-18,https://www.baseball-reference.com/req/2025011210/images/headshots/c/cdc66823_mlbam.jpg
edmanto01,Tommy Edman,Los Angeles Dodgers,"Second Baseman, Outfielder  Shortstop",Both,Right,70,193,1995-05-09,"Pontiac, MI us",2019-06-08,19-25,https://www.baseball-reference.com/req/2025011210/images/headshots/0/003ca28d_mlbam.jpg
edwarxa01,Xavier Edwards,Miami Marlins,Second Baseman  Shortstop,Both,Right,69,175,1999-08-09,"Mineola, NY us",2023-05-02,63-9,https://www.baseball-reference.com/req/2025011210/images/headshots/4/4b81dfc2_mlbam.jpg
eldribr01,Bryce Eldridge,San Francisco Giants,Designated Hitter  First Baseman,Left,Right,79,251,2004-10-20,"Fairfax, VA us",2025-09-15,78-8,https://www.baseball-reference.com/req/2025011210/images/headshots/5/537cb609_mlbam.jpg
emersco01,Colt Emerson,Seattle Mariners,Shortstop  Third Baseman,Left,Right,72,195,2005-07-20,"Zanesville, OH us",2026-05-17,4,https://www.baseball-reference.com/req/2025011210/images/headshots/7/71b38c87_mlbam.jpg
encarch01,Christian Encarnacion-Strand,Baltimore Orioles,First Baseman  Third Baseman,Right,Right,73,224,1999-12-01,"Walnut Creek, CA us",2023-07-17,33-32,https://www.baseball-reference.com/req/2025011210/images/headshots/d/d2f1be6f_mlbam.jpg
encarje01,Jerar Encarnacion,,Rightfielder  First Baseman,Right,Right,76,265,1997-10-22,"Bayaguana, Dominican Republic do",2022-06-19,64-59-19,https://www.baseball-reference.com/req/2025011210/images/headshots/6/605248a6_mlbam.jpg
escarjc01,J.C. Escarra,New York Yankees,Catcher  First Baseman,Left,Right,74,220,1995-04-24,"Hialeah, FL us",2025-03-29,25,https://www.baseball-reference.com/req/2025011210/images/headshots/2/299d07eb_mlbam.jpg
espinsa01,Santiago Espinal,Arizona Diamondbacks,"Third Baseman, Second Baseman  Shortstop",Right,Right,69,185,1994-11-13,"Santiago, Dominican Republic do",2020-07-25,5-4-21,https://www.baseball-reference.com/req/2025011210/images/headshots/9/941d607b_mlbam.jpg
ewingaj01,A.J. Ewing,New York Mets,Centerfielder,Left,Right,70,160,2004-08-10,"Kettering, OH us",2026-05-12,9,https://www.baseball-reference.com/req/2025011210/images/headshots/2/22839689_mlbam.jpg
faircst01,Stuart Fairchild,Seattle Mariners,Outfielder,Right,Right,71,205,1996-03-17,"Seattle, WA us",2021-07-06,63-30-61-57-17-17-17-17,https://www.baseball-reference.com/req/2025011210/images/headshots/0/093c85ce_mlbam.jpg
farmeky01,Kyle Farmer,Atlanta Braves,"Shortstop, Second Baseman  Third Baseman",Right,Right,71,205,1990-08-17,"Atlanta, GA us",2017-07-30,65-17-52-17-12-6-15,https://www.baseball-reference.com/req/2025011210/images/headshots/b/bd8e6213_mlbam.jpg
fedkoky01,Kyler Fedko,Pittsburgh Pirates,Outfielder  Pinch Runner,Right,Right,72,215,1999-09-21,"Gibsonia, PA us",2026-06-15,51,https://www.baseball-reference.com/req/2025011210/images/headshots/d/d9bbc412_mlbam.jpg
feduchu01,Hunter Feduccia,Los Angeles Dodgers,Catcher,Left,Right,73,215,1997-06-05,"Lake Charles, LA us",2024-07-31,67-30-9-46,https://www.baseball-reference.com/req/2025011210/images/headshots/4/482239f5_mlbam.jpg
fermifr01,Freddy Fermin,San Diego Padres,Catcher,Right,Right,70,200,1995-05-16,"Puerto Ordaz, Venezuela ve",2022-07-15,78-34-54,https://www.baseball-reference.com/req/2025011210/images/headshots/5/5a0d3e4c_mlbam.jpg
fermijo01,José Fermín,St. Louis Cardinals,"Leftfielder, Pinch Hitter  Third Baseman",Right,Right,70,198,1999-03-29,"Puerto Plata, Dominican Republic do",2023-07-07,35-15,https://www.baseball-reference.com/req/2025011210/images/headshots/c/ccc4081f_mlbam.jpg
fernajo06,José Fernández,Arizona Diamondbacks,"Designated Hitter, Third Baseman  First Baseman",Right,Right,75,215,2003-09-22,"Cumana, Venezuela ve",2026-03-31,11,https://www.baseball-reference.com/req/2025011210/images/headshots/9/9c41ccad_mlbam.jpg
florera03,Rafael Flores,Pittsburgh Pirates,Catcher  First Baseman,Right,Right,75,232,2000-11-07,"Anaheim, CA us",2025-09-17,43,https://www.baseball-reference.com/req/2025011210/images/headshots/4/4adf790e_mlbam.jpg
fordha01,Harry Ford,Washington Nationals,Catcher,Right,Right,70,200,2003-02-21,"Atlanta, GA us",2025-09-05,5-17,https://www.baseball-reference.com/req/2025011210/images/headshots/0/026acf79_mlbam.jpg
forteni01,Nick Fortes,Tampa Bay Rays,Catcher,Right,Right,71,198,1996-11-11,"Miami, FL us",2021-09-18,84-54-4-40,https://www.baseball-reference.com/req/2025011210/images/headshots/3/3e8525b0_mlbam.jpg
foscuju01,Justin Foscue,Texas Rangers,"Second Baseman, Pinch Hitter  Designated Hitter",Right,Right,71,205,1999-03-02,"Huntsville, AL us",2024-04-05,56-14,https://www.baseball-reference.com/req/2025011210/images/headshots/2/2a3e6de6_mlbam.jpg
fraleja01,Jake Fraley,,Outfielder,Left,Left,71,206,1995-05-25,"Frederick, MD us",2019-08-21,8-28-27-16-17,https://www.baseball-reference.com/req/2025011210/images/headshots/f/f6b8919a_mlbam.jpg
francty01,Ty France,San Diego Padres,"First Baseman, Third Baseman  Second Baseman",Right,Right,70,215,1994-07-13,"Downey, CA us",2019-04-26,11-11-23-2-13-2-25,https://www.baseball-reference.com/req/2025011210/images/headshots/5/55dca75f_mlbam.jpg
frankch02,Christian Franklin,Baltimore Orioles,Outfielder,Right,Right,69,195,1999-11-30,"Overland Park, KS us",2026-08-04,27,https://www.baseball-reference.com/req/2025011210/images/headshots/3/3accec0d_mlbam.jpg
fraziad01,Adam Frazier,Los Angeles Angels,Second Baseman  Outfielder,Left,Right,70,190,1991-12-14,"Athens, GA us",2016-06-24,26-12-26-12-26-20,https://www.baseball-reference.com/req/2025011210/images/headshots/b/b26acf0e_mlbam.jpg
freelal01,Alex Freeland,Los Angeles Dodgers,"Second Baseman, Third Baseman  Shortstop",Both,Right,71,200,2001-08-24,"Louisville, KY us",2025-07-30,76,https://www.baseball-reference.com/req/2025011210/images/headshots/9/96a90a6b_mlbam.jpg
freemco01,Cody Freeman,Texas Rangers,"Second Baseman, Third Baseman  Outfielder",Right,Right,69,180,2001-01-05,"Pomona, CA us",2025-07-18,39,https://www.baseball-reference.com/req/2025011210/images/headshots/0/024f87c3_mlbam.jpg
freemfr01,Freddie Freeman,Los Angeles Dodgers,First Baseman,Left,Right,76,220,1989-09-12,"Villa Park, CA us",2010-09-01,5-5-5-05,https://www.baseball-reference.com/req/2025011210/images/headshots/2/2c66b3f7_mlbam.jpg
freemty01,Tyler Freeman,Colorado Rockies,"Outfielder, Second Baseman  Third Baseman",Right,Right,71,200,1999-05-21,"Rancho Cucamonga, CA us",2022-08-03,2-2,https://www.baseball-reference.com/req/2025011210/images/headshots/4/4fd70135_mlbam.jpg
frelisa01,Sal Frelick,Milwaukee Brewers,Rightfielder,Left,Right,69,191,2000-04-19,"Boston, MA us",2023-07-22,10,https://www.baseball-reference.com/req/2025011210/images/headshots/1/1e4dd87a_mlbam.jpg
friedtj01,TJ Friedl,Cincinnati Reds,Centerfielder,Left,Left,68,180,1995-08-14,"Sewickley, PA us",2021-09-18,29,https://www.baseball-reference.com/req/2025011210/images/headshots/a/a4a40acd_mlbam.jpg
fryda01,David Fry,Cleveland Guardians,"Designated Hitter, Pinch Hitter  Outfielder",Right,Right,73,215,1995-11-20,"Irving, TX us",2023-05-01,12-6,https://www.baseball-reference.com/req/2025011210/images/headshots/5/52671fd1_mlbam.jpg
fulfobr01,Braxton Fulford,Colorado Rockies,Catcher,Right,Right,70,205,1998-12-09,"Lubbock, TX us",2025-04-16,37,https://www.baseball-reference.com/req/2025011210/images/headshots/f/fc423911_mlbam.jpg
furmana01,Nate Furman,San Francisco Giants,Second Baseman  Pinch Hitter,Left,Right,68,173,2001-07-23,"Brookhaven, PA us",2026-08-01,56,https://www.baseball-reference.com/req/2025011210/images/headshots/a/a31d9000_mlbam.jpg
garciad02,Adolis García,Philadelphia Phillies,Rightfielder,Right,Right,72,205,1993-03-02,"Ciego de Avila, Cuba cu",2018-08-08,28-53-53,https://www.baseball-reference.com/req/2025011210/images/headshots/1/1306eb2a_mlbam.jpg
garciar01,Aramis Garcia,Arizona Diamondbacks,Catcher  First Baseman,Right,Right,73,228,1993-01-12,"Hialeah, FL us",2018-08-31,16-37-33-41-66-35,https://www.baseball-reference.com/req/2025011210/images/headshots/c/ce8ff2cd_mlbam.jpg
garcijh01,Jhostynxon García,Pittsburgh Pirates,Outfielder,Right,Right,72,224,2002-12-11,"San Fernando de Apure, Venezuela ve",2025-08-22,51-34,https://www.baseball-reference.com/req/2025011210/images/headshots/e/eec78326_mlbam.jpg
garcijo02,José Barrero,Baltimore Orioles,"Shortstop, Centerfielder  Second Baseman",Right,Right,76,211,1998-04-05,"La Habana, Cuba cu",2020-08-27,38-2-27-54,https://www.baseball-reference.com/req/2025011210/images/headshots/5/517a439c_mlbam.jpg
garcilu04,Luis García Jr.,New York Yankees,"Second Baseman, First Baseman  Shortstop",Left,Right,73,216,2000-05-16,"New York, NY us",2020-08-14,62-2-26,https://www.baseball-reference.com/req/2025011210/images/headshots/4/4b862729_mlbam.jpg
garcima01,Maikel Garcia,Kansas City Royals,"Third Baseman, Second Baseman  Shortstop",Right,Right,73,180,2000-03-03,"La Sabana, Venezuela ve",2022-07-15,11,https://www.baseball-reference.com/req/2025011210/images/headshots/7/715221b5_mlbam.jpg
garvemi01,Mitch Garver,New York Yankees,Catcher  Designated Hitter,Right,Right,73,220,1991-01-15,"Albuquerque, NM us",2017-08-19,43-23-18-8-18-18,https://www.baseball-reference.com/req/2025011210/images/headshots/a/a5037e60_mlbam.jpg
gaspemi01,Mickey Gasper,Boston Red Sox,"Designated Hitter, Catcher  First Baseman",Both,Right,69,205,1995-10-11,"Merrimack, NH us",2024-08-12,77-11-30,https://www.baseball-reference.com/req/2025011210/images/headshots/5/5a6e870b_mlbam.jpg
gelofza01,Zack Gelof,Athletics,"Second Baseman, Third Baseman  Outfielder",Right,Right,74,205,1999-10-19,"Rehoboth Beach, DE us",2023-07-14,20,https://www.baseball-reference.com/req/2025011210/images/headshots/4/435dcf4d_mlbam.jpg
genaoan01,Ángel Genao,Cleveland Guardians,"Second Baseman, Third Baseman  Shortstop",Both,Right,71,150,2004-05-19,"Castillo, Dominican Republic do",2026-08-05,17,https://www.baseball-reference.com/req/2025011210/images/headshots/3/3e89b01c_mlbam.jpg
gilbedr01,Drew Gilbert,San Francisco Giants,Outfielder,Left,Left,69,195,2000-09-27,St,2025-08-08,61-0,https://www.baseball-reference.com/req/2025011210/images/headshots/3/3a14b2dd_mlbam.jpg
gimenan01,Andrés Giménez,Toronto Blue Jays,Second Baseman  Shortstop,Left,Right,71,161,1998-09-04,"Barquisimeto, Venezuela ve",2020-07-24,60-0-0,https://www.baseball-reference.com/req/2025011210/images/headshots/8/8188888f_mlbam.jpg
goldspa01,Paul Goldschmidt,New York Yankees,First Baseman,Right,Right,74,225,1987-09-10,"Wilmington, DE us",2011-08-01,44-44-46-48,https://www.baseball-reference.com/req/2025011210/images/headshots/6/6b37a7f2_mlbam.jpg
gonzaga03,Gabriel González,Minnesota Twins,Leftfielder  Pinch Hitter,Right,Right,70,165,2004-01-04,"Carupano, Venezuela ve",2026-05-22,72,https://www.baseball-reference.com/req/2025011210/images/headshots/a/a5eb414d_mlbam.jpg
gonzaja01,Jacob Gonzalez,Pittsburgh Pirates,"Shortstop, First Baseman  Third Baseman",Left,Right,74,205,2002-05-30,"Glendora, CA us",2026-05-31,7-26,https://www.baseball-reference.com/req/2025011210/images/headshots/c/c16289b0_mlbam.jpg
gonzani01,Nick Gonzales,Pittsburgh Pirates,"Second Baseman, Third Baseman  Shortstop",Right,Right,68,193,1999-05-27,"Tucson, AZ us",2023-06-23,39-3,https://www.baseball-reference.com/req/2025011210/images/headshots/2/222a5e04_mlbam.jpg
gonzaro01,Romy González,Boston Red Sox,"Second Baseman, First Baseman  Shortstop",Right,Right,72,215,1996-09-06,"Miami, FL us",2021-09-03,5-12-23,https://www.baseball-reference.com/req/2025011210/images/headshots/b/bfb9007d_mlbam.jpg
goodmhu01,Hunter Goodman,Colorado Rockies,Catcher  Rightfielder,Right,Right,71,220,1999-10-08,"Arlington, TN us",2023-08-27,15,https://www.baseball-reference.com/req/2025011210/images/headshots/0/02001c3c_mlbam.jpg
gormano01,Nolan Gorman,St. Louis Cardinals,Second Baseman  Third Baseman,Left,Right,72,225,2000-05-10,"Phoenix, AZ us",2022-05-20,16,https://www.baseball-reference.com/req/2025011210/images/headshots/5/5d335b7c_mlbam.jpg
graytr01,Tristan Gray,Minnesota Twins,"Shortstop, Third Baseman  Second Baseman",Left,Right,73,215,1996-03-22,"Houston, TX us",2023-09-16,9-59-16-10-4,https://www.baseball-reference.com/req/2025011210/images/headshots/9/9b072369_mlbam.jpg
greenri03,Riley Greene,Detroit Tigers,Outfielder,Left,Left,74,200,2000-09-28,"Orlando, FL us",2022-06-18,31,https://www.baseball-reference.com/req/2025011210/images/headshots/8/8605b494_mlbam.jpg
grichra01,Randal Grichuk,Chicago White Sox,Outfielder,Right,Right,72,210,1991-08-13,"Rosenberg, TX us",2014-04-28,15-15-15-15-15-15-34-34,https://www.baseball-reference.com/req/2025011210/images/headshots/5/58d99fad_mlbam.jpg
griffko01,Konnor Griffin,Pittsburgh Pirates,Shortstop,Right,Right,75,222,2006-04-24,"Jackson, MS us",2026-04-03,6,https://www.baseball-reference.com/req/2025011210/images/headshots/6/6c48a3d6_mlbam.jpg
grishtr01,Trent Grisham,New York Yankees,Centerfielder,Left,Left,70,221,1996-11-01,"Burleson, TX us",2019-08-01,2-2-1-12,https://www.baseball-reference.com/req/2025011210/images/headshots/b/b2fe1256_mlbam.jpg
grissva01,Vaughn Grissom,Los Angeles Angels,"Second Baseman, First Baseman  Third Baseman",Right,Right,74,210,2001-01-05,"Orlando, FL us",2022-08-10,18-5-5,https://www.baseball-reference.com/req/2025011210/images/headshots/5/5c8ffaf7_mlbam.jpg
groovlu01,LuJames Groover,Arizona Diamondbacks,"First Baseman, Designated Hitter  Third Baseman",Right,Right,74,215,2002-04-16,"East Point, GA us",2026-06-05,16,https://www.baseball-reference.com/req/2025011210/images/headshots/e/e9851c04_mlbam.jpg
guerrvl02,Vladimir Guerrero Jr.,Toronto Blue Jays,First Baseman  Third Baseman,Right,Right,72,245,1999-03-16,"Montreal, QC, Canada ca",2019-04-26,27,https://www.baseball-reference.com/req/2025011210/images/headshots/a/a557a5ef_mlbam.jpg
gurrilo01,Lourdes Gurriel Jr.,,"Leftfielder, Shortstop  Second Baseman",Right,Right,75,215,1993-10-10,"Sancti Spiritus, Cuba cu",2018-04-20,13-12-12,https://www.baseball-reference.com/req/2025011210/images/headshots/b/bdea0115_mlbam.jpg
guzmade01,Denzer Guzmán,Los Angeles Angels,Third Baseman  Shortstop,Right,Right,73,190,2004-02-08,"San Pedro de Macoris, Dominican Republic do",2025-09-13,13-23,https://www.baseball-reference.com/req/2025011210/images/headshots/5/5cdeffd9_mlbam.jpg
haaseer01,Eric Haase,Atlanta Braves,Catcher  Leftfielder,Right,Right,70,201,1992-12-18,"Detroit, MI us",2018-09-02,38-13-9-13-18,https://www.baseball-reference.com/req/2025011210/images/headshots/f/f83bf978_mlbam.jpg
haggesa01,Sam Haggerty,,Outfielder  Second Baseman,Both,Right,71,175,1994-05-26,"Phoenix, AZ us",2019-09-04,19-28-0-0,https://www.baseball-reference.com/req/2025011210/images/headshots/d/dacadcf7_mlbam.jpg
halpipe01,Petey Halpin,Cleveland Guardians,Centerfielder,Left,Right,71,200,2002-05-26,"San Mateo, CA us",2025-09-20,0,https://www.baseball-reference.com/req/2025011210/images/headshots/9/9bed128e_mlbam.jpg
hamilda03,David Hamilton,Milwaukee Brewers,"Second Baseman, Shortstop  Third Baseman",Left,Right,70,192,1997-09-29,"San Marcos, TX us",2023-06-21,70-17-6,https://www.baseball-reference.com/req/2025011210/images/headshots/1/1fedb67a_mlbam.jpg
handlma01,Maverick Handley,Atlanta Braves,Catcher,Right,Right,69,210,1998-03-10,"Denver, CO us",2025-04-29,98,https://www.baseball-reference.com/req/2025011210/images/headshots/5/5bb318c3_mlbam.jpg
happia01,Ian Happ,Chicago Cubs,Leftfielder  Second Baseman,Both,Right,70,205,1994-08-12,"Pittsburgh, PA us",2017-05-13,8,https://www.baseball-reference.com/req/2025011210/images/headshots/c/cbe72712_mlbam.jpg
harpebr03,Bryce Harper,Philadelphia Phillies,Rightfielder  First Baseman,Left,Right,73,210,1992-10-16,"Las Vegas, NV us",2012-04-28,34-3,https://www.baseball-reference.com/req/2025011210/images/headshots/c/c61e922e_mlbam.jpg
harribr02,Brett Harris,San Francisco Giants,Third Baseman  First Baseman,Right,Right,74,208,1998-06-24,"Arlington Heights, IL us",2024-05-03,77-11-25-29,https://www.baseball-reference.com/req/2025011210/images/headshots/a/abb0c6ba_mlbam.jpg
harridu01,Dustin Harris,San Diego Padres,Outfielder,Left,Right,74,185,1999-07-08,"Tampa, FL us",2024-09-28,38-37-37-29,https://www.baseball-reference.com/req/2025011210/images/headshots/d/df10e2dd_mlbam.jpg
harrimi04,Michael Harris II,Atlanta Braves,Centerfielder,Left,Left,71,195,2001-03-07,"DeKalb, GA us",2022-05-28,23,https://www.baseball-reference.com/req/2025011210/images/headshots/c/c9caf73a_mlbam.jpg
hayeske01,Ke'Bryan Hayes,Cincinnati Reds,Third Baseman,Right,Right,71,215,1997-01-28,"Tomball, TX us",2020-09-01,13-3,https://www.baseball-reference.com/req/2025011210/images/headshots/3/3a2bfaab_mlbam.jpg
haysau01,Austin Hays,San Diego Padres,Leftfielder,Right,Right,70,200,1995-07-05,"Daytona Beach, FL us",2017-09-07,18-21-9-12-21-15,https://www.baseball-reference.com/req/2025011210/images/headshots/7/7631bdc6_mlbam.jpg
hedgeau01,Austin Hedges,Cleveland Guardians,Catcher,Right,Right,72,220,1992-08-18,"San Juan Capistrano, CA us",2015-05-04,18-18-18-17-18-11-27,https://www.baseball-reference.com/req/2025011210/images/headshots/c/cfdf60d0_mlbam.jpg
heimjo01,Jonah Heim,Athletics,Catcher,Both,Right,76,220,1995-06-27,"Buffalo, NY us",2020-08-25,37-28-20-15,https://www.baseball-reference.com/req/2025011210/images/headshots/9/961b4f7c_mlbam.jpg
heinety01,Tyler Heineman,Los Angeles Angels,Catcher  Pitcher,Both,Right,70,190,1991-06-19,"Pacific Palisades, CA us",2019-09-04,51-43-22-51-54-55-32-31,https://www.baseball-reference.com/req/2025011210/images/headshots/c/ce970af6_mlbam.jpg
helmami01,Michael Helman,Texas Rangers,Centerfielder  Shortstop,Right,Right,72,195,1996-05-23,"Lincoln, NE us",2024-09-03,92-24-23,https://www.baseball-reference.com/req/2025011210/images/headshots/1/1810ccd4_mlbam.jpg
hendegu01,Gunnar Henderson,Baltimore Orioles,Shortstop  Third Baseman,Left,Right,75,230,2001-06-29,"Montgomery, AL us",2022-08-31,2,https://www.baseball-reference.com/req/2025011210/images/headshots/2/298c5bf9_mlbam.jpg
hernada04,Darell Hernaiz,Athletics,"Shortstop, Third Baseman  Second Baseman",Right,Right,71,190,2001-08-03,"San Juan, Puerto Rico pr",2024-03-28,2,https://www.baseball-reference.com/req/2025011210/images/headshots/8/861cbeaa_mlbam.jpg
hernaen02,Kiké Hernández,Los Angeles Dodgers,"Outfielder, Second Baseman  Shortstop",Right,Right,70,195,1991-08-24,"San Juan, Puerto Rico pr",2014-07-01,6-12-14-5-8-08,https://www.baseball-reference.com/req/2025011210/images/headshots/5/5de74ef4_mlbam.jpg
hernahe01,Heriberto Hernández,Miami Marlins,Leftfielder,Right,Right,71,195,1999-12-16,"Bonao, Dominican Republic do",2025-05-30,64-13,https://www.baseball-reference.com/req/2025011210/images/headshots/0/0f60bf27_mlbam.jpg
hernate01,Teoscar Hernández,Los Angeles Dodgers,Outfielder,Right,Right,72,215,1992-10-15,"Cotui, Dominican Republic do",2016-08-12,35-37-35-37,https://www.baseball-reference.com/req/2025011210/images/headshots/d/d6adef8e_mlbam.jpg
herreiv01,Iván Herrera,St. Louis Cardinals,Designated Hitter  Catcher,Right,Right,71,220,2000-06-01,"Panama, Panama pa",2022-05-24,47-48,https://www.baseball-reference.com/req/2025011210/images/headshots/1/1028ff5b_mlbam.jpg
hicklbr01,Brewer Hicklen,Atlanta Braves,Rightfielder,Right,Right,74,215,1996-02-09,"Huntsville, AL us",2022-05-26,75-28-50-53,https://www.baseball-reference.com/req/2025011210/images/headshots/e/e5ed2f0d_mlbam.jpg
hicksli01,Liam Hicks,Tampa Bay Rays,"Catcher, Designated Hitter  First Baseman",Left,Right,69,185,1999-06-02,"Toronto, ON, Canada ca",2025-03-28,34-34,https://www.baseball-reference.com/req/2025011210/images/headshots/e/ee5a5c74_mlbam.jpg
higasky01,Kyle Higashioka,Texas Rangers,Catcher,Right,Right,73,202,1990-04-20,"Huntington Beach, CA us",2017-04-10,30-38-66-20-11,https://www.baseball-reference.com/req/2025011210/images/headshots/1/1d72366a_mlbam.jpg
higgipj01,P.J. Higgins,Cincinnati Reds,"Catcher, First Baseman  Third Baseman",Right,Right,70,195,1993-05-10,"Bridgeport, CT us",2021-05-19,20-48-65,https://www.baseball-reference.com/req/2025011210/images/headshots/7/7f596a85_mlbam.jpg
hillde01,Derek Hill,Philadelphia Phillies,Centerfielder,Right,Right,72,206,1995-12-30,"Des Moines, IA us",2020-09-04,54-34-40-48-58-3-47-25-49,https://www.baseball-reference.com/req/2025011210/images/headshots/d/d1cc5a02_mlbam.jpg
hilltu01,Turner Hill,San Francisco Giants,Leftfielder,Left,Left,70,198,1999-04-04,"Marietta, OH us",2026-08-15,52,https://www.baseball-reference.com/req/2025011210/images/headshots/1/11311de5_milb.jpg
hindsre01,Rece Hinds,Baltimore Orioles,Rightfielder,Right,Right,75,215,2000-09-05,"Niceville, FL us",2024-07-08,77-57-40-62,https://www.baseball-reference.com/req/2025011210/images/headshots/d/d1a61129_mlbam.jpg
hoernni01,Nico Hoerner,Chicago Cubs,Second Baseman  Shortstop,Right,Right,71,200,1997-05-13,"Oakland, CA us",2019-09-09,2,https://www.baseball-reference.com/req/2025011210/images/headshots/1/14b34ae6_mlbam.jpg
hollija01,Jackson Holliday,Baltimore Orioles,Second Baseman  Shortstop,Left,Right,71,200,2003-12-04,"Austin, TX us",2024-04-10,7,https://www.baseball-reference.com/req/2025011210/images/headshots/1/12bcaeab_mlbam.jpg
horwisp01,Spencer Horwitz,Pittsburgh Pirates,First Baseman  Second Baseman,Left,Right,70,204,1997-11-14,"Timonium, MD us",2023-06-18,48-2,https://www.baseball-reference.com/req/2025011210/images/headshots/9/9520bd9a_mlbam.jpg
hoskirh01,Rhys Hoskins,Cleveland Guardians,First Baseman  Leftfielder,Right,Right,75,241,1993-03-17,"Sacramento, CA us",2017-08-10,17-12-8,https://www.baseball-reference.com/req/2025011210/images/headshots/f/fb729e33_mlbam.jpg
housebr01,Brady House,Washington Nationals,Third Baseman,Right,Right,76,208,2003-06-04,"Winder, GA us",2025-06-16,55-12,https://www.baseball-reference.com/req/2025011210/images/headshots/4/46939669_mlbam.jpg
huffsa01,Sam Huff,Baltimore Orioles,Catcher  First Baseman,Right,Right,76,242,1998-01-14,"Phoenix, AZ us",2020-09-11,74-55-23-31,https://www.baseball-reference.com/req/2025011210/images/headshots/c/cf05afc8_mlbam.jpg
huntbl01,Blake Hunt,,Catcher,Right,Right,76,215,1998-11-10,"Costa Mesa, CA us",2026-06-19,26,https://www.baseball-reference.com/req/2025011210/images/headshots/3/34efb341_mlbam.jpg
ibanean01,Andy Ibáñez,Seattle Mariners,"Second Baseman, Third Baseman  Pinch Hitter",Right,Right,70,205,1993-04-03,"La Habana, Cuba cu",2021-05-04,77-77-77-77,https://www.baseball-reference.com/req/2025011210/images/headshots/e/e174160f_mlbam.jpg
indiajo01,Jonathan India,Kansas City Royals,Second Baseman,Right,Right,70,200,1996-12-15,"Fort Lauderdale, FL us",2021-04-01,6-6,https://www.baseball-reference.com/req/2025011210/images/headshots/d/d19b960b_mlbam.jpg
ingleco01,Cooper Ingle,Cleveland Guardians,Leftfielder  Designated Hitter,Left,Right,68,190,2002-02-23,"Asheville, NC us",2026-06-26,30,https://www.baseball-reference.com/req/2025011210/images/headshots/1/1782e420_mlbam.jpg
isbelky01,Kyle Isbel,Kansas City Royals,Centerfielder,Left,Right,70,190,1997-03-03,"Fontana, CA us",2021-04-01,28,https://www.baseball-reference.com/req/2025011210/images/headshots/b/bbfd792a_mlbam.jpg
jacksal02,Alex Jackson,Minnesota Twins,Catcher,Right,Right,73,238,1995-12-25,"San Diego, CA us",2019-04-07,70-12-23-5-28-70-70,https://www.baseball-reference.com/req/2025011210/images/headshots/0/0827baf2_mlbam.jpg
jacksje02,Jeremiah Jackson,Baltimore Orioles,"Second Baseman, Rightfielder  Third Baseman",Right,Right,71,200,2000-03-26,"Antioch, TN us",2025-08-01,82,https://www.baseball-reference.com/req/2025011210/images/headshots/5/58cc7e8c_mlbam.jpg
janseda01,Danny Jansen,Texas Rangers,Catcher,Right,Right,74,240,1995-04-15,"Elmhurst, IL us",2018-08-13,9-28-19-33-9,https://www.baseball-reference.com/req/2025011210/images/headshots/1/188dc647_mlbam.jpg
jarviji01,Jim Jarvis,Atlanta Braves,Shortstop,Left,Right,69,190,2000-11-06,"San Diego, CA us",2026-05-06,74,https://www.baseball-reference.com/req/2025011210/images/headshots/5/5ce80eb8_mlbam.jpg
jeffery01,Ryan Jeffers,Minnesota Twins,Catcher,Right,Right,74,235,1997-06-03,"Raleigh, NC us",2020-08-20,39-27,https://www.baseball-reference.com/req/2025011210/images/headshots/9/956d796e_mlbam.jpg
jenkiwa01,Walker Jenkins,Minnesota Twins,Centerfielder,Left,Right,75,210,2005-02-19,"Wilmington, NC us",2026-08-28,11,https://www.baseball-reference.com/req/2025011210/images/headshots/2/24f9a078_mlbam.jpg
jenseca01,Carter Jensen,Kansas City Royals,Catcher  Designated Hitter,Left,Right,72,210,2003-07-03,"Kansas City, MO us",2025-09-02,22,https://www.baseball-reference.com/req/2025011210/images/headshots/6/67518f7c_mlbam.jpg
jimenel02,Eloy Jiménez,,Designated Hitter  Leftfielder,Right,Right,76,250,1996-11-27,"Santo Domingo, Dominican Republic do",2019-03-28,74-72-74,https://www.baseball-reference.com/req/2025011210/images/headshots/3/3847ab75_mlbam.jpg
jimenle01,Leo Jiménez,,"Shortstop, Second Baseman  Third Baseman",Right,Right,70,215,2001-05-17,"Chitre, Panama pa",2024-07-04,49-19,https://www.baseball-reference.com/req/2025011210/images/headshots/a/ab5ec321_mlbam.jpg
joeco01,Connor Joe,Seattle Mariners,Outfielder  First Baseman,Right,Right,71,205,1992-08-16,"San Diego, CA us",2019-03-28,18-9-2-24-17-9,https://www.baseball-reference.com/req/2025011210/images/headshots/e/e4f2f0fa_mlbam.jpg
johnsbr03,Bryce Johnson,San Diego Padres,Outfielder,Both,Right,71,190,1995-10-27,"Cypress, TX us",2022-08-03,58-27-29,https://www.baseball-reference.com/req/2025011210/images/headshots/4/479f757b_mlbam.jpg
johnsda07,Daniel Johnson,,Outfielder,Left,Left,70,200,1995-07-11,"Vallejo, CA us",2020-07-25,23-53-56-56-31,https://www.baseball-reference.com/req/2025011210/images/headshots/f/f72443ea_mlbam.jpg
johnsiv01,Ivan Johnson,Cincinnati Reds,"Second Baseman, Third Baseman  Leftfielder",Both,Right,72,190,1998-10-11,"Atlanta, GA us",2026-06-30,63,https://www.baseball-reference.com/req/2025011210/images/headshots/6/6fdc4669_mlbam.jpg
johnstr02,Troy Johnston,Colorado Rockies,Outfielder  First Baseman,Left,Left,71,206,1997-06-22,"Tacoma, WA us",2025-07-29,75-20,https://www.baseball-reference.com/req/2025011210/images/headshots/2/2dd3fe14_mlbam.jpg
jonesgr02,Greg Jones,Chicago Cubs,Outfielder  Second Baseman,Both,Right,72,189,1998-03-07,"Cary, NC us",2024-06-06,2-30-14,https://www.baseball-reference.com/req/2025011210/images/headshots/4/4a850252_mlbam.jpg
jonesja08,Jahmai Jones,Boston Red Sox,"Designated Hitter, Pinch Hitter  Outfielder",Right,Right,70,210,1997-08-04,"Roswell, GA us",2020-08-31,9-37-12-14-18-37,https://www.baseball-reference.com/req/2025011210/images/headshots/c/c2244153_mlbam.jpg
jonessp01,Spencer Jones,New York Yankees,Outfielder,Left,Left,79,240,2001-05-14,"Encinitas, CA us",2026-05-08,78,https://www.baseball-reference.com/req/2025011210/images/headshots/9/9bdfdd4a_mlbam.jpg
jordabl01,Blaze Jordan,St. Louis Cardinals,Third Baseman  First Baseman,Right,Right,73,220,2002-12-19,"Southaven, MS us",2026-06-12,33,https://www.baseball-reference.com/req/2025011210/images/headshots/b/b2e1ac3b_mlbam.jpg
jorgeca01,Carlos Jorge,Cincinnati Reds,Centerfielder  Pinch Hitter,Left,Right,69,160,2003-09-22,"Puerto Plata, Dominican Republic do",2026-09-04,38,https://www.baseball-reference.com/req/2025011210/images/headshots/4/47b8efd0_milb.jpg
judgeaa01,Aaron Judge,New York Yankees,Rightfielder,Right,Right,79,282,1992-04-26,"Sacramento, CA us",2016-08-13,99,https://www.baseball-reference.com/req/2025011210/images/headshots/0/06c9f502_mlbam.jpg
julieed01,Edouard Julien,Colorado Rockies,Second Baseman  First Baseman,Left,Right,73,195,1999-04-30,"Quebec, QC, Canada ca",2023-04-12,47-6,https://www.baseball-reference.com/req/2025011210/images/headshots/9/9037e817_mlbam.jpg
julksco01,Corey Julks,Detroit Tigers,Leftfielder,Right,Right,71,220,1996-02-27,"Friendswood, TX us",2023-03-31,9-30-32-44,https://www.baseball-reference.com/req/2025011210/images/headshots/8/8cfe7aa5_mlbam.jpg
jungja01,Jace Jung,Detroit Tigers,Third Baseman  Second Baseman,Left,Right,71,205,2000-10-04,"San Antonio, TX us",2024-08-16,17,https://www.baseball-reference.com/req/2025011210/images/headshots/c/c0cb0bb0_mlbam.jpg
jungjo01,Josh Jung,Texas Rangers,Third Baseman,Right,Right,73,214,1998-02-12,"San Antonio, TX us",2022-09-09,6,https://www.baseball-reference.com/req/2025011210/images/headshots/d/d6f86fa1_mlbam.jpg
karroky01,Kyle Karros,Colorado Rockies,Third Baseman,Right,Right,77,225,2002-07-26,"Los Angeles, CA us",2025-08-08,12,https://www.baseball-reference.com/req/2025011210/images/headshots/9/990a80f3_mlbam.jpg
kayfucj01,CJ Kayfus,Cleveland Guardians,Rightfielder  First Baseman,Left,Left,71,192,2001-10-28,"Boca Raton, FL us",2025-08-02,63-2,https://www.baseball-reference.com/req/2025011210/images/headshots/d/dfee09e7_mlbam.jpg
keasclu01,Luke Keaschall,Minnesota Twins,Second Baseman  Rightfielder,Right,Right,72,190,2002-08-15,"Watsonville, CA us",2025-04-18,15,https://www.baseball-reference.com/req/2025011210/images/headshots/a/a22ea982_mlbam.jpg
keirsda01,DaShawn Keirsey Jr.,Atlanta Braves,Outfielder  Pinch Runner,Left,Left,72,195,1997-05-13,"San Diego, CA us",2024-09-05,89-21-49,https://www.baseball-reference.com/req/2025011210/images/headshots/9/90c264ab_mlbam.jpg
keithco01,Colt Keith,Detroit Tigers,"Second Baseman, Designated Hitter  Third Baseman",Left,Right,74,211,2001-08-14,"Zanesville, OH us",2024-03-28,33,https://www.baseball-reference.com/req/2025011210/images/headshots/2/24d0505e_mlbam.jpg
kelenja01,Jarred Kelenic,New York Yankees,Outfielder,Left,Left,71,206,1999-07-16,"Waukesha, WI us",2021-05-13,10-24-24-25,https://www.baseball-reference.com/req/2025011210/images/headshots/e/e14d6fb7_mlbam.jpg
kellyca02,Carson Kelly,Chicago Cubs,Catcher,Right,Right,73,212,1994-07-14,"Chicago, IL us",2016-09-05,71-30-19-18-18-15-18-15,https://www.baseball-reference.com/req/2025011210/images/headshots/3/3a165059_mlbam.jpg
kempot01,Otto Kemp,Philadelphia Phillies,"Third Baseman, Leftfielder  First Baseman",Right,Right,71,185,1999-09-09,"Fullerton, CA us",2025-06-07,4,https://www.baseball-reference.com/req/2025011210/images/headshots/0/0bdd1332_mlbam.jpg
kennebu01,Buddy Kennedy,Washington Nationals,Third Baseman  Second Baseman,Right,Right,70,213,1998-10-05,"Millville, NJ us",2022-06-17,45-16-40-19-24-46-41-39,https://www.baseball-reference.com/req/2025011210/images/headshots/5/55492c09_mlbam.jpg
keplema01,Max Kepler,,Rightfielder,Left,Left,76,225,1993-02-10,"Berlin, Germany de",2015-09-27,67-26-17-22,https://www.baseball-reference.com/req/2025011210/images/headshots/c/c9413e23_mlbam.jpg
keysse01,Sean Keys,Toronto Blue Jays,"First Baseman, Designated Hitter  Leftfielder",Left,Right,73,232,2003-05-26,"Huntington, NY us",2026-06-27,20,https://www.baseball-reference.com/req/2025011210/images/headshots/5/5ef25542_mlbam.jpg
kimha01,Ha-Seong Kim,Atlanta Braves,"Shortstop, Second Baseman  Third Baseman",Right,Right,70,200,1995-10-17,"Bucheon, South Korea kr",2021-04-01,7-7-9-7,https://www.baseball-reference.com/req/2025011210/images/headshots/e/ea8147e5_mlbam.jpg
kimhy02,Hyeseong Kim,Los Angeles Dodgers,"Second Baseman, Shortstop  Centerfielder",Left,Right,70,175,1999-01-27,"Goyang, South Korea kr",2025-05-03,6,https://www.baseball-reference.com/req/2025011210/images/headshots/2/28d7dd04_mlbam.jpg
kineris01,Isiah Kiner-Falefa,Boston Red Sox,"Shortstop, Third Baseman  Second Baseman",Right,Right,70,195,1995-03-23,"Honolulu, HI us",2018-04-10,9-12-7-7-2,https://www.baseball-reference.com/req/2025011210/images/headshots/c/cee8d5c1_mlbam.jpg
kingesc01,Scott Kingery,,"Shortstop, Centerfielder  Second Baseman",Right,Right,69,180,1994-04-29,"Phoenix, AZ us",2018-03-30,4-13-12,https://www.baseball-reference.com/req/2025011210/images/headshots/4/4dac4d42_mlbam.jpg
kirkal01,Alejandro Kirk,Toronto Blue Jays,Catcher,Right,Right,68,245,1998-11-06,"Tijuana, Mexico mx",2020-09-12,85-30,https://www.baseball-reference.com/req/2025011210/images/headshots/0/08b75617_mlbam.jpg
kjershe01,Heston Kjerstad,Baltimore Orioles,Outfielder,Left,Right,74,215,1999-02-12,"Amarillo, TX us",2023-09-14,13,https://www.baseball-reference.com/req/2025011210/images/headshots/d/de1f2870_mlbam.jpg
kniznan01,Andrew Knizner,San Francisco Giants,Catcher,Right,Right,72,225,1995-02-03,"Glen Allen, VA us",2019-06-02,7-12-21-19,https://www.baseball-reference.com/req/2025011210/images/headshots/3/372566fd_mlbam.jpg
kossch01,Christian Koss,San Francisco Giants,"Second Baseman, Shortstop  Third Baseman",Right,Right,73,185,1998-01-27,"Riverside, CA us",2025-04-01,50,https://www.baseball-reference.com/req/2025011210/images/headshots/4/48dde7c6_mlbam.jpg
kreidry01,Ryan Kreidler,Minnesota Twins,"Shortstop, Centerfielder  Third Baseman",Right,Right,75,208,1997-11-12,"Davis, CA us",2022-09-02,32-5,https://www.baseball-reference.com/req/2025011210/images/headshots/0/04b515f4_mlbam.jpg
kurodjo01,Joshua Kuroda-Grauer,Athletics,"Third Baseman, Second Baseman  Shortstop",Right,Right,70,205,2003-01-31,"New Brunswick, NJ us",2026-06-29,44,https://www.baseball-reference.com/req/2025011210/images/headshots/7/70744a11_mlbam.jpg
kurtzni01,Nick Kurtz,Athletics,First Baseman,Left,Left,77,240,2003-03-12,"Lancaster, PA us",2025-04-23,16,https://www.baseball-reference.com/req/2025011210/images/headshots/4/4d9ac392_mlbam.jpg
kwanst01,Steven Kwan,Cleveland Guardians,Leftfielder,Left,Left,68,170,1997-09-05,"Los Gatos, CA us",2022-04-07,38,https://www.baseball-reference.com/req/2025011210/images/headshots/9/98527e8c_mlbam.jpg
langesh01,Shea Langeliers,Athletics,Catcher,Right,Right,71,205,1997-11-18,"Portland, OR us",2022-08-16,23,https://www.baseball-reference.com/req/2025011210/images/headshots/2/27314b6c_mlbam.jpg
langfwy01,Wyatt Langford,Texas Rangers,Leftfielder,Right,Right,72,225,2001-11-15,"Trenton, FL us",2024-03-28,36,https://www.baseball-reference.com/req/2025011210/images/headshots/0/0874b6b3_mlbam.jpg
laralu01,Luis Lara,Milwaukee Brewers,Rightfielder,Both,Right,67,169,2004-11-17,"San Felipe, Venezuela ve",2026-07-07,18,https://www.baseball-reference.com/req/2025011210/images/headshots/5/5401e885_mlbam.jpg
larnatr01,Trevor Larnach,Minnesota Twins,Leftfielder  Designated Hitter,Left,Right,75,223,1997-02-26,"Walnut Creek, CA us",2021-05-08,24-13-9,https://www.baseball-reference.com/req/2025011210/images/headshots/b/b253355c_mlbam.jpg
laurera01,Ramón Laureano,San Diego Padres,Outfielder,Right,Right,69,203,1994-07-15,"Santo Domingo, Dominican Republic do",2018-08-03,22-10-18-12-5,https://www.baseball-reference.com/req/2025011210/images/headshots/0/0ab0ce2b_mlbam.jpg
lawlajo01,Jordan Lawlar,Arizona Diamondbacks,"Centerfielder, Shortstop  Third Baseman",Right,Right,72,195,2002-07-17,"Carrollton, TX us",2023-09-07,10-10,https://www.baseball-reference.com/req/2025011210/images/headshots/1/1afbc440_mlbam.jpg
leebr02,Brooks Lee,Minnesota Twins,"Third Baseman, Shortstop  Second Baseman",Both,Right,72,205,2001-02-14,"San Luis Obispo, CA us",2024-07-03,72-2-22,https://www.baseball-reference.com/req/2025011210/images/headshots/b/b58ee416_mlbam.jpg
leeha02,Hao-Yu Lee,Detroit Tigers,Second Baseman  Third Baseman,Right,Right,69,190,2003-02-03,"New Taipei, Taiwan tw",2026-04-17,50,https://www.baseball-reference.com/req/2025011210/images/headshots/2/23c4d760_mlbam.jpg
leeju01,Jung Hoo Lee,San Francisco Giants,Outfielder,Left,Right,72,196,1998-08-20,"Nagoya, Japan jp",2024-03-28,51,https://www.baseball-reference.com/req/2025011210/images/headshots/1/155c4b51_mlbam.jpg
leonaed01,Eddys Leonard,San Francisco Giants,Leftfielder,Right,Right,70,201,2000-11-10,"Santo Domingo, Dominican Republic do",2026-08-04,49,https://www.baseball-reference.com/req/2025011210/images/headshots/f/fa868f9a_mlbam.jpg
leonsa01,Sandy León,Atlanta Braves,Catcher,Both,Right,69,235,1989-03-13,"Maracaibo, Venezuela ve",2012-05-14,41-3-9-7-4-39-12-8-9,https://www.baseball-reference.com/req/2025011210/images/headshots/9/92ecb68a_mlbam.jpg
lewisro02,Royce Lewis,Minnesota Twins,"Third Baseman, First Baseman  Second Baseman",Right,Right,72,200,1999-06-05,"Aliso Viejo, CA us",2022-05-06,23,https://www.baseball-reference.com/req/2025011210/images/headshots/8/85f3b9a9_mlbam.jpg
lileda01,Daylen Lile,Washington Nationals,Leftfielder,Left,Right,71,195,2002-11-30,"Louisville, KY us",2025-05-23,51-4,https://www.baseball-reference.com/req/2025011210/images/headshots/0/0e50a2ad_mlbam.jpg
lindofr01,Francisco Lindor,New York Mets,Shortstop,Both,Right,70,190,1993-11-14,"Caguas, Puerto Rico pr",2015-06-14,12-12,https://www.baseball-reference.com/req/2025011210/images/headshots/a/a8298e85_mlbam.jpg
locklty01,Tyler Locklear,Arizona Diamondbacks,First Baseman,Right,Right,74,235,2000-11-24,"Baltimore, MD us",2024-06-09,27-28-31,https://www.baseball-reference.com/req/2025011210/images/headshots/7/70a964a2_mlbam.jpg
lockrbr01,Brandon Lockridge,Milwaukee Brewers,Outfielder,Right,Right,72,197,1997-03-14,"Pensacola, FL us",2024-09-13,28-20,https://www.baseball-reference.com/req/2025011210/images/headshots/8/88540d66_mlbam.jpg
loftini01,Nick Loftin,Kansas City Royals,"Third Baseman, Second Baseman  Leftfielder",Right,Right,71,180,1998-09-25,"Corpus Christi, TX us",2023-09-01,12,https://www.baseball-reference.com/req/2025011210/images/headshots/a/a8ab3a05_mlbam.jpg
lombage02,George Lombard Jr.,New York Yankees,Shortstop,Right,Right,74,190,2005-06-02,"Miami, FL us",2026-08-04,96,https://www.baseball-reference.com/req/2025011210/images/headshots/4/44a5ce60_mlbam.jpg
loperjo01,Joey Loperfido,Houston Astros,Leftfielder,Left,Right,75,220,1999-05-11,"Philadelphia, PA us",2024-04-30,10-9-10,https://www.baseball-reference.com/req/2025011210/images/headshots/1/166068e5_mlbam.jpg
lopezni01,Nicky Lopez,Texas Rangers,"Second Baseman, Shortstop  Third Baseman",Left,Right,70,186,1995-03-13,"Naperville, IL us",2019-05-14,1-8-15-8-8-12-5-33,https://www.baseball-reference.com/req/2025011210/images/headshots/0/01805aff_mlbam.jpg
lopezot01,Otto Lopez,Miami Marlins,Shortstop  Second Baseman,Right,Right,70,185,1998-10-01,"Santo Domingo, Dominican Republic do",2021-08-17,72-51-61-6,https://www.baseball-reference.com/req/2025011210/images/headshots/b/be1194c3_mlbam.jpg
lowebr01,Brandon Lowe,Pittsburgh Pirates,Second Baseman  Outfielder,Left,Right,69,181,1994-07-06,"Suffolk, VA us",2018-08-05,35-8-5,https://www.baseball-reference.com/req/2025011210/images/headshots/0/01b371eb_mlbam.jpg
lowejo01,Josh Lowe,Los Angeles Angels,Rightfielder,Left,Right,75,220,1998-02-02,"Chesapeake, VA us",2021-09-08,53-15-3,https://www.baseball-reference.com/req/2025011210/images/headshots/8/89993d7d_mlbam.jpg
lowena01,Nathaniel Lowe,Cleveland Guardians,First Baseman,Left,Right,76,220,1995-07-07,"Norfolk, VA us",2019-04-29,35-30-33-37-31-46,https://www.baseball-reference.com/req/2025011210/images/headshots/1/159e57b6_mlbam.jpg
lugoma01,Matthew Lugo,Kansas City Royals,Outfielder,Right,Right,72,190,2001-05-09,"Manati, Puerto Rico pr",2025-05-09,15-24,https://www.baseball-reference.com/req/2025011210/images/headshots/7/7bb872b4_mlbam.jpg
lukesna01,Nathan Lukes,Toronto Blue Jays,Rightfielder,Left,Right,71,180,1994-07-12,"Portland, OR us",2023-03-30,38,https://www.baseball-reference.com/req/2025011210/images/headshots/1/1bd00e2e_mlbam.jpg
machama01,Manny Machado,San Diego Padres,Third Baseman  Shortstop,Right,Right,74,218,1992-07-06,"Hialeah, FL us",2012-08-09,13-8-13-13,https://www.baseball-reference.com/req/2025011210/images/headshots/4/45d62ce6_mlbam.jpg
machivi01,Vimael Machín,Colorado Rockies,"Third Baseman, Shortstop  Second Baseman",Left,Right,70,196,1993-09-25,"Humacao, Puerto Rico pr",2020-07-26,39-31-65-25,https://www.baseball-reference.com/req/2025011210/images/headshots/1/108e3c50_mlbam.jpg
mackjo02,Joe Mack,Miami Marlins,Catcher,Left,Right,72,210,2002-12-27,"Williamsville, NY us",2026-05-04,80,https://www.baseball-reference.com/req/2025011210/images/headshots/c/cb5bbb31_mlbam.jpg
madrini01,Nick Madrigal,Tampa Bay Rays,Second Baseman  Third Baseman,Right,Right,67,175,1997-03-05,"Sacramento, CA us",2020-07-31,1-1-17-20,https://www.baseball-reference.com/req/2025011210/images/headshots/4/425cf43d_mlbam.jpg
mailelu01,Luke Maile,Kansas City Royals,Catcher,Right,Right,75,225,1991-02-06,"Edgewood, KY us",2015-09-01,46-22-21-12-12-22-15-17-18,https://www.baseball-reference.com/req/2025011210/images/headshots/b/b79fc174_mlbam.jpg
malgebe01,Ben Malgeri,Detroit Tigers,Outfielder  Pinch Hitter,Right,Right,73,215,2000-01-12,"Exeter, NH us",2026-06-23,53,https://www.baseball-reference.com/req/2025011210/images/headshots/0/0a3b9dfb_mlbam.jpg
mancitr01,Trey Mancini,,"First Baseman, Outfielder  Designated Hitter",Right,Right,75,230,1992-03-18,"Winter Haven, FL us",2016-09-20,67-16-26-36-34,https://www.baseball-reference.com/req/2025011210/images/headshots/a/a7a08579_mlbam.jpg
manguja01,Jake Mangum,Pittsburgh Pirates,Outfielder,Both,Left,71,191,1996-03-08,"Flowood, MS us",2025-03-30,28-28,https://www.baseball-reference.com/req/2025011210/images/headshots/f/f36ed00e_mlbam.jpg
manzaky01,Kyle Manzardo,Cleveland Guardians,First Baseman  Designated Hitter,Left,Right,71,205,2000-07-18,"Coeur d'Alene, ID us",2024-05-06,9,https://www.baseball-reference.com/req/2025011210/images/headshots/0/06aa2f19_mlbam.jpg
marchra01,Rafael Marchán,Philadelphia Phillies,Catcher,Both,Right,69,170,1999-02-25,"San Cristobal, Venezuela ve",2020-09-14,13-12,https://www.baseball-reference.com/req/2025011210/images/headshots/d/dae6256a_mlbam.jpg
marseja01,Jakob Marsee,Miami Marlins,Centerfielder,Left,Left,72,180,2001-06-28,"Dearborn, MI us",2025-08-01,87,https://www.baseball-reference.com/req/2025011210/images/headshots/5/5e79a71c_mlbam.jpg
marshbr02,Brandon Marsh,Philadelphia Phillies,Outfielder,Left,Right,74,215,1997-12-18,"Buford, GA us",2021-07-18,16-16,https://www.baseball-reference.com/req/2025011210/images/headshots/4/42de9b3f_mlbam.jpg
marteke01,Ketel Marte,Arizona Diamondbacks,"Second Baseman, Shortstop  Centerfielder",Both,Right,72,210,1993-10-12,"Nizao, Dominican Republic do",2015-07-31,4-4-4-4,https://www.baseball-reference.com/req/2025011210/images/headshots/d/d70d4384_mlbam.jpg
marteno01,Noelvi Marté,Cincinnati Reds,Third Baseman  Rightfielder,Right,Right,74,216,2001-10-16,"Cotui, Dominican Republic do",2023-08-19,16-4,https://www.baseball-reference.com/req/2025011210/images/headshots/f/fa71fa98_mlbam.jpg
martest01,Starling Marte,,Outfielder,Right,Right,72,195,1988-10-09,"Santo Domingo, Dominican Republic do",2012-07-26,6-2-6-2-6-0,https://www.baseball-reference.com/req/2025011210/images/headshots/1/13ab5ed2_mlbam.jpg
martian02,Angel Martínez,Cleveland Guardians,Outfielder  Second Baseman,Both,Right,71,200,2002-01-27,"Santo Domingo, Dominican Republic do",2024-06-22,1,https://www.baseball-reference.com/req/2025011210/images/headshots/7/730d0a1a_mlbam.jpg
martiau01,Austin Martin,Minnesota Twins,Outfielder  Second Baseman,Right,Right,70,185,1999-03-23,"DeLand, FL us",2024-03-30,82-16,https://www.baseball-reference.com/req/2025011210/images/headshots/e/e9559db3_mlbam.jpg
martiom01,Omar Martínez,Los Angeles Angels,Catcher,Left,Right,71,192,2001-07-05,"San Felix, Venezuela ve",2026-05-08,66,https://www.baseball-reference.com/req/2025011210/images/headshots/5/5054213c_mlbam.jpg
martiru02,Rudy Martin,Toronto Blue Jays,"Designated Hitter, Leftfielder  Pinch Runner",Left,Left,65,155,1996-01-31,"Memphis, TN us",2026-09-11,1,https://www.baseball-reference.com/req/2025011210/images/headshots/c/c05bc044_milb.jpg
massemi02,Michael Massey,Kansas City Royals,Second Baseman  Leftfielder,Left,Right,72,195,1998-03-22,"Palos Park, IL us",2022-07-15,19,https://www.baseball-reference.com/req/2025011210/images/headshots/1/121b985e_mlbam.jpg
mastrmi01,Miles Mastrobuoni,Seattle Mariners,"Third Baseman, Pinch Hitter  Outfielder",Left,Right,69,185,1995-10-31,"San Ramon, CA us",2022-09-22,78-20-21,https://www.baseball-reference.com/req/2025011210/images/headshots/d/dace462a_mlbam.jpg
mateojo01,Jorge Mateo,Tampa Bay Rays,"Shortstop, Second Baseman  Outfielder",Right,Right,72,200,1995-06-23,"Santo Domingo, Dominican Republic do",2020-08-13,3-26-3-2-9,https://www.baseball-reference.com/req/2025011210/images/headshots/8/80aea907_mlbam.jpg
matoslu02,Luis Matos,Milwaukee Brewers,Outfielder,Right,Right,71,205,2002-01-28,"Valera, Venezuela ve",2023-06-14,29-21,https://www.baseball-reference.com/req/2025011210/images/headshots/d/d1f7ed58_mlbam.jpg
matthbr01,Brice Matthews,Houston Astros,"Outfielder, Second Baseman  Third Baseman",Right,Right,70,190,2002-03-16,"Houston, TX us",2025-07-11,28-0,https://www.baseball-reference.com/req/2025011210/images/headshots/e/e05b852a_mlbam.jpg
mauriro01,Ronny Mauricio,New York Mets,"Third Baseman, Second Baseman  Shortstop",Both,Right,75,166,2001-04-04,"San Pedro de Macoris, Dominican Republic do",2023-09-01,10-0,https://www.baseball-reference.com/req/2025011210/images/headshots/2/233b23a2_mlbam.jpg
mayerma01,Marcelo Mayer,San Francisco Giants,"Second Baseman, Third Baseman  Shortstop",Left,Right,75,188,2002-12-12,"Chula Vista, CA us",2025-05-24,39-11-7,https://www.baseball-reference.com/req/2025011210/images/headshots/9/942bc316_mlbam.jpg
mayoco01,Coby Mayo,Baltimore Orioles,First Baseman  Third Baseman,Right,Right,77,225,2001-12-10,"Coral Springs, FL us",2024-08-02,16,https://www.baseball-reference.com/req/2025011210/images/headshots/c/ca05f29f_mlbam.jpg
mcadoch01,Charles McAdoo,Toronto Blue Jays,"Second Baseman, First Baseman  Third Baseman",Right,Right,72,210,2002-03-06,"Walnut Creek, CA us",2026-05-29,26,https://www.baseball-reference.com/req/2025011210/images/headshots/2/27887348_mlbam.jpg
mccanja02,James McCann,Arizona Diamondbacks,Catcher,Right,Right,74,235,1990-06-13,"Santa Barbara, CA us",2014-09-01,34-33-33-27-8,https://www.baseball-reference.com/req/2025011210/images/headshots/8/8eeedad0_mlbam.jpg
mccarja02,Jake McCarthy,Colorado Rockies,Outfielder,Left,Left,72,213,1997-07-30,"Scranton, PA us",2021-08-27,30-31-31-31,https://www.baseball-reference.com/req/2025011210/images/headshots/d/dac90005_mlbam.jpg
mccragr01,Grant McCray,San Francisco Giants,Outfielder,Left,Right,73,195,2000-12-07,"Billings, MT us",2024-08-14,58,https://www.baseball-reference.com/req/2025011210/images/headshots/9/9480c376_mlbam.jpg
mccutan01,Andrew McCutchen,,Centerfielder,Right,Right,70,190,1986-10-10,"Fort Meade, FL us",2009-06-04,22-22-26-22-24-4,https://www.baseball-reference.com/req/2025011210/images/headshots/f/f3998f8d_mlbam.jpg
mcgonke01,Kevin McGonigle,Detroit Tigers,Shortstop  Third Baseman,Left,Right,69,187,2004-08-18,"Media, PA us",2026-03-26,7,https://www.baseball-reference.com/req/2025011210/images/headshots/b/b507662b_mlbam.jpg
mcguire01,Reese McGuire,,Catcher,Left,Right,72,230,1995-03-02,"Seattle, WA us",2018-09-06,70-10-7-21-3-20-30,https://www.baseball-reference.com/req/2025011210/images/headshots/7/74e4a496_mlbam.jpg
mckinza01,Zach McKinstry,Detroit Tigers,"Rightfielder, Third Baseman  Second Baseman",Left,Right,71,180,1995-04-29,"Toledo, OH us",2020-09-16,8-6-39,https://www.baseball-reference.com/req/2025011210/images/headshots/d/d358c925_mlbam.jpg
mclaima01,Matt McLain,Cincinnati Reds,Second Baseman  Shortstop,Right,Right,68,180,1999-08-06,"Orange, CA us",2023-05-15,9,https://www.baseball-reference.com/req/2025011210/images/headshots/4/49e0a124_mlbam.jpg
mcmahry01,Ryan McMahon,New York Yankees,"Third Baseman, Second Baseman  First Baseman",Left,Right,74,211,1994-12-14,"Yorba Linda, CA us",2017-08-12,1-24-19,https://www.baseball-reference.com/req/2025011210/images/headshots/6/6731e251_mlbam.jpg
mcneije01,Jeff McNeil,Athletics,"Second Baseman, Outfielder  Third Baseman",Left,Right,72,195,1992-04-08,"Santa Barbara, CA us",2018-07-24,68-6-1-22,https://www.baseball-reference.com/req/2025011210/images/headshots/9/9f9b5610_mlbam.jpg
meadcu01,Curtis Mead,Boston Red Sox,"Third Baseman, First Baseman  Second Baseman",Right,Right,73,225,2000-10-26,"Adelaide, Australia au",2023-08-04,25-29-45-25,https://www.baseball-reference.com/req/2025011210/images/headshots/4/4828b852_mlbam.jpg
meadopa01,Parker Meadows,Detroit Tigers,Centerfielder,Left,Right,77,205,1999-11-02,"Atlanta, GA us",2023-08-21,22,https://www.baseball-reference.com/req/2025011210/images/headshots/d/d874b115_mlbam.jpg
mecklwa01,Wade Meckler,Los Angeles Angels,Leftfielder,Left,Right,69,190,2000-04-21,"Anaheim, CA us",2023-08-14,53-53,https://www.baseball-reference.com/req/2025011210/images/headshots/f/ff778cee_mlbam.jpg
medervi01,Víctor Mederos,Atlanta Braves,Pitcher,Right,Right,74,222,2001-06-08,"Santa Clara, Cuba cu",2023-06-30,58-62-58,https://www.baseball-reference.com/req/2025011210/images/headshots/5/5dbe130b_mlbam.jpg
meidrch01,Chase Meidroth,Chicago White Sox,Second Baseman  Shortstop,Right,Right,69,190,2001-07-23,"Torrance, CA us",2025-04-11,10,https://www.baseball-reference.com/req/2025011210/images/headshots/4/4d662d6e_mlbam.jpg
melenmj01,MJ Melendez,New York Mets,Leftfielder  Catcher,Left,Right,72,190,1998-11-29,"Daytona Beach, FL us",2022-05-03,1-1,https://www.baseball-reference.com/req/2025011210/images/headshots/3/38aff0a8_mlbam.jpg
menesjo01,Joey Meneses,Athletics,"Designated Hitter, First Baseman  Rightfielder",Right,Right,76,235,1992-05-06,"Culiacan, Mexico mx",2022-08-02,45-13,https://www.baseball-reference.com/req/2025011210/images/headshots/1/1afce307_mlbam.jpg
merrija01,Jackson Merrill,San Diego Padres,Centerfielder,Left,Right,74,195,2003-04-19,"Baltimore, MD us",2024-03-20,3,https://www.baseball-reference.com/req/2025011210/images/headshots/3/340ee4ba_mlbam.jpg
mesavi01,Víctor Mesa Jr.,Tampa Bay Rays,Rightfielder,Left,Left,71,195,2001-09-08,"La Habana, Cuba cu",2025-05-26,10-25,https://www.baseball-reference.com/req/2025011210/images/headshots/8/87226322_mlbam.jpg
meyerja02,Jake Meyers,Houston Astros,Centerfielder,Right,Left,72,200,1996-06-18,"Omaha, NE us",2021-08-01,6,https://www.baseball-reference.com/req/2025011210/images/headshots/7/706fb7e4_mlbam.jpg
mikolmi01,Miles Mikolas,,Pitcher,Right,Right,76,230,1988-08-23,"Jupiter, FL us",2012-05-05,39-36-39-36,https://www.baseball-reference.com/req/2025011210/images/headshots/a/a6fddfb0_mlbam.jpg
milladr01,Drew Millas,Washington Nationals,Catcher,Both,Right,72,204,1998-01-15,St,2023-08-28,81-14,https://www.baseball-reference.com/req/2025011210/images/headshots/6/6793f127_mlbam.jpg
misneka01,Kameron Misner,Philadelphia Phillies,Outfielder,Left,Left,75,220,1998-01-09,"Poplar Bluff, MO us",2024-08-02,26-26,https://www.baseball-reference.com/req/2025011210/images/headshots/0/093c719f_mlbam.jpg
mitchga01,Garrett Mitchell,Milwaukee Brewers,Centerfielder,Left,Right,74,229,1998-09-04,"Orange, CA us",2022-08-27,5,https://www.baseball-reference.com/req/2025011210/images/headshots/b/ba50f158_mlbam.jpg
monasan01,Andruw Monasterio,Boston Red Sox,"Shortstop, Third Baseman  Second Baseman",Right,Right,71,195,1997-05-30,"Caracas, Venezuela ve",2023-05-28,14-32,https://www.baseball-reference.com/req/2025011210/images/headshots/5/5a55ac62_mlbam.jpg
moncayo01,Yoán Moncada,Los Angeles Angels,Third Baseman  Second Baseman,Both,Right,72,220,1995-05-27,"Cienfuegos, Cuba cu",2016-09-02,65-10-5-10,https://www.baseball-reference.com/req/2025011210/images/headshots/a/a1f9b20b_mlbam.jpg
moniami01,Mickey Moniak,Colorado Rockies,Outfielder,Left,Right,73,209,1998-05-13,"Encinitas, CA us",2020-09-16,16-16-22,https://www.baseball-reference.com/req/2025011210/images/headshots/1/1f506229_mlbam.jpg
montela01,Lázaro Montes,Seattle Mariners,"Rightfielder, Pinch Hitter  Designated Hitter",Left,Right,77,250,2004-10-22,"La Habana, Cuba cu",2026-09-01,99,https://www.baseball-reference.com/req/2025011210/images/headshots/1/129078c7_mlbam.jpg
montgbr01,Braden Montgomery,Chicago White Sox,Rightfielder,Both,Right,74,220,2003-04-16,"Des Moines, IA us",2026-06-09,24,https://www.baseball-reference.com/req/2025011210/images/headshots/8/8b796b2d_mlbam.jpg
montgco01,Colson Montgomery,Chicago White Sox,Shortstop  Third Baseman,Left,Right,75,230,2002-02-27,"Holland, IN us",2025-07-04,12,https://www.baseball-reference.com/req/2025011210/images/headshots/b/b303bcd1_mlbam.jpg
moorech03,Christian Moore,Los Angeles Angels,Second Baseman  Leftfielder,Right,Right,72,210,2002-10-21,"Brooklyn, NY us",2025-06-13,4,https://www.baseball-reference.com/req/2025011210/images/headshots/4/4719594e_mlbam.jpg
mooredy01,Dylan Moore,Philadelphia Phillies,"Outfielder, Second Baseman  Shortstop",Right,Right,73,205,1992-08-02,"Yorba Linda, CA us",2019-03-20,25-25-25,https://www.baseball-reference.com/req/2025011210/images/headshots/6/6596c8a7_mlbam.jpg
morabni01,Nick Morabito,New York Mets,Leftfielder  Pinch Runner,Right,Right,70,185,2003-05-07,"McLean, VA us",2026-05-19,55-8,https://www.baseball-reference.com/req/2025011210/images/headshots/3/3d0538d2_mlbam.jpg
moralyo01,Yohandy Morales,Washington Nationals,First Baseman  Pinch Hitter,Right,Right,75,225,2001-10-09,"Miami, FL us",2026-09-01,28,https://www.baseball-reference.com/req/2025011210/images/headshots/5/520dbb63_mlbam.jpg
morelch01,Christopher Morel,New York Mets,"Outfielder, Designated Hitter  Third Baseman",Right,Right,72,200,1999-06-24,"Santiago, Dominican Republic do",2022-05-17,5-24-5-28,https://www.baseball-reference.com/req/2025011210/images/headshots/8/8c1c5a6d_mlbam.jpg
morenga01,Gabriel Moreno,Arizona Diamondbacks,Catcher,Right,Right,69,200,2000-02-14,"Barquisimeto, Venezuela ve",2022-06-11,55-14-14,https://www.baseball-reference.com/req/2025011210/images/headshots/3/333a87aa_mlbam.jpg
mountry01,Ryan Mountcastle,Baltimore Orioles,First Baseman  Leftfielder,Right,Right,75,230,1997-02-18,"Winter Springs, FL us",2020-08-21,6,https://www.baseball-reference.com/req/2025011210/images/headshots/3/3b8220e7_mlbam.jpg
mullice01,Cedric Mullins,Tampa Bay Rays,Centerfielder,Left,Left,67,175,1994-10-01,"Greensboro, NC us",2018-08-10,3-31-28-31,https://www.baseball-reference.com/req/2025011210/images/headshots/2/24bf4355_mlbam.jpg
muncyma01,Max Muncy,Los Angeles Dodgers,"Third Baseman, First Baseman  Second Baseman",Left,Right,70,215,1990-08-25,"Midland, TX us",2015-04-25,50-12-13,https://www.baseball-reference.com/req/2025011210/images/headshots/6/65e6cf19_mlbam.jpg
muncyma02,Max Muncy,Athletics,"Third Baseman, Second Baseman  Shortstop",Right,Right,72,180,2002-08-25,"Camarillo, CA us",2025-03-27,10-3,https://www.baseball-reference.com/req/2025011210/images/headshots/c/c9fd0345_mlbam.jpg
murakmu01,Munetaka Murakami,Chicago White Sox,First Baseman,Left,Right,74,213,2000-02-02,"Kumamoto, Japan jp",2026-03-26,5,https://www.baseball-reference.com/req/2025011210/images/headshots/1/19ea8fef_mlbam.jpg
murphse01,Sean Murphy,Atlanta Braves,Catcher,Right,Right,75,228,1994-10-04,"Peekskill, NY us",2019-09-04,12-12,https://www.baseball-reference.com/req/2025011210/images/headshots/b/b469610e_mlbam.jpg
murrabj01,B.J. Murray,Chicago Cubs,First Baseman  Pinch Hitter,Both,Right,71,205,2000-01-05,"Nassau, Bahamas bs",2026-09-01,83,https://www.baseball-reference.com/req/2025011210/images/headshots/f/fafeb2b6_mlbam.jpg
murrata01,Tanner Murray,Chicago White Sox,"Leftfielder, Third Baseman  Shortstop",Right,Right,73,190,1999-09-03,"Santa Clara, CA us",2026-04-05,41,https://www.baseball-reference.com/req/2025011210/images/headshots/1/1c6c0184_mlbam.jpg
myersda01,Dane Myers,Cincinnati Reds,Centerfielder,Right,Right,72,205,1996-03-08,"Columbus, TX us",2023-07-04,54-17,https://www.baseball-reference.com/req/2025011210/images/headshots/6/6f24950c_mlbam.jpg
narvaca01,Carlos Narváez,Baltimore Orioles,Catcher,Right,Right,71,190,1998-11-26,"Maracay, Venezuela ve",2024-07-20,94-75-75,https://www.baseball-reference.com/req/2025011210/images/headshots/3/3721d9f7_mlbam.jpg
navarbr01,Brian Navarreto,Miami Marlins,Catcher,Right,Right,73,233,1994-12-29,"Bayamon, Puerto Rico pr",2020-08-23,87-70-64,https://www.baseball-reference.com/req/2025011210/images/headshots/a/a86ebbbf_mlbam.jpg
naylobo01,Bo Naylor,Milwaukee Brewers,Catcher,Left,Right,69,205,2000-02-21,"Mississauga, ON, Canada ca",2022-10-01,44-23-14,https://www.baseball-reference.com/req/2025011210/images/headshots/1/11ffa8a9_mlbam.jpg
naylojo01,Josh Naylor,Seattle Mariners,First Baseman  Outfielder,Left,Left,70,235,1997-06-22,"Mississauga, ON, Canada ca",2019-05-24,22-22-31-22-22-12,https://www.baseball-reference.com/req/2025011210/images/headshots/c/c863fb37_mlbam.jpg
netoza01,Zach Neto,Los Angeles Angels,Shortstop,Right,Right,71,185,2001-01-31,"Miami, FL us",2023-04-15,9,https://www.baseball-reference.com/req/2025011210/images/headshots/9/99c490f1_mlbam.jpg
nimmobr01,Brandon Nimmo,Texas Rangers,Outfielder,Left,Right,73,206,1993-03-27,"Cheyenne, WY us",2016-06-26,9-24,https://www.baseball-reference.com/req/2025011210/images/headshots/f/f6e0a3dd_mlbam.jpg
nishiri01,Rikuu Nishida,Chicago White Sox,Rightfielder  Second Baseman,Left,Right,66,150,2001-05-06,"Osaka, Japan jp",2026-05-25,51,https://www.baseball-reference.com/req/2025011210/images/headshots/a/a5fb3703_milb.jpg
nootbla01,Lars Nootbaar,Arizona Diamondbacks,Outfielder,Left,Right,73,205,1997-09-08,"El Segundo, CA us",2021-06-22,68-21-21,https://www.baseball-reference.com/req/2025011210/images/headshots/0/077f74b1_mlbam.jpg
norbyco01,Connor Norby,Colorado Rockies,"Third Baseman, First Baseman  Second Baseman",Right,Right,70,180,2000-06-08,"Brooklyn Park, MN us",2024-06-03,12-24-1-35,https://www.baseball-reference.com/req/2025011210/images/headshots/4/43d88135_mlbam.jpg
nunezna01,Nasim Nuñez,Washington Nationals,Second Baseman  Shortstop,Both,Right,68,165,2000-08-18,"Bronx, NY us",2024-03-30,26,https://www.baseball-reference.com/req/2025011210/images/headshots/e/e9091b65_mlbam.jpg
ohearry01,Ryan O'Hearn,Pittsburgh Pirates,First Baseman  Rightfielder,Left,Left,74,220,1993-07-26,"Dunedin, FL us",2018-07-31,66-32-32-29,https://www.baseball-reference.com/req/2025011210/images/headshots/7/7b084b1d_mlbam.jpg
ohopplo01,Logan O'Hoppe,Texas Rangers,Catcher,Right,Right,74,225,2000-02-09,"West Islip, NY us",2022-09-28,14-4,https://www.baseball-reference.com/req/2025011210/images/headshots/b/bc765323_mlbam.jpg
ohtansh01,Shohei Ohtani,Los Angeles Dodgers,Designated Hitter  Pitcher,Left,Right,76,210,1994-07-05,"Oshu, Japan jp",2018-03-29,17-17,https://www.baseball-reference.com/req/2025011210/images/headshots/2/270bfa31_mlbam.jpg
okamoka01,Kazuma Okamoto,Toronto Blue Jays,Third Baseman  First Baseman,Right,Right,73,220,1996-06-30,"Gojo, Japan jp",2026-03-27,7,https://www.baseball-reference.com/req/2025011210/images/headshots/c/c6b64865_mlbam.jpg
olivaja01,Jared Oliva,Tampa Bay Rays,Outfielder,Right,Right,74,202,1995-11-27,"Santa Clarita, CA us",2020-09-21,76-14-56,https://www.baseball-reference.com/req/2025011210/images/headshots/b/be7bf2b1_mlbam.jpg
olsonma02,Matt Olson,Atlanta Braves,First Baseman,Left,Right,76,225,1994-03-29,"Atlanta, GA us",2016-09-12,13-26-28-28,https://www.baseball-reference.com/req/2025011210/images/headshots/d/d56aad2b_mlbam.jpg
oneilty01,Tyler O'Neill,Baltimore Orioles,Leftfielder,Right,Right,69,200,1995-06-22,"Burnaby, BC, Canada ca",2018-04-19,41-27-17-9,https://www.baseball-reference.com/req/2025011210/images/headshots/7/76d31fbd_mlbam.jpg
orneljo01,Jonathan Ornelas,Milwaukee Brewers,"Shortstop, Third Baseman  Second Baseman",Right,Right,73,196,2000-05-26,"Glendale, AZ us",2023-08-07,36-21-24-19-11-13,https://www.baseball-reference.com/req/2025011210/images/headshots/1/104210c1_mlbam.jpg
ortizab01,Abimelec Ortiz,Washington Nationals,First Baseman,Left,Left,70,230,2002-02-22,"Bayamon, Puerto Rico pr",2026-07-12,81,https://www.baseball-reference.com/req/2025011210/images/headshots/f/ffe717a3_mlbam.jpg
ortizjo06,Joey Ortiz,Milwaukee Brewers,Shortstop  Third Baseman,Right,Right,70,192,1998-07-14,"Garden Grove, CA us",2023-04-27,65-3,https://www.baseball-reference.com/req/2025011210/images/headshots/1/17e7e436_mlbam.jpg
osunaal02,Alejandro Osuna,Texas Rangers,Leftfielder,Left,Left,69,185,2002-10-10,"Ahome, Mexico mx",2025-05-25,19,https://www.baseball-reference.com/req/2025011210/images/headshots/8/8c04349e_mlbam.jpg
outmaja01,James Outman,Detroit Tigers,Centerfielder,Left,Right,74,215,1997-05-14,"Redwood City, CA us",2022-07-31,77-33-43-30-43,https://www.baseball-reference.com/req/2025011210/images/headshots/3/3fcfedcf_mlbam.jpg
ozunama01,Marcell Ozuna,,Outfielder  Designated Hitter,Right,Right,73,251,1990-11-12,"Santo Domingo, Dominican Republic do",2013-04-30,48-13-23-20-24,https://www.baseball-reference.com/req/2025011210/images/headshots/1/184190ef_mlbam.jpg
pachecr01,Cristian Pache,New York Mets,Centerfielder,Right,Right,74,215,1998-11-19,"Santo Domingo Centro, Dominican Republic do",2020-08-21,14-25-20-19-26-20-71,https://www.baseball-reference.com/req/2025011210/images/headshots/a/aad23cca_mlbam.jpg
pagesan01,Andy Pages,Los Angeles Dodgers,Centerfielder,Right,Right,73,212,2000-12-08,"La Habana, Cuba cu",2024-04-16,84-44,https://www.baseball-reference.com/req/2025011210/images/headshots/8/8ab80f5b_mlbam.jpg
pagespe02,Pedro Pagés,St. Louis Cardinals,Catcher,Right,Right,71,245,1998-09-17,"Maracay, Venezuela ve",2024-04-07,43,https://www.baseball-reference.com/req/2025011210/images/headshots/e/e20b9e21_mlbam.jpg
palacri01,Richie Palacios,Tampa Bay Rays,Second Baseman  Outfielder,Left,Right,68,185,1997-05-16,"Brooklyn, NY us",2022-04-25,9-67-1,https://www.baseball-reference.com/req/2025011210/images/headshots/1/1ec26401_mlbam.jpg
paredis01,Isaac Paredes,Houston Astros,"Third Baseman, First Baseman  Second Baseman",Right,Right,71,213,1999-02-18,"Hermosillo, Mexico mx",2020-08-17,19-17-17-15,https://www.baseball-reference.com/req/2025011210/images/headshots/c/c06ec0de_mlbam.jpg
parisky01,Kyren Paris,Los Angeles Angels,"Second Baseman, Centerfielder  Shortstop",Right,Right,70,180,2001-11-11,"Oakley, CA us",2023-09-01,19,https://www.baseball-reference.com/req/2025011210/images/headshots/c/cdd6b57a_mlbam.jpg
pasquvi01,Vinnie Pasquantino,Kansas City Royals,First Baseman,Left,Left,75,245,1997-10-10,"Richmond, VA us",2022-06-28,9,https://www.baseball-reference.com/req/2025011210/images/headshots/f/f7055dea_mlbam.jpg
paulegr01,Graham Pauley,Miami Marlins,"Third Baseman, First Baseman  Second Baseman",Left,Right,73,200,2000-09-24,"Alpharetta, GA us",2024-03-20,22-21,https://www.baseball-reference.com/req/2025011210/images/headshots/a/a3dbb4f4_mlbam.jpg
peckjo01,John Peck,Detroit Tigers,Shortstop,Right,Right,72,185,2002-07-18,"Moorpark, CA us",2026-08-31,18,https://www.baseball-reference.com/req/2025011210/images/headshots/9/9dc5b1f7_mlbam.jpg
pederjo01,Joc Pederson,Texas Rangers,Outfielder  Designated Hitter,Left,Left,73,220,1992-04-21,"Palo Alto, CA us",2014-09-01,65-31-24-22-23-3-4-3,https://www.baseball-reference.com/req/2025011210/images/headshots/c/cbfe7ac9_mlbam.jpg
penaje02,Jeremy Peña,Houston Astros,Shortstop,Right,Right,72,202,1997-09-22,"Santo Domingo, Dominican Republic do",2022-04-07,3,https://www.baseball-reference.com/req/2025011210/images/headshots/6/6d0c2e4f_mlbam.jpg
perazos02,Oswald Peraza,Los Angeles Angels,"Third Baseman, Second Baseman  Shortstop",Right,Right,71,200,2000-06-15,"Barquisimeto, Venezuela ve",2022-09-02,91-18-10-2,https://www.baseball-reference.com/req/2025011210/images/headshots/8/8debd41f_mlbam.jpg
perdoge01,Geraldo Perdomo,Arizona Diamondbacks,Shortstop  Second Baseman,Both,Right,74,210,1999-10-22,"Santo Domingo, Dominican Republic do",2021-04-03,2-2,https://www.baseball-reference.com/req/2025011210/images/headshots/b/b9f840a3_mlbam.jpg
peredjh01,Jhonny Pereda,Seattle Mariners,Catcher  Pitcher,Right,Right,73,202,1996-04-18,"San Juan, Venezuela ve",2024-04-17,89-64-65-5,https://www.baseball-reference.com/req/2025011210/images/headshots/4/4f389d87_mlbam.jpg
pereiev01,Everson Pereira,St. Louis Cardinals,Outfielder,Right,Right,71,203,2001-04-10,"Cabudare, Venezuela ve",2023-08-22,80-45-28-21,https://www.baseball-reference.com/req/2025011210/images/headshots/7/7f114ac2_mlbam.jpg
perezju03,Junior Pérez,Chicago White Sox,Outfielder,Right,Right,72,165,2001-07-04,"San Cristobal, Dominican Republic do",2026-06-18,37,https://www.baseball-reference.com/req/2025011210/images/headshots/2/29cdc41b_mlbam.jpg
perezsa02,Salvador Perez,Kansas City Royals,Catcher  First Baseman,Right,Right,74,255,1990-05-10,"Valencia, Venezuela ve",2011-08-10,13,https://www.baseball-reference.com/req/2025011210/images/headshots/b/b6654965_mlbam.jpg
perezwe01,Wenceel Pérez,Detroit Tigers,Rightfielder,Both,Right,71,203,1999-10-30,"Azua, Dominican Republic do",2024-04-08,46,https://www.baseball-reference.com/req/2025011210/images/headshots/7/70dd19e5_mlbam.jpg
perkibl01,Blake Perkins,Cleveland Guardians,Centerfielder,Both,Right,72,185,1996-09-10,"Litchfield Park, AZ us",2023-04-19,16,https://www.baseball-reference.com/req/2025011210/images/headshots/3/3f9bc524_mlbam.jpg
petertr01,Tristan Peters,Chicago White Sox,Centerfielder,Left,Right,72,180,2000-02-29,"Winkler, MB, Canada ca",2025-08-08,25-29,https://www.baseball-reference.com/req/2025011210/images/headshots/2/240aac10_mlbam.jpg
phamth01,Tommy Pham,Chicago White Sox,Leftfielder,Right,Right,73,225,1988-03-08,"Las Vegas, NV us",2014-09-09,60-28-29-28-28-22-28-28-28-29-22-28-39-21,https://www.baseball-reference.com/req/2025011210/images/headshots/6/6e62bd4f_mlbam.jpg
pinanyo01,Yohendrick Piñango,Toronto Blue Jays,Leftfielder,Left,Left,70,170,2002-05-07,"Carora, Venezuela ve",2026-04-26,24,https://www.baseball-reference.com/req/2025011210/images/headshots/2/23d1c04b_mlbam.jpg
pinckan01,Andrew Pinckney,Washington Nationals,Outfielder,Right,Right,76,215,2000-12-07,"Tuscaloosa, AL us",2026-08-05,45,https://www.baseball-reference.com/req/2025011210/images/headshots/0/0c1fe2ed_mlbam.jpg
piperke01,Kenny Piper,Tampa Bay Rays,Catcher  Pinch Runner,Right,Right,70,190,1998-07-12,"Florissant, MO us",2026-08-03,50,https://www.baseball-reference.com/req/2025011210/images/headshots/2/27322b76_mlbam.jpg
polanjo01,Jorge Polanco,New York Mets,Shortstop  Second Baseman,Both,Right,72,208,1993-07-05,"San Pedro de Macoris, Dominican Republic do",2014-06-26,11-11-7-11,https://www.baseball-reference.com/req/2025011210/images/headshots/0/088d3244_mlbam.jpg
portelo01,Logan Porter,Los Angeles Angels,Catcher  Pitcher,Right,Right,71,212,1995-07-12,"Phoenix, AZ us",2023-09-12,88-13-33,https://www.baseball-reference.com/req/2025011210/images/headshots/3/3c219fff_mlbam.jpg
pozoyo01,Yohel Pozo,Baltimore Orioles,"Catcher, Pinch Hitter  First Baseman",Right,Right,71,201,1997-06-14,"Maracaibo, Venezuela ve",2021-08-13,37-63-79,https://www.baseball-reference.com/req/2025011210/images/headshots/8/8c19f251_mlbam.jpg
prattco01,Cooper Pratt,Milwaukee Brewers,Shortstop,Right,Right,76,210,2004-08-18,"Hialeah, FL us",2026-06-16,12,https://www.baseball-reference.com/req/2025011210/images/headshots/6/63bc6e30_mlbam.jpg
priceco01,Collin Price,Houston Astros,"Catcher, Pinch Hitter  First Baseman",Right,Right,76,225,1999-11-15,"Suwanee, GA us",2026-06-04,37,https://www.baseball-reference.com/req/2025011210/images/headshots/1/1684408c_mlbam.jpg
prietce01,César Prieto,St. Louis Cardinals,"Third Baseman, Pinch Hitter  Second Baseman",Left,Right,69,195,1999-05-10,"Cienfuegos, Cuba cu",2025-08-29,31,https://www.baseball-reference.com/req/2025011210/images/headshots/1/1c59de6b_mlbam.jpg
queroed01,Edgar Quero,Chicago White Sox,Catcher,Both,Right,70,205,2003-04-06,"Cienfuegos, Cuba cu",2025-04-17,7-26,https://www.baseball-reference.com/req/2025011210/images/headshots/3/305127cd_mlbam.jpg
queroje01,Jeferson Quero,Milwaukee Brewers,Catcher,Right,Right,72,203,2002-10-08,"Barquisimeto, Venezuela ve",2026-03-29,15,https://www.baseball-reference.com/req/2025011210/images/headshots/2/284f81ec_mlbam.jpg
rafaece01,Ceddanne Rafaela,Boston Red Sox,"Centerfielder, Shortstop  Second Baseman",Right,Right,70,165,2000-09-18,"Willemstad, Curacao cw",2023-08-28,43-3,https://www.baseball-reference.com/req/2025011210/images/headshots/9/9f811bb1_mlbam.jpg
raleica01,Cal Raleigh,Seattle Mariners,Catcher,Both,Right,74,235,1996-11-26,"Harrisonburg, VA us",2021-07-11,29,https://www.baseball-reference.com/req/2025011210/images/headshots/a/a4e8f44e_mlbam.jpg
raleylu01,Luke Raley,Seattle Mariners,Outfielder  First Baseman,Left,Right,75,235,1994-09-19,"Hinckley, OH us",2021-04-09,37-62-55-20,https://www.baseball-reference.com/req/2025011210/images/headshots/5/58117e59_mlbam.jpg
ramirag01,Agustín Ramírez,Miami Marlins,Designated Hitter  Catcher,Right,Right,73,210,2001-09-10,"Santo Domingo, Dominican Republic do",2025-04-21,50,https://www.baseball-reference.com/req/2025011210/images/headshots/b/bacbf7fa_mlbam.jpg
ramirjo01,José Ramírez,Cleveland Guardians,"Third Baseman, Second Baseman  Shortstop",Both,Right,68,190,1992-09-17,"Bani, Dominican Republic do",2013-09-01,62-11,https://www.baseball-reference.com/req/2025011210/images/headshots/e/e3e66986_mlbam.jpg
ramirpe01,Pedro Ramírez,Chicago Cubs,"Second Baseman, Third Baseman  First Baseman",Both,Right,69,165,2004-04-01,"Temblador, Venezuela ve",2026-05-23,75,https://www.baseball-reference.com/req/2025011210/images/headshots/4/46d05166_mlbam.jpg
ramoshe02,Heliot Ramos,New York Yankees,Leftfielder,Right,Right,71,235,1999-09-07,"Humacao, Puerto Rico pr",2022-04-10,53-12-17-34,https://www.baseball-reference.com/req/2025011210/images/headshots/c/c5578b37_mlbam.jpg
ravejo01,John Rave,Kansas City Royals,Outfielder,Left,Left,70,194,1997-12-30,"Canton, IL us",2025-05-26,26-16,https://www.baseball-reference.com/req/2025011210/images/headshots/9/917b2744_mlbam.jpg
realmjt01,J.T. Realmuto,Philadelphia Phillies,Catcher,Right,Right,72,212,1991-03-18,"Del City, OK us",2014-06-05,60-20-11-10,https://www.baseball-reference.com/req/2025011210/images/headshots/9/969737fb_mlbam.jpg
refsnro01,Rob Refsnyder,,"Outfielder, Pinch Hitter  Second Baseman",Right,Right,71,215,1991-03-26,"Seoul, South Korea kr",2015-07-11,64-38-30-39-8-14-38-30-30,https://www.baseball-reference.com/req/2025011210/images/headshots/0/08c68ab4_mlbam.jpg
rengilu01,Luis Rengifo,San Diego Padres,"Second Baseman, Third Baseman  Shortstop",Both,Right,69,204,1997-02-26,"Naguanagua, Venezuela ve",2019-04-25,4-2-13-21,https://www.baseball-reference.com/req/2025011210/images/headshots/5/5398c546_mlbam.jpg
reyesfe01,Félix Reyes,Philadelphia Phillies,"Leftfielder, First Baseman  Third Baseman",Right,Right,75,195,2001-03-26,"Bani, Dominican Republic do",2026-04-18,29,https://www.baseball-reference.com/req/2025011210/images/headshots/0/0f491cd0_mlbam.jpg
reynobr01,Bryan Reynolds,Pittsburgh Pirates,Outfielder,Both,Right,74,210,1995-01-27,"Baltimore, MD us",2019-04-20,10,https://www.baseball-reference.com/req/2025011210/images/headshots/6/6b3d4f0c_mlbam.jpg
ricebe01,Ben Rice,New York Yankees,"First Baseman, Designated Hitter  Catcher",Left,Right,74,228,1999-02-22,"Cohasset, MA us",2024-06-18,93-22,https://www.baseball-reference.com/req/2025011210/images/headshots/8/8a617cf2_mlbam.jpg
rileyau01,Austin Riley,Atlanta Braves,Third Baseman  Leftfielder,Right,Right,73,225,1997-04-02,"Memphis, TN us",2019-05-15,27,https://www.baseball-reference.com/req/2025011210/images/headshots/9/9c38fff5_mlbam.jpg
rincoga01,Gabriel Rincones Jr.,Philadelphia Phillies,Rightfielder,Left,Right,75,225,2001-03-03,"Boynton Beach, FL us",2026-06-12,17,https://www.baseball-reference.com/req/2025011210/images/headshots/5/552e1bf4_mlbam.jpg
rittery01,Ryan Ritter,Colorado Rockies,Second Baseman  Shortstop,Right,Right,73,209,2000-11-10,"Evergreen Park, IL us",2025-06-06,8,https://www.baseball-reference.com/req/2025011210/images/headshots/f/fe9fc3b2_mlbam.jpg
rivasle01,Leo Rivas,Seattle Mariners,"Shortstop, Second Baseman  Third Baseman",Both,Right,67,150,1997-10-10,"Maracay, Venezuela ve",2024-04-28,76,https://www.baseball-reference.com/req/2025011210/images/headshots/a/a0160fd2_mlbam.jpg
riverse01,Sebastián Rivero,Los Angeles Angels,Catcher,Right,Right,73,210,1998-11-16,"Maracay, Venezuela ve",2021-05-08,48-38,https://www.baseball-reference.com/req/2025011210/images/headshots/b/b422a00e_mlbam.jpg
roberlu01,Luis Robert Jr.,Baltimore Orioles,Centerfielder,Right,Right,74,225,1997-08-03,"Ciego de Avila, Cuba cu",2020-07-24,88-88-88,https://www.baseball-reference.com/req/2025011210/images/headshots/c/c115568b_mlbam.jpg
robinch04,Chuckie Robinson,Atlanta Braves,Catcher,Right,Right,72,215,1994-12-14,"Danville, IL us",2022-08-24,73-47-52,https://www.baseball-reference.com/req/2025011210/images/headshots/a/adcd4148_mlbam.jpg
roblevi01,Víctor Robles,Seattle Mariners,Centerfielder,Right,Right,72,193,1997-05-19,"Santo Domingo Este, Dominican Republic do",2017-09-07,14-16-10,https://www.baseball-reference.com/req/2025011210/images/headshots/b/bab8e489_mlbam.jpg
rocchbr01,Brayan Rocchio,Cleveland Guardians,Shortstop  Second Baseman,Both,Right,69,170,2001-01-13,"Caracas, Venezuela ve",2023-05-16,6-4,https://www.baseball-reference.com/req/2025011210/images/headshots/5/534f406c_mlbam.jpg
roddebr01,Brock Rodden,Seattle Mariners,Third Baseman  Shortstop,Both,Right,67,170,2000-05-25,"Durant, OK us",2026-08-14,90,https://www.baseball-reference.com/req/2025011210/images/headshots/0/0ca10c0f_mlbam.jpg
rodenal01,Alan Roden,Minnesota Twins,Outfielder,Left,Right,71,215,1999-12-22,"Middleton, WI us",2025-03-27,18-19-18,https://www.baseball-reference.com/req/2025011210/images/headshots/2/2be387da_mlbam.jpg
rodriem01,Emmanuel Rodríguez,Minnesota Twins,Outfielder,Left,Left,71,210,2003-02-28,"Santiago, Dominican Republic do",2026-09-12,21,https://www.baseball-reference.com/req/2025011210/images/headshots/6/63b30d6a_mlbam.jpg
rodrien01,Endy Rodríguez,Pittsburgh Pirates,Catcher  First Baseman,Both,Right,72,207,2000-05-26,"Santiago, Dominican Republic do",2023-07-17,25-5-13,https://www.baseball-reference.com/req/2025011210/images/headshots/e/e1ebbf03_mlbam.jpg
rodrihe05,Héctor Rodríguez,Cincinnati Reds,Rightfielder,Left,Right,70,200,2004-03-11,"Santo Domingo, Dominican Republic do",2026-08-04,43,https://www.baseball-reference.com/req/2025011210/images/headshots/e/ec1b8fc3_mlbam.jpg
rodrije02,Jesús Rodríguez,San Francisco Giants,"Catcher, Pinch Hitter  Outfielder",Right,Right,70,201,2002-04-23,"La Victoria, Venezuela ve",2026-05-04,79,https://www.baseball-reference.com/req/2025011210/images/headshots/6/63a49ad1_mlbam.jpg
rodrijo10,Johnathan Rodríguez,Athletics,Rightfielder,Right,Right,74,224,1999-11-04,"Bayamon, Puerto Rico pr",2024-05-21,30-62,https://www.baseball-reference.com/req/2025011210/images/headshots/b/bc1faa70_mlbam.jpg
rodriju01,Julio Rodríguez,Seattle Mariners,Centerfielder,Right,Right,76,228,2000-12-29,"Loma de Cabrera, Dominican Republic do",2022-04-08,44,https://www.baseball-reference.com/req/2025011210/images/headshots/9/984393c9_mlbam.jpg
rogerja03,Jake Rogers,Chicago White Sox,Catcher,Right,Right,71,201,1995-04-18,"Canyon, TX us",2019-07-30,34-27-46-28,https://www.baseball-reference.com/req/2025011210/images/headshots/3/39ab47fe_mlbam.jpg
rojasjo01,Josh Rojas,Kansas City Royals,"Third Baseman, Second Baseman  Outfielder",Left,Right,73,200,1994-06-30,"Litchfield Park, AZ us",2019-08-12,9-10-4-5-40,https://www.baseball-reference.com/req/2025011210/images/headshots/b/b25bce57_mlbam.jpg
rojasmi02,Miguel Rojas,Los Angeles Dodgers,"Shortstop, Second Baseman  Third Baseman",Right,Right,70,188,1989-02-24,"Los Teques, Venezuela ve",2014-06-06,72-19-19-11-11,https://www.baseball-reference.com/req/2025011210/images/headshots/3/32451568_mlbam.jpg
romodr01,Drew Romo,Chicago White Sox,Catcher,Both,Right,72,205,2001-08-29,"Fountain Valley, CA us",2024-08-17,3-36,https://www.baseball-reference.com/req/2025011210/images/headshots/6/6a5bd59c_mlbam.jpg
rookebr01,Brent Rooker,Athletics,Designated Hitter  Outfielder,Right,Right,75,225,1994-11-01,"Germantown, TN us",2020-09-04,50-12-55-25,https://www.baseball-reference.com/req/2025011210/images/headshots/6/665cc19a_mlbam.jpg
rortvbe01,Ben Rortvedt,Los Angeles Dodgers,Catcher,Left,Right,70,210,1997-09-25,"Madison, WI us",2021-04-30,70-38-30-47,https://www.baseball-reference.com/req/2025011210/images/headshots/7/790b568f_mlbam.jpg
rosaram01,Amed Rosario,New York Yankees,"Shortstop, Third Baseman  Second Baseman",Right,Right,73,227,1995-11-20,"Santo Domingo, Dominican Republic do",2017-08-01,1-1-31-10-27-38-13-14,https://www.baseball-reference.com/req/2025011210/images/headshots/3/33fdfb35_mlbam.jpg
rossbe01,Ben Ross,Minnesota Twins,"Shortstop, Second Baseman  Third Baseman",Right,Right,72,180,2001-06-06,"Springfield, OH us",2026-09-01,1,https://www.baseball-reference.com/req/2025011210/images/headshots/c/ce4e0d71_mlbam.jpg
rosssh01,Shawn Ross,Toronto Blue Jays,First Baseman  Catcher,Right,Right,72,215,1999-09-30,"Santurce, Puerto Rico pr",2026-07-25,73,https://www.baseball-reference.com/req/2025011210/images/headshots/2/23ab70d2_mlbam.jpg
ruizes01,Esteury Ruiz,Miami Marlins,Outfielder,Right,Right,71,169,1999-02-15,"Azua, Dominican Republic do",2022-07-12,43-13-1-27-3,https://www.baseball-reference.com/req/2025011210/images/headshots/e/ebc3099d_mlbam.jpg
ruizke01,Keibert Ruiz,Washington Nationals,Catcher,Both,Right,71,238,1998-07-20,"Valencia, Venezuela ve",2020-08-16,25-20,https://www.baseball-reference.com/req/2025011210/images/headshots/d/d80d2c11_mlbam.jpg
rumfitj01,TJ Rumfield,Colorado Rockies,First Baseman,Left,Right,77,238,2000-05-17,"Richmond, VA us",2026-03-27,7,https://www.baseball-reference.com/req/2025011210/images/headshots/c/c3fb5abe_mlbam.jpg
rushida01,Dalton Rushing,Los Angeles Dodgers,Catcher  First Baseman,Left,Right,72,220,2001-02-21,"Memphis, TN us",2025-05-15,68,https://www.baseball-reference.com/req/2025011210/images/headshots/2/25a0949a_mlbam.jpg
rutscad01,Adley Rutschman,Boston Red Sox,Catcher,Both,Right,73,230,1998-02-06,"Portland, OR us",2022-05-21,35-31,https://www.baseball-reference.com/req/2025011210/images/headshots/0/064c7618_mlbam.jpg
sabataa01,Aaron Sabato,Minnesota Twins,First Baseman  Pinch Hitter,Right,Right,72,230,1999-06-04,"Rye, NY us",2026-09-21,31,https://www.baseball-reference.com/req/2025011210/images/headshots/c/ca811892_mlbam.jpg
saggeth01,Thomas Saggese,St. Louis Cardinals,"Second Baseman, Shortstop  Third Baseman",Right,Right,70,185,2002-04-10,"Carlsbad, CA us",2024-09-10,25,https://www.baseball-reference.com/req/2025011210/images/headshots/a/a631bf89_mlbam.jpg
salaset01,Ethan Salas,San Diego Padres,"Catcher, Pinch Hitter  Designated Hitter",Left,Right,73,185,2006-06-01,"Kissimmee, FL us",2026-09-02,8,https://www.baseball-reference.com/req/2025011210/images/headshots/c/c1c0259e_mlbam.jpg
salazce01,César Salazar,Houston Astros,"Catcher, Pinch Hitter  Pitcher",Left,Right,68,198,1996-03-15,"Hermosillo, Mexico mx",2023-04-02,18,https://www.baseball-reference.com/req/2025011210/images/headshots/e/e32eff85_mlbam.jpg
sanchal04,Ali Sánchez,New York Yankees,Catcher,Right,Right,72,200,1997-01-20,"Carora, Venezuela ve",2020-08-10,70-41-47-20-18-39,https://www.baseball-reference.com/req/2025011210/images/headshots/f/fa41214c_mlbam.jpg
sanchga02,Gary Sánchez,Milwaukee Brewers,Catcher,Right,Right,74,251,1992-12-02,"Santo Domingo, Dominican Republic do",2015-10-03,73-57-24-24-33-99-99-99,https://www.baseball-reference.com/req/2025011210/images/headshots/a/a3a58791_mlbam.jpg
sanchje02,Jesús Sánchez,Arizona Diamondbacks,Outfielder,Left,Right,75,222,1997-10-07,"Higuey, Dominican Republic do",2020-08-21,76-7-12-4-12-18,https://www.baseball-reference.com/req/2025011210/images/headshots/e/ec0fcbe7_mlbam.jpg
sanojja01,Javier Sanoja,Miami Marlins,"Third Baseman, Outfielder  Second Baseman",Right,Right,67,150,2002-09-03,"Maracay, Venezuela ve",2024-09-07,86-46-8,https://www.baseball-reference.com/req/2025011210/images/headshots/8/8645de29_mlbam.jpg
santaca01,Carlos Santana,,First Baseman  Catcher,Both,Right,70,210,1986-04-08,"Santo Domingo, Dominican Republic do",2010-06-11,41-41-41-41-41-41-30-41-41,https://www.baseball-reference.com/req/2025011210/images/headshots/6/66b8643d_mlbam.jpg
schanno01,Nolan Schanuel,Los Angeles Angels,First Baseman,Left,Right,74,220,2002-02-14,"Boca Raton, FL us",2023-08-18,18,https://www.baseball-reference.com/req/2025011210/images/headshots/6/6b5d784d_mlbam.jpg
schmica01,Casey Schmitt,San Francisco Giants,"Second Baseman, Third Baseman  Shortstop",Right,Right,72,215,1999-03-01,"San Diego, CA us",2023-05-09,6-10,https://www.baseball-reference.com/req/2025011210/images/headshots/b/b33cc1ab_mlbam.jpg
schneda03,Davis Schneider,Toronto Blue Jays,Leftfielder  Second Baseman,Right,Right,68,190,1999-01-26,"Berlin, NJ us",2023-08-04,36,https://www.baseball-reference.com/req/2025011210/images/headshots/0/00c76880_mlbam.jpg
schneda04,Daniel Schneemann,Cleveland Guardians,"Outfielder, Second Baseman  Third Baseman",Left,Right,72,185,1997-01-23,"San Diego, CA us",2024-06-02,10,https://www.baseball-reference.com/req/2025011210/images/headshots/f/fb47711b_mlbam.jpg
schuema01,Max Schuemann,New York Yankees,"Shortstop, Outfielder  Third Baseman",Right,Right,72,198,1997-06-11,"Kalamazoo, MI us",2024-04-12,12-30,https://www.baseball-reference.com/req/2025011210/images/headshots/7/7caae4be_mlbam.jpg
schwaky01,Kyle Schwarber,Philadelphia Phillies,Leftfielder  Designated Hitter,Left,Right,71,229,1993-03-05,"Middletown, OH us",2015-06-16,12-12-18-12,https://www.baseball-reference.com/req/2025011210/images/headshots/2/2a82d8dc_mlbam.jpg
scottvi01,Victor Scott II,St. Louis Cardinals,Centerfielder,Left,Left,70,190,2001-02-12,"Atlanta, GA us",2024-03-28,11,https://www.baseball-reference.com/req/2025011210/images/headshots/e/ef03d04c_mlbam.jpg
seageco01,Corey Seager,Texas Rangers,Shortstop,Left,Right,76,215,1994-04-27,"Charlotte, NC us",2015-09-03,5-5,https://www.baseball-reference.com/req/2025011210/images/headshots/7/73dd747b_mlbam.jpg
seiglan01,Anthony Seigler,Boston Red Sox,Second Baseman  Third Baseman,Both,Right,69,192,1999-06-20,"Fort Defiance, AZ us",2025-07-02,18-48,https://www.baseball-reference.com/req/2025011210/images/headshots/d/d3e2f8e7_mlbam.jpg
semiema01,Marcus Semien,New York Mets,Second Baseman  Shortstop,Right,Right,72,195,1990-09-17,"San Francisco, CA us",2013-09-04,5-10-10-2-10,https://www.baseball-reference.com/req/2025011210/images/headshots/b/b4fe5909_mlbam.jpg
sengeha01,Hayden Senger,New York Mets,Catcher,Right,Right,73,210,1997-04-03,"Hamilton, OH us",2025-03-27,30-6,https://www.baseball-reference.com/req/2025011210/images/headshots/a/aeef80b5_mlbam.jpg
sernaja01,Jared Serna,Miami Marlins,Second Baseman,Right,Right,67,174,2002-06-01,"Guaymas, Mexico mx",2026-09-01,68,https://www.baseball-reference.com/req/2025011210/images/headshots/e/e65e6baf_mlbam.jpg
servebr01,Brian Serven,Athletics,Catcher,Right,Right,72,207,1995-05-05,"Palm Desert, CA us",2022-05-18,6-15-10,https://www.baseball-reference.com/req/2025011210/images/headshots/e/e1a70543_mlbam.jpg
shawma01,Matt Shaw,Chicago Cubs,"Third Baseman, Rightfielder  Second Baseman",Right,Right,70,185,2001-11-06,"Springfield, MA us",2025-03-18,6,https://www.baseball-reference.com/req/2025011210/images/headshots/d/df27ecca_mlbam.jpg
sheetga01,Gavin Sheets,San Diego Padres,"Outfielder, Designated Hitter  First Baseman",Left,Left,75,235,1996-04-23,"Lutherville, MD us",2021-06-29,32-30,https://www.baseball-reference.com/req/2025011210/images/headshots/2/29a03f08_mlbam.jpg
shewmbr01,Braden Shewmake,Houston Astros,"Shortstop, Third Baseman  Second Baseman",Left,Right,75,200,1997-11-19,"Wylie, TX us",2023-05-05,24-17-28-13,https://www.baseball-reference.com/req/2025011210/images/headshots/8/846922fa_mlbam.jpg
shortza01,Zack Short,New York Mets,"Shortstop, Second Baseman  Third Baseman",Right,Right,70,180,1995-05-29,"Kingston, NY us",2021-04-21,59-21-18-59-38-15-40,https://www.baseball-reference.com/req/2025011210/images/headshots/b/b8f99220_mlbam.jpg
sianimi01,Michael Siani,Detroit Tigers,Centerfielder,Left,Left,71,195,1999-07-16,"Glenside, PA us",2022-09-22,67-38-63-22-83,https://www.baseball-reference.com/req/2025011210/images/headshots/2/28afea79_mlbam.jpg
simonro01,Ronny Simón,Pittsburgh Pirates,Outfielder  Second Baseman,Both,Right,68,196,2000-04-17,"La Romana, Dominican Republic do",2025-04-21,41-63,https://www.baseball-reference.com/req/2025011210/images/headshots/a/a88c44ba_mlbam.jpg
simpsch01,Chandler Simpson,Tampa Bay Rays,Leftfielder,Left,Right,71,170,2000-11-18,"Atlanta, GA us",2025-04-19,14,https://www.baseball-reference.com/req/2025011210/images/headshots/4/4b5fa8a7_mlbam.jpg
sirijo01,Jose Siri,Los Angeles Angels,Centerfielder,Right,Right,74,210,1995-07-22,"Sabana Grande de Boya, Dominican Republic do",2021-09-03,26-22-19-28,https://www.baseball-reference.com/req/2025011210/images/headshots/2/23707edc_mlbam.jpg
slateau01,Austin Slater,Tampa Bay Rays,"Outfielder, Pinch Hitter  First Baseman",Right,Right,73,205,1992-12-13,"Jacksonville, FL us",2017-06-02,53-13-48-15-15-29-15-40-20,https://www.baseball-reference.com/req/2025011210/images/headshots/c/ce1ba399_mlbam.jpg
smithca07,Cam Smith,Houston Astros,Rightfielder,Right,Right,75,224,2003-02-22,"Lake Worth, FL us",2025-03-27,11,https://www.baseball-reference.com/req/2025011210/images/headshots/8/8b19aa20_mlbam.jpg
smithdo02,Dominic Smith,Atlanta Braves,First Baseman  Leftfielder,Left,Left,71,224,1995-06-15,"Los Angeles, CA us",2017-08-11,22-2-22-2-0-7-8,https://www.baseball-reference.com/req/2025011210/images/headshots/5/560dbcd9_mlbam.jpg
smithjo11,Josh Smith,Toronto Blue Jays,"Third Baseman, Shortstop  Leftfielder",Left,Right,69,172,1997-08-07,"Baton Rouge, LA us",2022-05-30,47-8-9,https://www.baseball-reference.com/req/2025011210/images/headshots/5/53c21320_mlbam.jpg
smithpa04,Pavin Smith,Arizona Diamondbacks,Outfielder  First Baseman,Left,Left,74,208,1996-02-06,"Jupiter, FL us",2020-09-12,26-26,https://www.baseball-reference.com/req/2025011210/images/headshots/6/6f6c11d6_mlbam.jpg
smithwi05,Will Smith,Los Angeles Dodgers,Catcher,Right,Right,70,195,1995-03-28,"Louisville, KY us",2019-05-28,16,https://www.baseball-reference.com/req/2025011210/images/headshots/e/e1075892_mlbam.jpg
soderty01,Tyler Soderstrom,Athletics,"Leftfielder, First Baseman  Catcher",Left,Right,74,200,2001-11-24,"Turlock, CA us",2023-07-14,37-21,https://www.baseball-reference.com/req/2025011210/images/headshots/2/204bb1da_mlbam.jpg
sogarni01,Nick Sogard,Boston Red Sox,"Second Baseman, First Baseman  Third Baseman",Both,Right,73,189,1997-09-09,"Los Angeles, CA us",2024-08-02,75-20,https://www.baseball-reference.com/req/2025011210/images/headshots/3/323c9b37_mlbam.jpg
solakni01,Nick Solak,San Diego Padres,"Second Baseman, Leftfielder  Third Baseman",Right,Right,69,185,1995-01-11,"Woodridge, IL us",2019-08-20,15-15-46-46-15,https://www.baseball-reference.com/req/2025011210/images/headshots/2/2ff552c3_mlbam.jpg
solerjo01,Jorge Soler,,Rightfielder  Designated Hitter,Right,Right,75,235,1992-02-25,"La Habana, Cuba cu",2014-08-27,68-12-12-12-2-2-12,https://www.baseball-reference.com/req/2025011210/images/headshots/1/16ed1b92_mlbam.jpg
songsu01,Sung-Mun Song,San Diego Padres,"Second Baseman, Shortstop  Third Baseman",Left,Right,72,194,1996-08-29,"Seoul, South Korea kr",2026-04-26,24,https://www.baseball-reference.com/req/2025011210/images/headshots/1/1bcfaf3f_mlbam.jpg
sosaed01,Edmundo Sosa,Philadelphia Phillies,"Shortstop, Third Baseman  Second Baseman",Right,Right,71,210,1996-03-06,"Panama, Panama pa",2018-09-23,63-33,https://www.baseball-reference.com/req/2025011210/images/headshots/8/88d33450_mlbam.jpg
sosale01,Lenyn Sosa,,"Second Baseman, Third Baseman  First Baseman",Right,Right,71,210,2000-01-25,"Puerto Ordaz, Venezuela ve",2022-06-23,50-50,https://www.baseball-reference.com/req/2025011210/images/headshots/d/d31643e4_mlbam.jpg
sotoju01,Juan Soto,New York Mets,Outfielder,Left,Left,73,224,1998-10-25,"Santo Domingo, Dominican Republic do",2018-05-20,22-22-22-22,https://www.baseball-reference.com/req/2025011210/images/headshots/e/e36a85e0_mlbam.jpg
spenclu01,Lucas Spence,Houston Astros,Centerfielder,Left,Left,72,195,2003-01-27,"Chicago Heights, IL us",2026-07-17,28,https://www.baseball-reference.com/req/2025011210/images/headshots/f/f0daf8b1_mlbam.jpg
springe01,George Springer,Toronto Blue Jays,Rightfielder,Right,Right,73,220,1989-09-19,"New Britain, CT us",2014-04-16,4-4,https://www.baseball-reference.com/req/2025011210/images/headshots/b/b7551d80_mlbam.jpg
stantmi03,Giancarlo Stanton,New York Yankees,Rightfielder  Designated Hitter,Right,Right,77,245,1989-11-08,"Panorama City, CA us",2010-06-08,27-27-27,https://www.baseball-reference.com/req/2025011210/images/headshots/8/87f6986b_mlbam.jpg
steersp01,Spencer Steer,Cincinnati Reds,"First Baseman, Leftfielder  Third Baseman",Right,Right,69,185,1997-12-07,"Long Beach, CA us",2022-09-02,12-7,https://www.baseball-reference.com/req/2025011210/images/headshots/0/0cc83788_mlbam.jpg
stefami01,Michael Stefanic,Athletics,Second Baseman  Third Baseman,Right,Right,69,180,1996-02-24,"Boise, ID us",2022-07-03,38-16-17,https://www.baseball-reference.com/req/2025011210/images/headshots/c/c993299b_mlbam.jpg
stephty01,Tyler Stephenson,Cincinnati Reds,Catcher  First Baseman,Right,Right,75,225,1996-08-16,"Atlanta, GA us",2020-07-27,37,https://www.baseball-reference.com/req/2025011210/images/headshots/6/6bf7b25c_mlbam.jpg
stevech02,Chad Stevens,Colorado Rockies,"Second Baseman, Third Baseman  Shortstop",Right,Right,75,218,1999-02-03,"Walnut Creek, CA us",2025-07-03,21-39,https://www.baseball-reference.com/req/2025011210/images/headshots/d/da7fc159_mlbam.jpg
stewasa02,Sal Stewart,Cincinnati Reds,"First Baseman, Third Baseman  Second Baseman",Right,Right,73,224,2003-12-07,"Miami, FL us",2025-09-01,43-27,https://www.baseball-reference.com/req/2025011210/images/headshots/f/ff1febac_mlbam.jpg
storytr01,Trevor Story,Boston Red Sox,Shortstop  Second Baseman,Right,Right,73,209,1992-11-15,"Irving, TX us",2016-04-04,27-27-10,https://www.baseball-reference.com/req/2025011210/images/headshots/c/c8553f96_mlbam.jpg
stottbr01,Bryson Stott,Philadelphia Phillies,"Second Baseman, Shortstop  Third Baseman",Left,Right,72,200,1997-10-06,"Las Vegas, NV us",2022-04-08,5,https://www.baseball-reference.com/req/2025011210/images/headshots/c/c40a6e81_mlbam.jpg
stoweky01,Kyle Stowers,Miami Marlins,Outfielder  First Baseman,Left,Left,74,215,1998-01-02,"El Cajon, CA us",2022-06-13,83-28-28,https://www.baseball-reference.com/req/2025011210/images/headshots/f/fbbbe030_mlbam.jpg
strawmy01,Myles Straw,Toronto Blue Jays,Centerfielder,Right,Right,69,178,1994-10-17,"Garden Grove, CA us",2018-09-15,26-3-7-3,https://www.baseball-reference.com/req/2025011210/images/headshots/6/69f1457a_mlbam.jpg
stubbga01,Garrett Stubbs,Philadelphia Phillies,"Catcher, Leftfielder  Pitcher",Left,Right,69,170,1993-05-26,"San Diego, CA us",2019-05-28,11-21,https://www.baseball-reference.com/req/2025011210/images/headshots/8/818131ee_mlbam.jpg
suareeu01,Eugenio Suárez,Cincinnati Reds,Third Baseman  Shortstop,Right,Right,71,213,1991-07-18,"Puerto Ordaz, Venezuela ve",2014-06-04,30-7-28-28-28,https://www.baseball-reference.com/req/2025011210/images/headshots/c/c0a1a243_mlbam.jpg
sullibr01,Brett Sullivan,Colorado Rockies,"Catcher, Pitcher  First Baseman",Left,Right,71,190,1994-02-22,"Stockton, CA us",2023-04-18,29-59-26,https://www.baseball-reference.com/req/2025011210/images/headshots/0/09f41407_mlbam.jpg
susacda01,Daniel Susac,San Francisco Giants,Catcher,Right,Right,77,210,2001-05-14,"Roseville, CA us",2026-04-01,6,https://www.baseball-reference.com/req/2025011210/images/headshots/9/984e8acf_mlbam.jpg
suzukse01,Seiya Suzuki,Chicago Cubs,Rightfielder  Designated Hitter,Right,Right,71,182,1994-08-18,"Arakawa, Japan jp",2022-04-07,27,https://www.baseball-reference.com/req/2025011210/images/headshots/5/5e65a6ae_mlbam.jpg
swansda01,Dansby Swanson,Chicago Cubs,Shortstop,Right,Right,72,190,1994-02-11,"Kennesaw, GA us",2016-08-17,2-7-7-7,https://www.baseball-reference.com/req/2025011210/images/headshots/c/c3fbd283_mlbam.jpg
tatisfe02,Fernando Tatis Jr.,San Diego Padres,"Rightfielder, Shortstop  Second Baseman",Right,Right,75,217,1999-01-02,"San Pedro de Macoris, Dominican Republic do",2019-03-28,23-23,https://www.baseball-reference.com/req/2025011210/images/headshots/3/38faa7ea_mlbam.jpg
taverle01,Leody Taveras,Baltimore Orioles,Centerfielder,Both,Right,74,210,1998-09-08,"Tenares, Dominican Republic do",2020-07-24,65-3-4-30,https://www.baseball-reference.com/req/2025011210/images/headshots/c/cc538e0d_mlbam.jpg
tawati01,Tim Tawa,Arizona Diamondbacks,"Outfielder, First Baseman  Second Baseman",Right,Right,71,205,1999-04-07,"West Linn, OR us",2025-04-05,13,https://www.baseball-reference.com/req/2025011210/images/headshots/9/97a7462f_mlbam.jpg
taylosa04,Samad Taylor,San Diego Padres,Leftfielder  Second Baseman,Right,Right,68,160,1998-07-11,"Corona, CA us",2023-06-17,0-12-0-0,https://www.baseball-reference.com/req/2025011210/images/headshots/a/a70674bb_mlbam.jpg
tayloty01,Tyrone Taylor,Chicago Cubs,Outfielder,Right,Right,72,218,1994-01-22,"Torrance, CA us",2019-09-07,12-15-15-28-55,https://www.baseball-reference.com/req/2025011210/images/headshots/9/9ed1043f_mlbam.jpg
teelky01,Kyle Teel,Chicago White Sox,Catcher,Left,Right,71,210,2002-02-15,"Ridgewood, NJ us",2025-06-06,8,https://www.baseball-reference.com/req/2025011210/images/headshots/5/5cc7dfe3_mlbam.jpg
tellero01,Rowdy Tellez,Atlanta Braves,First Baseman,Left,Left,75,273,1995-03-16,"Sacramento, CA us",2018-09-05,68-44-11-44-23-44-11,https://www.baseball-reference.com/req/2025011210/images/headshots/e/e57a4c36_mlbam.jpg
tenajo01,José Tena,Washington Nationals,"Third Baseman, Designated Hitter  Second Baseman",Left,Right,70,195,2001-03-20,"San Cristobal, Dominican Republic do",2023-08-05,8-8,https://www.baseball-reference.com/req/2025011210/images/headshots/e/ebf947e8_mlbam.jpg
teodobr01,Bryce Teodosio,Los Angeles Angels,Centerfielder,Right,Left,74,220,1999-06-18,"Greenville, SC us",2024-09-07,22,https://www.baseball-reference.com/req/2025011210/images/headshots/6/64445c21_mlbam.jpg
thomaal01,Alek Thomas,Los Angeles Dodgers,Centerfielder,Left,Left,69,175,2000-04-28,"Chicago, IL us",2022-05-08,5-5-9,https://www.baseball-reference.com/req/2025011210/images/headshots/6/68405d9b_mlbam.jpg
thomaco03,Colby Thomas,Philadelphia Phillies,Outfielder  Pinch Hitter,Right,Right,70,190,2001-01-26,"Valdosta, GA us",2025-06-30,32,https://www.baseball-reference.com/req/2025011210/images/headshots/d/d990ad65_mlbam.jpg
thomala02,Lane Thomas,Atlanta Braves,Outfielder,Right,Right,71,195,1995-08-23,"Knoxville, TN us",2019-04-17,35-28-8-15-20,https://www.baseball-reference.com/req/2025011210/images/headshots/b/baa0b47a_mlbam.jpg
thompst01,Sterlin Thompson,Colorado Rockies,Outfielder  Designated Hitter,Left,Right,75,209,2001-06-26,"Longmont, CO us",2026-05-15,30,https://www.baseball-reference.com/req/2025011210/images/headshots/6/640a51b7_mlbam.jpg
toglimi01,Michael Toglia,Cincinnati Reds,First Baseman  Rightfielder,Both,Left,77,226,1998-08-16,"Phoenix, AZ us",2022-08-30,29-4-48,https://www.baseball-reference.com/req/2025011210/images/headshots/5/59255f80_mlbam.jpg
tolbety01,Tyler Tolbert,Kansas City Royals,"Outfielder, Pinch Runner  Shortstop",Right,Right,70,185,1998-01-27,"Birmingham, AL us",2025-03-31,2,https://www.baseball-reference.com/req/2025011210/images/headshots/3/3ab118a1_mlbam.jpg
torkesp01,Spencer Torkelson,Detroit Tigers,First Baseman,Right,Right,73,220,1999-08-26,"Petaluma, CA us",2022-04-08,20,https://www.baseball-reference.com/req/2025011210/images/headshots/e/e8b202f2_mlbam.jpg
torrebr01,Bryan Torres,St. Louis Cardinals,"Leftfielder, Second Baseman  Third Baseman",Left,Right,67,165,1997-07-02,"Caguas, Puerto Rico pr",2026-05-23,39,https://www.baseball-reference.com/req/2025011210/images/headshots/c/c75188d6_mlbam.jpg
torregl01,Gleyber Torres,Detroit Tigers,Second Baseman  Shortstop,Right,Right,70,205,1996-12-13,"Caracas, Venezuela ve",2018-04-22,25-25,https://www.baseball-reference.com/req/2025011210/images/headshots/4/46e27a6f_mlbam.jpg
torrelu01,Luis Torrens,New York Mets,Catcher,Right,Right,71,217,1996-05-02,"Valencia, Venezuela ve",2017-04-03,21-21-22-22-13,https://www.baseball-reference.com/req/2025011210/images/headshots/1/15fd9d1c_mlbam.jpg
tovarez01,Ezequiel Tovar,Colorado Rockies,Shortstop,Right,Right,72,192,2001-08-01,"Maracay, Venezuela ve",2022-09-23,14,https://www.baseball-reference.com/req/2025011210/images/headshots/4/4c61ea0d_mlbam.jpg
trammta01,Taylor Trammell,Houston Astros,Outfielder,Left,Left,73,220,1997-09-13,"Powder Springs, GA us",2021-04-01,20-5-6-33-26,https://www.baseball-reference.com/req/2025011210/images/headshots/d/d8fe3e94_mlbam.jpg
trevijo01,Jose Trevino,Cincinnati Reds,Catcher,Right,Right,69,215,1992-11-28,"Corpus Christi, TX us",2018-06-15,71-56-23-39-35,https://www.baseball-reference.com/req/2025011210/images/headshots/f/fbab510b_mlbam.jpg
trianja01,James Triantos,Chicago Cubs,Second Baseman  Pinch Hitter,Right,Right,71,195,2003-01-29,"Fairfax, VA us",2026-07-25,5,https://www.baseball-reference.com/req/2025011210/images/headshots/e/ebff3b74_mlbam.jpg
triolja01,Jared Triolo,Pittsburgh Pirates,"Third Baseman, Shortstop  Second Baseman",Right,Right,75,212,1998-02-08,"Nashua, NH us",2023-06-28,19,https://www.baseball-reference.com/req/2025011210/images/headshots/8/85034516_mlbam.jpg
trompch01,Chadwick Tromp,Los Angeles Dodgers,Catcher,Right,Right,68,221,1995-03-21,"Oranjestad, Aruba aw",2020-07-29,14-60-48-45-41-39,https://www.baseball-reference.com/req/2025011210/images/headshots/8/88874cc0_mlbam.jpg
troutmi01,Mike Trout,Los Angeles Angels,Centerfielder,Right,Right,73,235,1991-08-07,"Vineland, NJ us",2011-07-08,27,https://www.baseball-reference.com/req/2025011210/images/headshots/f/f322d40f_mlbam.jpg
troyto01,Tommy Troy,Arizona Diamondbacks,Leftfielder,Right,Right,69,197,2002-01-17,"San Jose, CA us",2026-05-24,9,https://www.baseball-reference.com/req/2025011210/images/headshots/6/6c8fd99d_mlbam.jpg
tuckeky01,Kyle Tucker,Los Angeles Dodgers,Rightfielder,Left,Right,75,212,1997-01-17,"Tampa, FL us",2018-07-07,3-30-30-23,https://www.baseball-reference.com/req/2025011210/images/headshots/d/daeb0856_mlbam.jpg
turanbr02,Brice Turang,Milwaukee Brewers,Second Baseman  Shortstop,Left,Right,72,190,1999-11-21,"Corona, CA us",2023-03-30,0-2,https://www.baseball-reference.com/req/2025011210/images/headshots/8/822e8fd1_mlbam.jpg
turnetr01,Trea Turner,Philadelphia Phillies,Shortstop  Second Baseman,Right,Right,73,185,1993-06-30,"Boynton Beach, FL us",2015-08-21,7-6-7,https://www.baseball-reference.com/req/2025011210/images/headshots/7/7ba8f9ac_mlbam.jpg
uriaslu01,Luis Urías,Toronto Blue Jays,"Second Baseman, Third Baseman  Shortstop",Right,Right,69,202,1997-06-03,"Magdalena de Kino, Mexico mx",2018-08-28,9-2-17-16-23-17-48,https://www.baseball-reference.com/req/2025011210/images/headshots/9/9d0be9c2_mlbam.jpg
uriasra01,Ramón Urías,,"Third Baseman, Second Baseman  Shortstop",Right,Right,69,185,1994-06-03,"Magdalena de Kino, Mexico mx",2020-08-20,87-29-29-29,https://www.baseball-reference.com/req/2025011210/images/headshots/e/e9043c92_mlbam.jpg
valdees01,Esmerlyn Valdéz,Pittsburgh Pirates,Rightfielder,Right,Right,74,234,2004-01-27,"San Juan de la Maguana, Dominican Republic do",2026-05-22,55,https://www.baseball-reference.com/req/2025011210/images/headshots/7/770dfa1d_mlbam.jpg
valenbr01,Brandon Valenzuela,Toronto Blue Jays,Catcher  First Baseman,Both,Right,72,225,2000-10-02,"Hermosillo, Mexico mx",2026-04-05,59,https://www.baseball-reference.com/req/2025011210/images/headshots/7/7879b553_mlbam.jpg
valened01,Eduardo Valencia,Detroit Tigers,"Catcher, Designated Hitter  Pinch Hitter",Right,Right,73,180,2000-01-25,"Valencia, Venezuela ve",2026-07-09,32,https://www.baseball-reference.com/req/2025011210/images/headshots/d/d6642c81_mlbam.jpg
valerge01,George Valera,Cleveland Guardians,"Outfielder, Designated Hitter  Pinch Hitter",Left,Left,70,195,2000-11-13,"Queens, NY us",2025-09-01,35-7,https://www.baseball-reference.com/req/2025011210/images/headshots/0/08740d77_mlbam.jpg
vargail01,Ildemaro Vargas,Arizona Diamondbacks,"Second Baseman, Third Baseman  First Baseman",Both,Right,71,202,1991-07-16,"Caripito, Venezuela ve",2017-06-29,15-15-4-16-45-8-4-14-6,https://www.baseball-reference.com/req/2025011210/images/headshots/4/41844a3f_mlbam.jpg
vargami01,Miguel Vargas,Chicago White Sox,"Third Baseman, First Baseman  Second Baseman",Right,Right,74,225,1999-11-17,"La Habana, Cuba cu",2022-08-03,71-17-27-20,https://www.baseball-reference.com/req/2025011210/images/headshots/9/90083a6f_mlbam.jpg
varshda01,Daulton Varsho,Houston Astros,Outfielder  Catcher,Left,Right,68,207,1996-07-02,"Marshfield, WI us",2020-07-30,12-25-5-18,https://www.baseball-reference.com/req/2025011210/images/headshots/7/74fc43a2_mlbam.jpg
vasqura02,Randy Vásquez,San Diego Padres,Pitcher,Right,Right,72,165,1998-11-03,"Navarette, Dominican Republic do",2023-05-26,98-98,https://www.baseball-reference.com/req/2025011210/images/headshots/2/21fb5c2d_mlbam.jpg
vaughan01,Andrew Vaughn,Milwaukee Brewers,First Baseman  Leftfielder,Right,Right,70,215,1998-04-03,"Santa Rosa, CA us",2021-04-02,25-28,https://www.baseball-reference.com/req/2025011210/images/headshots/b/bbe99c3e_mlbam.jpg
vazquch01,Christian Vázquez,Houston Astros,Catcher,Right,Right,68,205,1990-08-21,"Bayamon, Puerto Rico pr",2014-07-09,55-7-9-8-2,https://www.baseball-reference.com/req/2025011210/images/headshots/8/83e3e806_mlbam.jpg
veenza01,Zac Veen,Colorado Rockies,Outfielder,Left,Right,75,243,2001-12-12,"Port Orange, FL us",2025-04-08,13,https://www.baseball-reference.com/req/2025011210/images/headshots/1/1edbc36e_mlbam.jpg
velazan01,Andrew Velazquez,,"Shortstop, Second Baseman  Outfielder",Both,Right,68,170,1994-07-14,"Bronx, NY us",2018-09-02,11-17-13-71-4-45,https://www.baseball-reference.com/req/2025011210/images/headshots/2/2005572c_mlbam.jpg
velazne01,Nelson Velázquez,Houston Astros,Outfielder  Designated Hitter,Right,Right,71,190,1998-12-26,"Carolina, Puerto Rico pr",2022-05-30,4-17-38-30,https://www.baseball-reference.com/req/2025011210/images/headshots/a/a149a141_mlbam.jpg
vientma01,Mark Vientos,New York Mets,"Third Baseman, Designated Hitter  First Baseman",Right,Right,75,185,1999-12-11,"Norwalk, CT us",2022-09-11,27,https://www.baseball-reference.com/req/2025011210/images/headshots/1/1884994e_mlbam.jpg
vierlma01,Matt Vierling,Detroit Tigers,Outfielder  Third Baseman,Right,Right,73,205,1996-09-16,St,2021-06-19,44-19-8,https://www.baseball-reference.com/req/2025011210/images/headshots/f/fa203bae_mlbam.jpg
viladry01,Ryan Vilade,Tampa Bay Rays,"Outfielder, Pinch Hitter  First Baseman",Right,Right,73,226,1999-02-18,"Grapevine, TX us",2021-09-18,31-50-13-46-26,https://www.baseball-reference.com/req/2025011210/images/headshots/2/2fa40a59_mlbam.jpg
vivasjo01,Jorbit Vivas,Washington Nationals,Second Baseman  Third Baseman,Left,Right,69,171,2001-03-09,"Puerto Cabello, Venezuela ve",2025-05-02,90-84,https://www.baseball-reference.com/req/2025011210/images/headshots/9/92309817_mlbam.jpg
volpean01,Anthony Volpe,New York Yankees,Shortstop,Right,Right,70,197,2001-04-28,"New York, NY us",2023-03-30,11,https://www.baseball-reference.com/req/2025011210/images/headshots/2/2e4c164f_mlbam.jpg
wadela01,LaMonte Wade Jr.,Houston Astros,First Baseman  Outfielder,Left,Left,71,215,1994-01-01,"Baltimore, MD us",2019-06-28,30-31-35-31,https://www.baseball-reference.com/req/2025011210/images/headshots/e/e240f102_mlbam.jpg
wagamer01,Eric Wagaman,New York Mets,"First Baseman, Leftfielder  Third Baseman",Right,Right,76,210,1997-08-14,"Mission Viejo, CA us",2024-09-10,34-33-39,https://www.baseball-reference.com/req/2025011210/images/headshots/1/1264fd99_mlbam.jpg
wagnewi01,Will Wagner,San Diego Padres,"Second Baseman, Third Baseman  Pinch Hitter",Left,Right,72,210,1998-07-29,"Houston, TX us",2024-08-12,7-24-7,https://www.baseball-reference.com/req/2025011210/images/headshots/f/f5ba879e_mlbam.jpg
waldsry01,Ryan Waldschmidt,Arizona Diamondbacks,Centerfielder,Right,Right,72,205,2002-10-07,"Sarasota, FL us",2026-05-08,15,https://www.baseball-reference.com/req/2025011210/images/headshots/6/639db00c_mlbam.jpg
walkech02,Christian Walker,Houston Astros,First Baseman,Right,Right,71,208,1991-03-28,"Norristown, PA us",2014-09-17,18-34-53-53-53-8,https://www.baseball-reference.com/req/2025011210/images/headshots/7/7d9cbe12_mlbam.jpg
walkejo02,Jordan Walker,St. Louis Cardinals,Rightfielder,Right,Right,78,250,2002-05-22,"Stone Mountain, GA us",2023-03-30,18,https://www.baseball-reference.com/req/2025011210/images/headshots/9/99a4bac3_mlbam.jpg
wallnma01,Matt Wallner,Minnesota Twins,Rightfielder,Left,Right,76,220,1997-12-12,"Forest Lake, MN us",2022-09-17,38,https://www.baseball-reference.com/req/2025011210/images/headshots/4/4835e745_mlbam.jpg
wallsta01,Taylor Walls,Tampa Bay Rays,"Shortstop, Second Baseman  Third Baseman",Both,Right,69,185,1996-07-10,"Cordele, GA us",2021-05-22,6-0,https://www.baseball-reference.com/req/2025011210/images/headshots/2/23c6f1dc_mlbam.jpg
waltodo01,Donovan Walton,Athletics,"Second Baseman, Shortstop  Third Baseman",Left,Right,69,190,1994-05-25,"Dallas, TX us",2019-09-10,31-8-37-18-18-35-29,https://www.baseball-reference.com/req/2025011210/images/headshots/a/a028ceae_mlbam.jpg
wardry01,Ryan Ward,,Leftfielder  First Baseman,Left,Right,70,200,1998-02-23,"Worcester, MA us",2026-04-19,67,https://www.baseball-reference.com/req/2025011210/images/headshots/e/ea684764_mlbam.jpg
wardta01,Taylor Ward,Seattle Mariners,Leftfielder  Third Baseman,Right,Right,72,205,1993-12-14,"Dayton, OH us",2018-08-14,3-3-27,https://www.baseball-reference.com/req/2025011210/images/headshots/e/e5c89504_mlbam.jpg
watsoka01,Kahlil Watson,Cleveland Guardians,Rightfielder,Left,Right,69,178,2003-04-16,"Chase City, VA us",2026-06-18,31,https://www.baseball-reference.com/req/2025011210/images/headshots/c/c7717f09_mlbam.jpg
wellsau01,Austin Wells,New York Yankees,Catcher,Left,Right,73,220,1999-07-12,"Scottsdale, AZ us",2023-09-01,88-28,https://www.baseball-reference.com/req/2025011210/images/headshots/d/d46bbc83_mlbam.jpg
wendzda01,Davis Wendzel,,"Third Baseman, First Baseman  Second Baseman",Right,Right,71,210,1997-05-23,"Irvine, CA us",2024-04-09,38-53,https://www.baseball-reference.com/req/2025011210/images/headshots/e/ea788b7d_mlbam.jpg
wethejj01,JJ Wetherholt,St. Louis Cardinals,Second Baseman  Shortstop,Left,Right,69,190,2002-09-10,"Baltimore, MD us",2026-03-26,26,https://www.baseball-reference.com/req/2025011210/images/headshots/6/609747a3_mlbam.jpg
whitcsh01,Shay Whitcomb,San Francisco Giants,"Third Baseman, Second Baseman  First Baseman",Right,Right,72,202,1998-09-28,"Thousand Oaks, CA us",2024-08-17,10-14-13,https://www.baseball-reference.com/req/2025011210/images/headshots/2/2698536e_mlbam.jpg
whiteel04,Eli White,Boston Red Sox,Outfielder,Right,Right,74,195,1994-06-26,"Greenville, SC us",2020-09-01,76-41-38-36-38,https://www.baseball-reference.com/req/2025011210/images/headshots/3/3d5a66d4_mlbam.jpg
whiteto01,Tommy White,Athletics,First Baseman  Third Baseman,Right,Right,72,220,2003-03-02,St,2026-07-17,47,https://www.baseball-reference.com/req/2025011210/images/headshots/e/e0308bb1_mlbam.jpg
wiemejo01,Joey Wiemer,Chicago White Sox,Outfielder,Right,Right,76,226,1999-02-11,"Sylvania, OH us",2023-04-01,28-48-41-21,https://www.baseball-reference.com/req/2025011210/images/headshots/d/dfae304e_mlbam.jpg
willial04,Alika Williams,Athletics,Shortstop  Second Baseman,Right,Right,73,183,1999-03-12,"San Diego, CA us",2023-07-25,75-25-12,https://www.baseball-reference.com/req/2025011210/images/headshots/4/4147996f_mlbam.jpg
willibe03,Ben Williamson,Tampa Bay Rays,"Third Baseman, Second Baseman  Shortstop",Right,Right,72,210,2000-11-05,"Fairfax, VA us",2025-04-15,9-15,https://www.baseball-reference.com/req/2025011210/images/headshots/7/7246a254_mlbam.jpg
willica02,Carson Williams,Tampa Bay Rays,Shortstop  Second Baseman,Right,Right,73,180,2003-06-25,"San Diego, CA us",2025-08-22,77-7,https://www.baseball-reference.com/req/2025011210/images/headshots/a/ab88c8ed_mlbam.jpg
willilu01,Luke Williams,Atlanta Braves,"Pinch Runner, Outfielder  Third Baseman",Right,Right,73,186,1996-08-09,"Park Ridge, IL us",2021-06-08,30-45-46-37-67-65-37,https://www.baseball-reference.com/req/2025011210/images/headshots/5/51b99378_mlbam.jpg
wilsoja05,Jacob Wilson,Athletics,Shortstop,Right,Right,74,190,2002-03-30,"Los Angeles, CA us",2024-07-19,5,https://www.baseball-reference.com/req/2025011210/images/headshots/b/bb593c8b_mlbam.jpg
wilsowe01,Weston Wilson,Seattle Mariners,"Leftfielder, Third Baseman  First Baseman",Right,Right,75,215,1994-09-11,"High Point, NC us",2023-08-09,37-32-31,https://www.baseball-reference.com/req/2025011210/images/headshots/7/7eaa8a6b_mlbam.jpg
wilsowi03,Will Wilson,Seattle Mariners,Third Baseman  Second Baseman,Right,Right,69,184,1998-07-21,"Kings Mountain, NC us",2025-04-23,7-7,https://www.baseball-reference.com/req/2025011210/images/headshots/7/7f43299e_mlbam.jpg
winnma01,Masyn Winn,St. Louis Cardinals,Shortstop,Right,Right,69,185,2002-03-21,"Katy, TX us",2023-08-18,0,https://www.baseball-reference.com/req/2025011210/images/headshots/2/2cea04fb_mlbam.jpg
wisdopa01,Patrick Wisdom,Seattle Mariners,"Third Baseman, First Baseman  Outfielder",Right,Right,74,220,1991-08-27,"Murrieta, CA us",2018-08-12,21-21-59-16-35,https://www.baseball-reference.com/req/2025011210/images/headshots/0/04a4f5bc_mlbam.jpg
wittbo02,Bobby Witt Jr.,Kansas City Royals,Shortstop  Third Baseman,Right,Right,73,200,2000-06-14,"Colleyville, TX us",2022-04-07,7,https://www.baseball-reference.com/req/2025011210/images/headshots/0/042fbc15_mlbam.jpg
wongco01,Connor Wong,Boston Red Sox,Catcher  First Baseman,Right,Right,70,190,1996-05-19,"Houston, TX us",2021-06-22,74-12,https://www.baseball-reference.com/req/2025011210/images/headshots/8/828fca73_mlbam.jpg
woodja03,James Wood,Washington Nationals,Leftfielder,Left,Right,78,234,2002-09-17,"Rockville, MD us",2024-07-01,50-29,https://www.baseball-reference.com/req/2025011210/images/headshots/9/9d9912b0_mlbam.jpg
workmga01,Gage Workman,San Diego Padres,"Third Baseman, Pinch Hitter  Shortstop",Left,Right,76,202,1999-10-24,"Chandler, AZ us",2025-03-29,25-41-99-99,https://www.baseball-reference.com/req/2025011210/images/headshots/d/d72f4331_mlbam.jpg
wynnsau01,Austin Wynns,Chicago Cubs,Catcher,Right,Right,73,190,1990-12-10,"San Diego, CA us",2018-06-05,61-14-29-16-35-38-29-16-38,https://www.baseball-reference.com/req/2025011210/images/headshots/6/66ef148b_mlbam.jpg
yastrmi01,Mike Yastrzemski,Atlanta Braves,Rightfielder,Left,Left,70,180,1990-08-23,"Andover, MA us",2019-05-25,5-18-18,https://www.baseball-reference.com/req/2025011210/images/headshots/4/46240207_mlbam.jpg
yelicch01,Christian Yelich,Milwaukee Brewers,Leftfielder,Left,Right,76,220,1991-12-05,"Thousand Oaks, CA us",2013-07-23,21-22-22,https://www.baseball-reference.com/req/2025011210/images/headshots/7/76d9fda9_mlbam.jpg
yorkeni01,Nick Yorke,Pittsburgh Pirates,"Third Baseman, Second Baseman  Rightfielder",Right,Right,71,220,2002-04-02,"Newport Beach, CA us",2024-09-16,38,https://www.baseball-reference.com/req/2025011210/images/headshots/1/1ee90c73_mlbam.jpg
yoshima02,Masataka Yoshida,Boston Red Sox,Designated Hitter  Leftfielder,Left,Right,68,192,1993-07-15,"Fukui, Japan jp",2023-03-30,7,https://www.baseball-reference.com/req/2025011210/images/headshots/5/5dbce5bf_mlbam.jpg
youngco01,Cole Young,Seattle Mariners,Second Baseman  Shortstop,Left,Right,70,180,2003-07-29,"Pittsburgh, PA us",2025-05-31,2,https://www.baseball-reference.com/req/2025011210/images/headshots/0/0fa3d8c7_mlbam.jpg
youngja02,Jared Young,New York Mets,First Baseman  Leftfielder,Left,Right,74,200,1995-07-09,"Prince George, BC, Canada ca",2022-09-16,74-18-29,https://www.baseball-reference.com/req/2025011210/images/headshots/b/bb16b27a_mlbam.jpg
youngja03,Jacob Young,Washington Nationals,Centerfielder,Right,Right,71,192,1999-07-27,"Ponte Vedra Beach, FL us",2023-08-26,30,https://www.baseball-reference.com/req/2025011210/images/headshots/8/878c025c_mlbam.jpg
